season,week,team,player_id,player_name,position,opponent,zone_score,predicted_tier,actual_tds,hit
2025,2,TB,00-0039361,B.Irving,RB,HOU,67.1,Lock,0.0,False
2025,2,CAR,00-0036555,C.Hubbard,RB,ARI,58.6,Lock,1.0,True
2025,2,PIT,00-0037228,J.Warren,RB,SEA,53.3,Lock,0.0,False
2025,2,SEA,00-0039165,Z.Charbonnet,RB,PIT,49.8,Lock,0.0,False
2025,2,LV,00-0040122,A.Jeanty,RB,LAC,49.3,Lock,0.0,False
2025,2,CIN,00-0038597,C.Brown,RB,JAX,48.0,Lock,0.0,False
2025,2,PHI,00-0034844,S.Barkley,RB,KC,47.8,Lock,1.0,True
2025,2,TEN,00-0035261,T.Pollard,RB,LA,47.6,Lock,0.0,False
2025,2,DAL,00-0036997,J.Williams,RB,NYG,46.3,Lock,1.0,True
2025,2,DEN,00-0036158,J.Dobbins,RB,IND,45.7,Lock,1.0,True
2025,2,SF,00-0033280,C.McCaffrey,RB,NO,45.5,Lock,1.0,True
2025,2,LAC,00-0040666,O.Hampton,RB,LV,44.1,Lock,0.0,False
2025,2,CLE,00-0040162,D.Sampson,RB,BAL,43.8,Lock,1.0,True
2025,2,NE,00-0038621,D.Douglas,WR,MIA,43.3,Lock,0.0,False
2025,2,LA,00-0037840,K.Williams,RB,TEN,42.6,Lock,0.0,False
2025,2,DAL,00-0035243,M.Sanders,RB,NYG,41.1,Lock,1.0,True
2025,2,LV,00-0039066,M.Mayer,TE,LAC,40.6,Lock,0.0,False
2025,2,NYJ,00-0036945,J.Fields,QB,BUF,40.5,Lock,0.0,False
2025,2,NYG,00-0039337,M.Nabers,WR,DAL,40.4,Lock,2.0,True
2025,2,NYJ,00-0039794,B.Allen,RB,BUF,39.3,Lock,0.0,False
2025,2,CHI,00-0039918,C.Williams,QB,DET,38.8,Lock,0.0,False
2025,2,KC,00-0035662,M.Brown,WR,PHI,38.4,Lock,0.0,False
2025,2,IND,00-0036223,J.Taylor,RB,DEN,38.4,Lock,1.0,True
2025,2,JAX,00-0036973,T.Etienne,RB,CIN,37.5,Lock,1.0,True
2025,2,PHI,00-0036389,J.Hurts,QB,KC,37.1,Lock,1.0,True
2025,2,ATL,00-0038542,B.Robinson,RB,MIN,37.0,Lock,0.0,False
2025,2,ARI,00-0033553,J.Conner,RB,CAR,36.3,Lock,1.0,True
2025,2,LAC,00-0038544,Q.Johnston,WR,LV,35.5,Lock,1.0,True
2025,2,TEN,00-0037594,J.Chestnut,RB,LA,35.3,Lock,0.0,False
2025,2,DET,00-0039139,J.Gibbs,RB,CHI,35.1,Lock,1.0,True
2025,2,HOU,00-0037258,D.Pierce,RB,TB,34.0,Lock,0.0,False
2025,2,ARI,00-0039921,T.Benson,RB,CAR,33.7,Lean,0.0,False
2025,2,SEA,00-0038134,K.Walker,RB,PIT,33.5,Lean,1.0,True
2025,2,CHI,00-0035208,O.Zaccheaus,WR,DET,33.4,Lean,0.0,False
2025,2,CHI,00-0039919,R.Odunze,WR,DET,33.3,Lean,2.0,True
2025,2,HOU,00-0039163,C.Stroud,QB,TB,33.3,Lean,0.0,False
2025,2,NYJ,00-0038120,B.Hall,RB,BUF,33.2,Lean,0.0,False
2025,2,BAL,00-0034796,L.Jackson,QB,CLE,33.2,Lean,0.0,False
2025,2,BUF,00-0039901,K.Coleman,WR,NYJ,32.6,Lean,0.0,False
2025,2,NE,00-0032392,A.Hooper,TE,MIA,32.3,Lean,0.0,False
2025,2,GB,00-0035700,J.Jacobs,RB,WAS,32.2,Lean,1.0,True
2025,2,CIN,00-0034829,M.Gesicki,TE,JAX,32.0,Lean,0.0,False
2025,2,CLE,00-0040466,R.Sanders,RB,BAL,31.9,Lean,0.0,False
2025,2,ATL,00-0039917,M.Penix,QB,MIN,31.7,Lean,0.0,False
2025,2,IND,00-0035710,D.Jones,QB,DEN,31.7,Lean,1.0,True
2025,2,MIA,00-0036613,J.Waddle,WR,NE,31.6,Lean,1.0,True
2025,2,CLE,00-0037267,J.Ford,RB,BAL,31.2,Lean,0.0,False
2025,2,MIA,00-0037348,T.Conner,TE,NE,31.0,Lean,0.0,False
2025,2,PIT,00-0037837,C.Austin,WR,SEA,30.9,Lean,0.0,False
2025,2,CLE,00-0040663,H.Fannin,TE,BAL,30.8,Lean,0.0,False
2025,2,NYJ,00-0039798,I.Davis,RB,BUF,30.7,Lean,0.0,False
2025,2,NYJ,00-0037740,G.Wilson,WR,BUF,30.6,Lean,0.0,False
2025,2,MIN,00-0039923,J.McCarthy,QB,ATL,30.3,Lean,0.0,False
2025,2,MIN,00-0037525,J.Mason,RB,ATL,30.2,Lean,0.0,False
2025,2,NYG,00-0029263,R.Wilson,QB,DAL,29.8,Lean,0.0,False
2025,2,HOU,00-0036554,N.Collins,WR,TB,29.7,Lean,1.0,True
2025,2,NYJ,00-0036427,T.Johnson,WR,BUF,29.7,Lean,0.0,False
2025,2,GB,00-0037816,R.Doubs,WR,WAS,29.6,Lean,1.0,True
2025,2,WAS,00-0040242,J.Croskey-Merritt,RB,GB,29.5,Lean,0.0,False
2025,2,NYG,00-0038115,D.Bellinger,TE,DAL,29.3,Lean,0.0,False
2025,2,MIA,00-0038720,J.Hill,TE,NE,29.3,Lean,0.0,False
2025,2,MIN,00-0036322,J.Jefferson,WR,ATL,29.2,Lean,0.0,False
2025,2,WAS,00-0030061,Z.Ertz,TE,GB,28.8,Lean,1.0,True
2025,2,WAS,00-0033699,A.Ekeler,RB,GB,28.6,Lean,0.0,False
2025,2,BAL,00-0039796,R.Ali,RB,CLE,27.9,Lean,0.0,False
2025,2,BUF,00-0034857,J.Allen,QB,NYJ,27.9,Lean,0.0,False
2025,2,PIT,00-0036862,B.Skowronek,WR,SEA,27.6,Lean,0.0,False
2025,2,LAC,00-0034159,W.Dissly,TE,LV,27.5,Lean,0.0,False
2025,2,CLE,00-0038979,C.Tillman,WR,BAL,27.4,Lean,1.0,True
2025,2,BUF,00-0037261,K.Shakir,WR,NYJ,27.1,Lean,0.0,False
2025,2,LAC,00-0034270,T.Conklin,TE,LV,27.1,Lean,0.0,False
2025,2,BUF,00-0036988,J.Palmer,WR,NYJ,26.9,Lean,0.0,False
2025,2,NO,00-0036040,J.Johnson,TE,SF,26.9,Lean,1.0,True
2025,2,DET,00-0035685,D.Montgomery,RB,CHI,26.7,Lean,1.0,True
2025,2,PHI,00-0037741,J.Dotson,WR,KC,26.5,Lean,0.0,False
2025,2,ARI,00-0037744,T.McBride,TE,CAR,26.5,Lean,0.0,False
2025,2,NO,00-0033906,A.Kamara,RB,SF,26.3,Lean,0.0,False
2025,2,CIN,00-0035644,N.Fant,TE,JAX,26.3,Lean,0.0,False
2025,2,LV,00-0038563,T.Tucker,WR,LAC,26.2,Fringe,0.0,False
2025,2,SEA,00-0039793,A.Barner,TE,PIT,26.2,Fringe,1.0,True
2025,2,NO,00-0039424,D.Vele,WR,SF,26.2,Fringe,1.0,True
2025,2,WAS,00-0035719,D.Samuel,WR,GB,26.1,Fringe,1.0,True
2025,2,WAS,00-0033591,N.Brown,WR,GB,26.0,Fringe,0.0,False
2025,2,NE,00-0040734,T.Henderson,RB,MIA,25.9,Fringe,0.0,False
2025,2,SF,00-0039916,R.Pearsall,WR,NO,25.9,Fringe,0.0,False
2025,2,LV,00-0040729,J.Bech,WR,LAC,25.9,Fringe,0.0,False
2025,2,KC,00-0037197,I.Pacheco,RB,PHI,25.9,Fringe,0.0,False
2025,2,IND,00-0033217,M.Alie-Cox,TE,DEN,25.8,Fringe,0.0,False
2025,2,NYG,00-0038117,W.Robinson,WR,DAL,25.7,Fringe,1.0,True
2025,2,JAX,00-0038935,B.Strange,TE,CIN,25.7,Fringe,0.0,False
2025,2,JAX,00-0037004,H.Long,TE,CIN,25.7,Fringe,0.0,False
2025,2,JAX,00-0040719,B.Tuten,RB,CIN,25.6,Fringe,1.0,True
2025,2,CHI,00-0036275,D.Swift,RB,DET,25.5,Fringe,1.0,True
2025,2,CLE,00-0033885,D.Njoku,TE,BAL,25.5,Fringe,0.0,False
2025,2,ATL,00-0037238,D.London,WR,MIN,25.4,Fringe,0.0,False
2025,2,CAR,00-0039342,X.Legette,WR,ARI,25.4,Fringe,0.0,False
2025,2,NO,00-0039376,S.Rattler,QB,SF,25.4,Fringe,0.0,False
2025,2,IND,00-0040128,T.Warren,TE,DEN,25.2,Fringe,0.0,False
2025,2,KC,00-0033873,P.Mahomes,QB,PHI,25.2,Fringe,1.0,True
2025,2,MIN,00-0037291,J.Nailor,WR,ATL,25.1,Fringe,0.0,False
2025,2,WAS,00-0032398,C.Moore,WR,GB,25.1,Fringe,0.0,False
2025,2,KC,00-0030506,T.Kelce,TE,PHI,25.1,Fringe,0.0,False
2025,2,LAC,00-0030279,K.Allen,WR,LV,25.0,Fringe,1.0,True
2025,2,GB,00-0036264,J.Love,QB,WAS,24.9,Fringe,0.0,False
2025,2,NE,00-0038608,K.Boutte,WR,MIA,24.8,Fringe,1.0,True
2025,2,TB,00-0040129,E.Egbuka,WR,HOU,24.7,Fringe,1.0,True
2025,2,NO,00-0037239,C.Olave,WR,SF,24.7,Fringe,0.0,False
2025,2,NE,00-0036875,R.Stevenson,RB,MIA,24.7,Fringe,0.0,False
2025,2,NO,00-0037545,R.Shaheed,WR,SF,24.4,Fringe,1.0,True
2025,2,CHI,00-0034827,D.Moore,WR,DET,24.4,Fringe,0.0,False
2025,2,NE,00-0040131,K.Williams,WR,MIA,24.4,Fringe,0.0,False
2025,2,DAL,00-0037666,J.Tolbert,WR,NYG,24.1,Fringe,0.0,False
2025,2,ATL,00-0037263,T.Allgeier,RB,MIN,24.1,Fringe,1.0,True
2025,2,DEN,00-0039732,B.Nix,QB,IND,24.0,Fringe,0.0,False
2025,2,DET,00-0039065,S.LaPorta,TE,CHI,23.7,Fringe,0.0,False
2025,2,MIA,00-0039040,D.Achane,RB,NE,23.7,Fringe,1.0,True
2025,2,DET,00-0036963,A.St. Brown,WR,CHI,23.6,Fringe,3.0,True
2025,2,ARI,00-0039041,E.Higgins,TE,CAR,23.4,Fringe,0.0,False
2025,2,CAR,00-0039150,B.Young,QB,ARI,23.4,Fringe,0.0,False
2025,2,IND,00-0040179,D.Giddens,RB,DEN,23.4,Fringe,0.0,False
2025,2,DEN,00-0040730,R.Harvey,RB,IND,23.4,Fringe,0.0,False
2025,2,BAL,00-0034975,J.Hill,RB,CLE,23.2,Fringe,0.0,False
2025,2,DET,00-0040669,I.TeSlaa,WR,CHI,23.2,Fringe,0.0,False
2025,2,PIT,00-0035640,D.Metcalf,WR,SEA,23.2,Fringe,1.0,True
2025,2,ARI,00-0039849,M.Harrison,WR,CAR,23.1,Fringe,0.0,False
2025,2,NYJ,00-0040736,M.Taylor,TE,BUF,23.1,Fringe,0.0,False
2025,2,BUF,00-0040194,J.Hawes,TE,NYJ,23.0,Fringe,0.0,False
2025,2,DEN,00-0034348,C.Sutton,WR,IND,23.0,Fringe,0.0,False
2025,2,CLE,00-0036407,J.Jeudy,WR,BAL,22.9,Fringe,0.0,False
2025,2,BUF,00-0037248,J.Cook,RB,NYJ,22.9,Fringe,2.0,True
2025,2,NYG,00-0040715,C.Skattebo,RB,DAL,22.8,Fringe,1.0,True
2025,2,SEA,00-0040739,E.Arroyo,TE,PIT,22.7,Fringe,0.0,False
2025,2,NE,00-0033090,H.Henry,TE,MIA,22.6,Fringe,0.0,False
2025,2,CAR,00-0039356,J.Sanders,TE,ARI,22.5,Fringe,0.0,False
2025,2,BUF,00-0038933,D.Kincaid,TE,NYJ,22.5,Fringe,0.0,False
2025,2,JAX,00-0039893,B.Thomas,WR,CIN,22.4,Fringe,0.0,False
2025,2,BAL,00-0030564,D.Hopkins,WR,CLE,22.2,Fringe,1.0,True
2025,2,SEA,00-0038543,J.Smith-Njigba,WR,PIT,22.2,Fringe,0.0,False
2025,2,KC,00-0033857,J.Smith-Schuster,WR,PHI,22.1,Fringe,0.0,False
2025,2,LV,00-0039338,B.Bowers,TE,LAC,22.1,Fringe,0.0,False
2025,2,LV,00-0030565,G.Smith,QB,LAC,22.1,Fringe,0.0,False
2025,2,NE,00-0031588,S.Diggs,WR,MIA,22.0,Fringe,0.0,False
2025,2,SF,00-0037112,J.Tonges,TE,NO,22.0,Fringe,0.0,False
2025,2,KC,00-0038492,J.Brownlee,WR,PHI,22.0,Fringe,0.0,False
2025,2,BUF,00-0036980,E.Moore,WR,NYJ,21.9,Fringe,1.0,True
2025,2,NYG,00-0039847,T.Johnson,TE,DAL,21.8,Fringe,0.0,False
2025,2,MIA,00-0033040,T.Hill,WR,NE,21.7,Fringe,0.0,False
2025,2,LV,00-0040581,D.Thornton,WR,LAC,21.7,Fringe,0.0,False
2025,2,KC,00-0038104,T.Thornton,WR,PHI,21.7,Fringe,1.0,True
2025,2,IND,00-0035021,A.Dulin,WR,DEN,21.7,Fringe,0.0,False
2025,2,CLE,00-0039379,J.Thrash,WR,BAL,21.7,Fringe,0.0,False
2025,2,JAX,00-0036626,D.Brown,WR,CIN,21.7,Fringe,1.0,True
2025,2,TB,00-0032385,S.Shepard,WR,HOU,21.3,Fringe,0.0,False
2025,2,PIT,00-0033858,J.Smith,TE,SEA,21.3,Fringe,0.0,False
2025,2,TB,00-0031408,M.Evans,WR,HOU,21.2,Fade,0.0,False
2025,2,GB,00-0039146,J.Reed,WR,WAS,21.2,Fade,0.0,False
2025,2,WAS,00-0039910,J.Daniels,QB,GB,21.1,Fade,0.0,False
2025,2,CLE,00-0040782,I.Bond,WR,BAL,21.1,Fade,0.0,False
2025,2,TEN,00-0039650,B.Oliver,WR,LA,21.1,Fade,0.0,False
2025,2,LA,00-0039074,D.Allen,TE,TEN,21.1,Fade,1.0,True
2025,2,ATL,00-0036970,K.Pitts,TE,MIN,20.8,Fade,0.0,False
2025,2,LV,00-0034960,J.Meyers,WR,LAC,20.7,Fade,0.0,False
2025,2,MIA,00-0039880,M.Washington,WR,NE,20.6,Fade,0.0,False
2025,2,LA,00-0038359,X.Smith,WR,TEN,20.6,Fade,0.0,False
2025,2,MIA,00-0036620,D.Eskridge,WR,NE,20.5,Fade,0.0,False
2025,2,DEN,00-0034487,T.Sherfield,WR,IND,20.5,Fade,0.0,False
2025,2,GB,00-0038393,D.Wicks,WR,WAS,20.5,Fade,0.0,False
2025,2,DAL,00-0036358,C.Lamb,WR,NYG,20.5,Fade,0.0,False
2025,2,PHI,00-0035676,A.Brown,WR,KC,20.4,Fade,0.0,False
2025,2,CHI,00-0040236,K.Monangai,RB,DET,20.3,Fade,0.0,False
2025,2,MIN,00-0030035,A.Thielen,WR,ATL,20.2,Fade,0.0,False
2025,2,JAX,00-0036971,T.Lawrence,QB,CIN,20.2,Fade,0.0,False
2025,2,SF,00-0033288,G.Kittle,TE,NO,20.2,Fade,0.0,False
2025,2,JAX,00-0038555,T.Bigsby,RB,CIN,20.1,Fade,0.0,False
2025,2,HOU,00-0033854,D.Ogunbowale,RB,TB,20.0,Fade,0.0,False
2025,2,DAL,00-0037247,G.Pickens,WR,NYG,20.0,Fade,1.0,True
2025,2,MIA,00-0036182,N.Westbrook-Ikhine,WR,NE,19.9,Fade,0.0,False
2025,2,PHI,00-0036876,K.Granson,TE,KC,19.9,Fade,0.0,False
2025,2,MIA,00-0040198,O.Gordon,RB,NE,19.9,Fade,0.0,False
2025,2,IND,00-0037664,A.Pierce,WR,DEN,19.9,Fade,0.0,False
2025,2,LAC,00-0040727,T.Harris,WR,LV,19.9,Fade,0.0,False
2025,2,NO,00-0031236,B.Cooks,WR,SF,19.8,Fade,0.0,False
2025,2,CAR,00-0040644,T.Etienne,RB,ARI,19.8,Fade,0.0,False
2025,2,NYG,00-0035535,D.Slayton,WR,DAL,19.8,Fade,0.0,False
2025,2,ARI,00-0035228,K.Murray,QB,CAR,19.7,Fade,0.0,False
2025,2,SEA,00-0033908,C.Kupp,WR,PIT,19.6,Fade,0.0,False
2025,2,NYJ,00-0037805,J.Ruckert,TE,BUF,19.6,Fade,1.0,True
2025,2,BAL,00-0039064,Z.Flowers,WR,CLE,19.6,Fade,0.0,False
2025,2,DAL,00-0037801,K.Turpin,WR,NYG,19.5,Fade,1.0,True
2025,2,LA,00-0039738,B.Corum,RB,TEN,19.5,Fade,1.0,True
2025,2,KC,00-0033923,K.Hunt,RB,PHI,19.3,Fade,0.0,False
2025,2,TEN,00-0040584,G.Helm,TE,LA,19.2,Fade,0.0,False
2025,2,LA,00-0039751,J.Whittington,WR,TEN,19.2,Fade,0.0,False
2025,2,DEN,00-0037085,T.Badie,RB,IND,19.1,Fade,0.0,False
2025,2,ATL,00-0034407,R.McCloud,WR,MIN,19.1,Fade,0.0,False
2025,2,GB,00-0038996,T.Kraft,TE,WAS,19.1,Fade,1.0,True
2025,2,TEN,00-0040705,C.Dike,WR,LA,19.0,Fade,0.0,False
2025,2,CIN,00-0036442,J.Burrow,QB,JAX,18.9,Fade,0.0,False
2025,2,CAR,00-0036139,R.Dowdle,RB,ARI,18.9,Fade,0.0,False
2025,2,HOU,00-0034383,D.Schultz,TE,TB,18.8,Fade,0.0,False
2025,2,HOU,00-0039359,C.Stover,TE,TB,18.8,Fade,0.0,False
2025,2,PHI,00-0036912,D.Smith,WR,KC,18.8,Fade,0.0,False
2025,2,MIA,00-0036212,T.Tagovailoa,QB,NE,18.6,Fade,0.0,False
2025,2,HOU,00-0034791,N.Chubb,RB,TB,18.6,Fade,1.0,True
2025,2,KC,00-0036637,N.Gray,TE,PHI,18.5,Fade,0.0,False
2025,2,CAR,00-0037005,T.Tremble,TE,ARI,18.3,Fade,0.0,False
2025,2,WAS,00-0035659,T.McLaurin,WR,GB,18.2,Fade,0.0,False
2025,2,TEN,00-0034837,C.Ridley,WR,LA,18.2,Fade,0.0,False
2025,2,LAC,00-0039915,L.McConkey,WR,LV,18.1,Fade,0.0,False
2025,2,BUF,00-0035689,D.Knox,TE,NYJ,18.1,Fade,0.0,False
2025,2,SEA,00-0034869,S.Darnold,QB,PIT,18.0,Fade,0.0,False
2025,2,NE,00-0033555,M.Hollins,WR,MIA,18.0,Fade,1.0,True
2025,2,CHI,00-0040735,L.Burden,WR,DET,17.8,Fade,0.0,False
2025,2,HOU,00-0034386,J.Watson,WR,TB,17.7,Fade,0.0,False
2025,2,PIT,00-0036894,P.Freiermuth,TE,SEA,17.7,Fade,0.0,False
2025,2,DET,00-0033106,J.Goff,QB,CHI,17.5,Fade,0.0,False
2025,2,NYG,00-0035250,D.Singletary,RB,DAL,17.5,Fade,0.0,False
2025,2,TB,00-0038824,R.Miller,WR,HOU,17.5,Fade,1.0,True
2025,2,TB,00-0040237,T.Johnson,WR,HOU,17.5,Fade,0.0,False
2025,2,WAS,00-0040164,J.Lane,WR,GB,17.5,Fade,0.0,False
2025,2,DET,00-0037240,J.Williams,WR,CHI,17.4,Fade,1.0,True
2025,2,CHI,00-0036290,C.Kmet,TE,DET,17.3,Fade,0.0,False
2025,2,DAL,00-0033077,D.Prescott,QB,NYG,17.3,Fade,0.0,False
2025,2,TEN,00-0040170,E.Ayomanor,WR,LA,17.3,Fade,1.0,True
2025,2,JAX,00-0040238,L.Allen,RB,CIN,17.3,Fade,0.0,False
2025,2,TB,00-0037256,R.White,RB,HOU,17.2,Fade,1.0,True
2025,2,TEN,00-0037809,C.Okonkwo,TE,LA,17.2,Fade,0.0,False
2025,2,NYG,00-0039384,T.Tracy,RB,DAL,17.0,Fade,0.0,False
2025,2,JAX,00-0033246,J.Mundt,TE,CIN,16.9,Fade,0.0,False
2025,2,SF,00-0036259,J.Jennings,WR,NO,16.8,Fade,1.0,True
2025,2,HOU,00-0040583,W.Marks,RB,TB,16.7,Fade,0.0,False
2025,2,SF,00-0037746,B.Robinson,RB,NO,16.6,Fade,0.0,False
2025,2,HOU,00-0038618,X.Hutchinson,WR,TB,16.6,Fade,0.0,False
2025,2,BUF,00-0035537,Ty.Johnson,RB,NYJ,16.5,Fade,0.0,False
2025,2,CIN,00-0035631,D.Sample,TE,JAX,16.4,Fade,0.0,False
2025,2,CHI,00-0040126,C.Loveland,TE,DET,16.3,Fade,0.0,False
2025,2,TEN,00-0032211,T.Lockett,WR,LA,16.3,Fade,0.0,False
2025,2,GB,00-0040667,M.Golden,WR,WAS,16.3,Fade,0.0,False
2025,2,CIN,00-0033526,S.Perine,RB,JAX,16.3,Fade,0.0,False
2025,2,MIA,00-0037013,Z.Wilson,QB,NE,16.2,Fade,0.0,False
2025,2,LA,00-0039075,P.Nacua,WR,TEN,16.2,Fade,1.0,True
2025,2,CAR,00-0040124,T.McMillan,WR,ARI,16.2,Fade,0.0,False
2025,2,IND,00-0039890,A.Mitchell,WR,DEN,16.1,Fade,0.0,False
2025,2,GB,00-0040009,S.Williams,WR,WAS,16.1,Fade,0.0,False
2025,2,IND,00-0036252,M.Pittman,WR,DEN,16.1,Fade,0.0,False
2025,2,MIN,00-0035249,J.Oliver,TE,ATL,16.1,Fade,0.0,False
2025,2,HOU,00-0040130,J.Higgins,WR,TB,16.0,Fade,0.0,False
2025,2,SF,00-0036887,L.Farrell,TE,NO,15.9,Fade,1.0,True
2025,2,LA,00-0026498,M.Stafford,QB,TEN,15.8,Fade,0.0,False
2025,2,CLE,00-0026158,J.Flacco,QB,BAL,15.8,Fade,0.0,False
2025,2,IND,00-0040476,U.Bentley,RB,DEN,15.8,Fade,0.0,False
2025,2,LAC,00-0036893,N.Harris,RB,LV,15.7,Fade,0.0,False
2025,2,WAS,00-0033955,J.McNichols,RB,GB,15.7,Fade,0.0,False
2025,2,NE,00-0036328,A.Gibson,RB,MIA,15.5,Fade,0.0,False
2025,2,PHI,00-0036265,A.Dillon,RB,KC,15.4,Fade,0.0,False
2025,2,LV,00-0038040,Z.White,RB,LAC,15.3,Fade,0.0,False
2025,2,NE,00-0039851,D.Maye,QB,MIA,15.2,Fade,1.0,True
2025,2,TB,00-0038951,S.Tucker,RB,HOU,15.2,Fade,0.0,False
2025,2,LAC,00-0038573,D.Davis,WR,LV,15.1,Fade,0.0,False
2025,2,CIN,00-0036410,T.Higgins,WR,JAX,15.1,Fade,1.0,True
2025,2,GB,00-0038685,C.Brooks,RB,WAS,15.1,Fade,0.0,False
2025,2,LV,00-0035602,A.Bachman,WR,LAC,15.0,Fade,0.0,False
2025,2,GB,00-0039144,L.Musgrave,TE,WAS,14.9,Fade,0.0,False
2025,2,TB,00-0034855,B.Mayfield,QB,HOU,14.9,Fade,0.0,False
2025,2,PIT,00-0036919,K.Gainwell,RB,SEA,14.8,Fade,0.0,False
2025,2,DAL,00-0038041,J.Ferguson,TE,NYG,14.6,Fade,0.0,False
2025,2,SEA,00-0040673,J.Milroe,QB,PIT,14.4,Fade,0.0,False
2025,2,DEN,00-0039868,T.Franklin,WR,IND,14.4,Fade,1.0,True
2025,2,MIN,00-0033293,A.Jones,RB,ATL,14.3,Fade,0.0,False
2025,2,LAC,00-0036355,J.Herbert,QB,LV,14.1,Fade,0.0,False
2025,2,BAL,00-0032764,D.Henry,RB,CLE,13.9,Fade,0.0,False
2025,2,DEN,00-0033881,E.Engram,TE,IND,13.8,Fade,0.0,False
2025,2,DET,00-0032464,K.Raymond,WR,CHI,13.8,Fade,0.0,False
2025,2,DEN,00-0036422,A.Trautman,TE,IND,13.7,Fade,1.0,True
2025,2,GB,00-0037306,J.FitzPatrick,TE,WAS,13.7,Fade,0.0,False
2025,2,LA,00-0031381,D.Adams,WR,TEN,13.5,Fade,1.0,True
2025,2,NO,00-0038551,K.Miller,RB,SF,13.4,Fade,0.0,False
2025,2,LAC,00-0040184,K.Lambert-Smith,WR,LV,13.3,Fade,0.0,False
2025,2,NO,00-0040202,D.Neal,RB,SF,13.3,Fade,0.0,False
2025,2,BUF,00-0039875,R.Davis,RB,NYJ,13.2,Fade,0.0,False
2025,2,CIN,00-0036900,J.Chase,WR,JAX,13.2,Fade,1.0,True
2025,2,ATL,00-0034854,K.Hodge,WR,MIN,13.1,Fade,0.0,False
2025,2,CAR,00-0034983,H.Renfrow,WR,ARI,12.8,Fade,2.0,True
2025,2,GB,00-0038797,E.Wilson,RB,WAS,12.7,Fade,0.0,False
2025,2,BAL,00-0036550,R.Bateman,WR,CLE,12.6,Fade,0.0,False
2025,2,BAL,00-0034753,M.Andrews,TE,CLE,12.6,Fade,0.0,False
2025,2,PIT,00-0040142,K.Johnson,RB,SEA,12.5,Fade,0.0,False
2025,2,DEN,00-0037539,L.Krull,TE,IND,12.5,Fade,0.0,False
2025,2,DAL,00-0039530,B.Spann-Ford,TE,NYG,12.4,Fade,0.0,False
2025,2,DAL,00-0038547,L.Schoonmaker,TE,NYG,12.4,Fade,0.0,False
2025,2,ARI,00-0033891,Z.Jones,WR,CAR,12.3,Fade,0.0,False
2025,2,IND,00-0038997,J.Downs,WR,DEN,12.2,Fade,0.0,False
2025,2,LA,00-0036849,T.Atwell,WR,TEN,12.1,Fade,0.0,False
2025,2,DEN,00-0038976,M.Mims,WR,IND,11.8,Fade,1.0,True
2025,2,HOU,00-0040138,J.Noel,WR,TB,11.7,Fade,0.0,False
2025,2,SF,00-0037834,B.Purdy,QB,NO,11.4,Fade,0.0,False
2025,2,MIN,00-0035229,T.Hockenson,TE,ATL,11.1,Fade,0.0,False
2025,2,PIT,00-0023459,A.Rodgers,QB,SEA,10.9,Fade,0.0,False
2025,2,ARI,00-0038559,Mi.Wilson,WR,CAR,10.6,Fade,1.0,True
2025,2,ARI,00-0039737,T.Reiman,TE,CAR,10.3,Fade,0.0,False
2025,2,TB,00-0038129,C.Otton,TE,HOU,9.9,Fade,0.0,False
2025,2,LA,00-0036244,C.Parkinson,TE,TEN,9.8,Fade,0.0,False
2025,2,PHI,00-0039746,W.Shipley,RB,KC,9.5,Fade,0.0,False
2025,2,ARI,00-0035500,G.Dortch,WR,CAR,8.7,Fade,0.0,False
2025,2,PHI,00-0034351,D.Goedert,TE,KC,8.0,Fade,0.0,False
2025,2,NYJ,00-0033943,J.Reynolds,WR,BUF,7.9,Fade,0.0,False
2025,2,ATL,00-0039394,Cas.Washington,WR,MIN,7.5,Fade,0.0,False
2025,2,KC,00-0039894,X.Worthy,WR,PHI,4.3,Fade,0.0,False
2025,3,MIA,00-0036613,J.Waddle,WR,BUF,52.3,Lock,1.0,True
2025,3,LAC,00-0040666,O.Hampton,RB,DEN,46.7,Lock,1.0,True
2025,3,SF,00-0033280,C.McCaffrey,RB,ARI,45.6,Lock,0.0,False
2025,3,PIT,00-0037228,J.Warren,RB,NE,45.5,Lock,0.0,False
2025,3,PHI,00-0034844,S.Barkley,RB,LA,44.0,Lock,0.0,False
2025,3,TB,00-0039361,B.Irving,RB,NYJ,43.0,Lock,0.0,False
2025,3,NYJ,00-0039794,B.Allen,RB,TB,42.9,Lock,0.0,False
2025,3,ATL,00-0038542,B.Robinson,RB,CAR,42.5,Lock,0.0,False
2025,3,CIN,00-0038597,C.Brown,RB,MIN,40.8,Lock,0.0,False
2025,3,CHI,00-0039919,R.Odunze,WR,DAL,40.1,Lock,1.0,True
2025,3,DAL,00-0036997,J.Williams,RB,CHI,39.3,Lock,0.0,False
2025,3,TEN,00-0037594,J.Chestnut,RB,IND,39.2,Lock,0.0,False
2025,3,BUF,00-0037248,J.Cook,RB,MIA,38.9,Lock,1.0,True
2025,3,LV,00-0040122,A.Jeanty,RB,WAS,38.9,Lock,0.0,False
2025,3,DEN,00-0036158,J.Dobbins,RB,LAC,38.6,Lock,1.0,True
2025,3,JAX,00-0036973,T.Etienne,RB,HOU,38.0,Lock,1.0,True
2025,3,DET,00-0039139,J.Gibbs,RB,BAL,37.7,Lock,2.0,True
2025,3,IND,00-0036223,J.Taylor,RB,TEN,37.1,Lock,3.0,True
2025,3,MIN,00-0036322,J.Jefferson,WR,CIN,37.0,Lock,0.0,False
2025,3,TEN,00-0035261,T.Pollard,RB,IND,35.9,Lock,1.0,True
2025,3,CAR,00-0036555,C.Hubbard,RB,ATL,35.8,Lock,0.0,False
2025,3,DAL,00-0035243,M.Sanders,RB,CHI,35.7,Lock,0.0,False
2025,3,CHI,00-0039918,C.Williams,QB,DAL,35.6,Lock,0.0,False
2025,3,HOU,00-0036554,N.Collins,WR,JAX,35.2,Lock,1.0,True
2025,3,PHI,00-0036389,J.Hurts,QB,LA,34.8,Lock,1.0,True
2025,3,NO,00-0033906,A.Kamara,RB,SEA,34.6,Lock,0.0,False
2025,3,DAL,00-0037247,G.Pickens,WR,CHI,34.3,Lock,1.0,True
2025,3,SEA,00-0038134,K.Walker,RB,NO,34.3,Lock,2.0,True
2025,3,ATL,00-0037263,T.Allgeier,RB,CAR,34.1,Lock,0.0,False
2025,3,LA,00-0037840,K.Williams,RB,PHI,34.0,Lock,1.0,True
2025,3,BAL,00-0039792,D.Walker,WR,DET,33.7,Lock,0.0,False
2025,3,NYG,00-0038115,D.Bellinger,TE,KC,33.6,Lock,0.0,False
2025,3,GB,00-0035700,J.Jacobs,RB,CLE,33.4,Lock,0.0,False
2025,3,DET,00-0035685,D.Montgomery,RB,BAL,33.1,Lock,2.0,True
2025,3,BAL,00-0039796,R.Ali,RB,DET,33.1,Lock,0.0,False
2025,3,BAL,00-0036630,T.Wallace,WR,DET,32.9,Lock,0.0,False
2025,3,MIN,00-0037291,J.Nailor,WR,CIN,32.7,Lean,0.0,False
2025,3,LV,00-0039066,M.Mayer,TE,WAS,32.7,Lean,0.0,False
2025,3,DET,00-0036963,A.St. Brown,WR,BAL,32.6,Lean,1.0,True
2025,3,KC,00-0033873,P.Mahomes,QB,NYG,32.5,Lean,0.0,False
2025,3,CLE,00-0040162,D.Sampson,RB,GB,32.3,Lean,0.0,False
2025,3,BAL,00-0034796,L.Jackson,QB,DET,32.2,Lean,0.0,False
2025,3,NE,00-0038621,D.Douglas,WR,PIT,32.0,Lean,0.0,False
2025,3,NE,00-0036875,R.Stevenson,RB,PIT,31.6,Lean,0.0,False
2025,3,NYG,00-0040715,C.Skattebo,RB,KC,31.3,Lean,1.0,True
2025,3,NYG,00-0039337,M.Nabers,WR,KC,31.0,Lean,0.0,False
2025,3,WAS,00-0039355,L.McCaffrey,WR,LV,30.7,Lean,1.0,True
2025,3,BAL,00-0030564,D.Hopkins,WR,DET,30.3,Lean,0.0,False
2025,3,HOU,00-0039163,C.Stroud,QB,JAX,30.1,Lean,0.0,False
2025,3,MIA,00-0039040,D.Achane,RB,BUF,30.0,Lean,0.0,False
2025,3,ARI,00-0033553,J.Conner,RB,SF,29.9,Lean,0.0,False
2025,3,DET,00-0036754,B.Wright,TE,BAL,29.9,Lean,0.0,False
2025,3,TEN,00-0040705,C.Dike,WR,IND,29.8,Lean,0.0,False
2025,3,HOU,00-0037258,D.Pierce,RB,JAX,29.7,Lean,0.0,False
2025,3,DET,00-0039065,S.LaPorta,TE,BAL,29.6,Lean,0.0,False
2025,3,NE,00-0032392,A.Hooper,TE,PIT,29.4,Lean,0.0,False
2025,3,LA,00-0039751,J.Whittington,WR,PHI,29.4,Lean,0.0,False
2025,3,PIT,00-0036862,B.Skowronek,WR,NE,29.4,Lean,0.0,False
2025,3,ARI,00-0039849,M.Harrison,WR,SF,29.3,Lean,0.0,False
2025,3,NYG,00-0039847,T.Johnson,TE,KC,29.1,Lean,0.0,False
2025,3,WAS,00-0030061,Z.Ertz,TE,LV,29.0,Lean,0.0,False
2025,3,SEA,00-0039165,Z.Charbonnet,RB,NO,28.9,Lean,0.0,False
2025,3,NE,00-0038608,K.Boutte,WR,PIT,28.8,Lean,0.0,False
2025,3,KC,00-0035662,M.Brown,WR,NYG,28.6,Lean,0.0,False
2025,3,CHI,00-0035208,O.Zaccheaus,WR,DAL,28.4,Lean,0.0,False
2025,3,NYJ,00-0040736,M.Taylor,TE,TB,28.3,Lean,0.0,False
2025,3,TB,00-0031408,M.Evans,WR,NYJ,28.3,Lean,1.0,True
2025,3,DET,00-0040669,I.TeSlaa,WR,BAL,28.0,Lean,0.0,False
2025,3,MIA,00-0040198,O.Gordon,RB,BUF,28.0,Lean,1.0,True
2025,3,NO,00-0036040,J.Johnson,TE,SEA,27.9,Lean,0.0,False
2025,3,NYJ,00-0037805,J.Ruckert,TE,TB,27.9,Lean,0.0,False
2025,3,IND,00-0035021,A.Dulin,WR,TEN,27.8,Lean,0.0,False
2025,3,LV,00-0039338,B.Bowers,TE,WAS,27.8,Lean,0.0,False
2025,3,CIN,00-0034829,M.Gesicki,TE,MIN,27.7,Lean,0.0,False
2025,3,MIA,00-0037348,T.Conner,TE,BUF,27.4,Lean,0.0,False
2025,3,PIT,00-0037837,C.Austin,WR,NE,27.4,Lean,1.0,True
2025,3,WAS,00-0035719,D.Samuel,WR,LV,27.3,Lean,0.0,False
2025,3,NO,00-0037545,R.Shaheed,WR,SEA,27.2,Lean,0.0,False
2025,3,LV,00-0034960,J.Meyers,WR,WAS,27.2,Lean,0.0,False
2025,3,DAL,00-0036358,C.Lamb,WR,CHI,27.2,Lean,0.0,False
2025,3,NYJ,00-0038120,B.Hall,RB,TB,27.1,Lean,0.0,False
2025,3,GB,00-0037816,R.Doubs,WR,CLE,27.1,Lean,0.0,False
2025,3,LA,00-0031381,D.Adams,WR,PHI,27.1,Lean,1.0,True
2025,3,DAL,00-0037801,K.Turpin,WR,CHI,26.9,Lean,0.0,False
2025,3,PIT,00-0036894,P.Freiermuth,TE,NE,26.9,Lean,0.0,False
2025,3,MIA,00-0036212,T.Tagovailoa,QB,BUF,26.8,Lean,0.0,False
2025,3,IND,00-0037664,A.Pierce,WR,TEN,26.7,Lean,0.0,False
2025,3,NE,00-0040734,T.Henderson,RB,PIT,26.6,Lean,0.0,False
2025,3,PIT,00-0035640,D.Metcalf,WR,NE,26.6,Lean,1.0,True
2025,3,MIA,00-0033040,T.Hill,WR,BUF,26.5,Fringe,1.0,True
2025,3,KC,00-0038519,N.Remigio,WR,NYG,26.5,Fringe,0.0,False
2025,3,LAC,00-0034270,T.Conklin,TE,DEN,26.5,Fringe,0.0,False
2025,3,LA,00-0038359,X.Smith,WR,PHI,26.4,Fringe,0.0,False
2025,3,TB,00-0038824,R.Miller,WR,NYJ,26.4,Fringe,0.0,False
2025,3,JAX,00-0040719,B.Tuten,RB,HOU,26.3,Fringe,1.0,True
2025,3,BUF,00-0040194,J.Hawes,TE,MIA,26.2,Fringe,1.0,True
2025,3,PIT,00-0038558,D.Washington,TE,NE,26.2,Fringe,0.0,False
2025,3,KC,00-0033923,K.Hunt,RB,NYG,26.1,Fringe,1.0,True
2025,3,CAR,00-0034983,H.Renfrow,WR,ATL,26.1,Fringe,0.0,False
2025,3,NYG,00-0038117,W.Robinson,WR,KC,26.0,Fringe,0.0,False
2025,3,ARI,00-0039921,T.Benson,RB,SF,26.0,Fringe,0.0,False
2025,3,NYG,00-0029263,R.Wilson,QB,KC,25.8,Fringe,0.0,False
2025,3,MIA,00-0038720,J.Hill,TE,BUF,25.7,Fringe,0.0,False
2025,3,NE,00-0040131,K.Williams,WR,PIT,25.5,Fringe,0.0,False
2025,3,NYG,00-0035535,D.Slayton,WR,KC,25.5,Fringe,0.0,False
2025,3,BUF,00-0039901,K.Coleman,WR,MIA,25.3,Fringe,0.0,False
2025,3,KC,00-0037197,I.Pacheco,RB,NYG,25.2,Fringe,0.0,False
2025,3,CHI,00-0040735,L.Burden,WR,DAL,25.2,Fringe,1.0,True
2025,3,CLE,00-0038979,C.Tillman,WR,GB,25.2,Fringe,0.0,False
2025,3,CLE,00-0040663,H.Fannin,TE,GB,25.1,Fringe,0.0,False
2025,3,DAL,00-0037666,J.Tolbert,WR,CHI,25.1,Fringe,0.0,False
2025,3,WAS,00-0032398,C.Moore,WR,LV,25.1,Fringe,0.0,False
2025,3,CHI,00-0034827,D.Moore,WR,DAL,25.1,Fringe,1.0,True
2025,3,GB,00-0038465,M.Heath,WR,CLE,25.1,Fringe,0.0,False
2025,3,BUF,00-0038933,D.Kincaid,TE,MIA,25.0,Fringe,1.0,True
2025,3,NYJ,00-0039798,I.Davis,RB,TB,25.0,Fringe,0.0,False
2025,3,DEN,00-0039732,B.Nix,QB,LAC,24.9,Fringe,0.0,False
2025,3,DEN,00-0039868,T.Franklin,WR,LAC,24.9,Fringe,0.0,False
2025,3,DET,00-0037240,J.Williams,WR,BAL,24.8,Fringe,0.0,False
2025,3,CIN,00-0038839,M.Tinsley,WR,MIN,24.8,Fringe,0.0,False
2025,3,LA,00-0026498,M.Stafford,QB,PHI,24.7,Fringe,0.0,False
2025,3,PIT,00-0033858,J.Smith,TE,NE,24.7,Fringe,0.0,False
2025,3,CAR,00-0040124,T.McMillan,WR,ATL,24.6,Fringe,0.0,False
2025,3,BAL,00-0039064,Z.Flowers,WR,DET,24.6,Fringe,0.0,False
2025,3,BUF,00-0034857,J.Allen,QB,MIA,24.6,Fringe,0.0,False
2025,3,CIN,00-0036900,J.Chase,WR,MIN,24.6,Fringe,0.0,False
2025,3,CIN,00-0035100,J.Browning,QB,MIN,24.5,Fringe,0.0,False
2025,3,LAC,00-0036893,N.Harris,RB,DEN,24.5,Fringe,0.0,False
2025,3,TB,00-0040129,E.Egbuka,WR,NYJ,24.5,Fringe,0.0,False
2025,3,KC,00-0030506,T.Kelce,TE,NYG,24.4,Fringe,0.0,False
2025,3,JAX,00-0036626,D.Brown,WR,HOU,24.4,Fringe,0.0,False
2025,3,MIA,00-0037013,Z.Wilson,QB,BUF,24.4,Fringe,0.0,False
2025,3,NE,00-0033090,H.Henry,TE,PIT,24.2,Fringe,2.0,True
2025,3,CAR,00-0039342,X.Legette,WR,ATL,24.2,Fringe,0.0,False
2025,3,LV,00-0040729,J.Bech,WR,WAS,24.2,Fringe,0.0,False
2025,3,LA,00-0039075,P.Nacua,WR,PHI,24.2,Fringe,0.0,False
2025,3,CHI,00-0036275,D.Swift,RB,DAL,24.2,Fringe,0.0,False
2025,3,LAC,00-0038544,Q.Johnston,WR,DEN,24.2,Fringe,0.0,False
2025,3,MIN,00-0037525,J.Mason,RB,CIN,24.1,Fringe,2.0,True
2025,3,IND,00-0035710,D.Jones,QB,TEN,24.1,Fringe,0.0,False
2025,3,HOU,00-0034386,J.Watson,WR,JAX,23.9,Fringe,0.0,False
2025,3,BUF,00-0036980,E.Moore,WR,MIA,23.8,Fringe,0.0,False
2025,3,IND,00-0033217,M.Alie-Cox,TE,TEN,23.7,Fringe,0.0,False
2025,3,JAX,00-0038606,P.Washington,WR,HOU,23.7,Fringe,0.0,False
2025,3,SF,00-0036887,L.Farrell,TE,ARI,23.6,Fringe,0.0,False
2025,3,BAL,00-0032764,D.Henry,RB,DET,23.6,Fringe,1.0,True
2025,3,JAX,00-0039893,B.Thomas,WR,HOU,23.4,Fringe,0.0,False
2025,3,CAR,00-0039150,B.Young,QB,ATL,23.2,Fringe,1.0,True
2025,3,NO,00-0037239,C.Olave,WR,SEA,23.2,Fringe,0.0,False
2025,3,MIA,00-0036620,D.Eskridge,WR,BUF,23.2,Fringe,0.0,False
2025,3,IND,00-0036252,M.Pittman,WR,TEN,23.2,Fringe,1.0,True
2025,3,CIN,00-0035644,N.Fant,TE,MIN,23.2,Fringe,0.0,False
2025,3,BUF,00-0036988,J.Palmer,WR,MIA,23.1,Fringe,0.0,False
2025,3,LA,00-0039738,B.Corum,RB,PHI,23.0,Fringe,0.0,False
2025,3,DAL,00-0033077,D.Prescott,QB,CHI,22.9,Fringe,0.0,False
2025,3,NE,00-0039851,D.Maye,QB,PIT,22.8,Fringe,0.0,False
2025,3,MIA,00-0036182,N.Westbrook-Ikhine,WR,BUF,22.7,Fringe,0.0,False
2025,3,CAR,00-0038840,B.Tremayne,WR,ATL,22.6,Fringe,0.0,False
2025,3,MIA,00-0039880,M.Washington,WR,BUF,22.6,Fringe,0.0,False
2025,3,WAS,00-0035659,T.McLaurin,WR,LV,22.6,Fringe,0.0,False
2025,3,NE,00-0033555,M.Hollins,WR,PIT,22.6,Fringe,0.0,False
2025,3,NE,00-0031588,S.Diggs,WR,PIT,22.6,Fringe,0.0,False
2025,3,ARI,00-0035228,K.Murray,QB,SF,22.5,Fringe,0.0,False
2025,3,IND,00-0038997,J.Downs,WR,TEN,22.5,Fringe,0.0,False
2025,3,ARI,00-0039041,E.Higgins,TE,SF,22.5,Fringe,0.0,False
2025,3,BUF,00-0035537,Ty.Johnson,RB,MIA,22.5,Fringe,0.0,False
2025,3,KC,00-0038104,T.Thornton,WR,NYG,22.4,Fringe,1.0,True
2025,3,BAL,00-0034975,J.Hill,RB,DET,22.2,Fringe,0.0,False
2025,3,CLE,00-0040466,R.Sanders,RB,GB,22.2,Fringe,0.0,False
2025,3,CHI,00-0040236,K.Monangai,RB,DAL,22.2,Fringe,0.0,False
2025,3,CLE,00-0033885,D.Njoku,TE,GB,22.2,Fringe,0.0,False
2025,3,CHI,00-0036290,C.Kmet,TE,DAL,22.1,Fringe,1.0,True
2025,3,LA,00-0039074,D.Allen,TE,PHI,22.0,Fringe,0.0,False
2025,3,HOU,00-0034791,N.Chubb,RB,JAX,22.0,Fringe,0.0,False
2025,3,SF,00-0033288,G.Kittle,TE,ARI,21.9,Fade,0.0,False
2025,3,TEN,00-0034837,C.Ridley,WR,IND,21.9,Fade,0.0,False
2025,3,BUF,00-0037261,K.Shakir,WR,MIA,21.9,Fade,1.0,True
2025,3,KC,00-0038492,J.Brownlee,WR,NYG,21.9,Fade,0.0,False
2025,3,TEN,00-0040170,E.Ayomanor,WR,IND,21.8,Fade,1.0,True
2025,3,ATL,00-0036970,K.Pitts,TE,CAR,21.8,Fade,0.0,False
2025,3,TB,00-0032385,S.Shepard,WR,NYJ,21.7,Fade,0.0,False
2025,3,NO,00-0038551,K.Miller,RB,SEA,21.6,Fade,0.0,False
2025,3,NO,00-0039424,D.Vele,WR,SEA,21.6,Fade,0.0,False
2025,3,LAC,00-0030279,K.Allen,WR,DEN,21.6,Fade,1.0,True
2025,3,PHI,00-0037741,J.Dotson,WR,LA,21.6,Fade,0.0,False
2025,3,CLE,00-0040782,I.Bond,WR,GB,21.5,Fade,0.0,False
2025,3,SF,00-0037112,J.Tonges,TE,ARI,21.5,Fade,0.0,False
2025,3,IND,00-0040179,D.Giddens,RB,TEN,21.5,Fade,0.0,False
2025,3,SEA,00-0039793,A.Barner,TE,NO,21.4,Fade,0.0,False
2025,3,NE,00-0036328,A.Gibson,RB,PIT,21.3,Fade,0.0,False
2025,3,BUF,00-0035689,D.Knox,TE,MIA,21.3,Fade,0.0,False
2025,3,DEN,00-0034348,C.Sutton,WR,LAC,21.3,Fade,1.0,True
2025,3,BUF,00-0039875,R.Davis,RB,MIA,21.3,Fade,0.0,False
2025,3,HOU,00-0040130,J.Higgins,WR,JAX,21.1,Fade,0.0,False
2025,3,GB,00-0040009,S.Williams,WR,CLE,21.1,Fade,0.0,False
2025,3,TB,00-0037256,R.White,RB,NYJ,21.0,Fade,0.0,False
2025,3,WAS,00-0040242,J.Croskey-Merritt,RB,LV,21.0,Fade,1.0,True
2025,3,GB,00-0038996,T.Kraft,TE,CLE,21.0,Fade,0.0,False
2025,3,IND,00-0040128,T.Warren,TE,TEN,20.9,Fade,0.0,False
2025,3,DEN,00-0036422,A.Trautman,TE,LAC,20.7,Fade,0.0,False
2025,3,BAL,00-0034753,M.Andrews,TE,DET,20.7,Fade,2.0,True
2025,3,JAX,00-0038555,T.Bigsby,RB,HOU,20.7,Fade,0.0,False
2025,3,LA,00-0033110,T.Higbee,TE,PHI,20.6,Fade,0.0,False
2025,3,SEA,00-0040739,E.Arroyo,TE,NO,20.5,Fade,0.0,False
2025,3,NYJ,00-0028118,T.Taylor,QB,TB,20.4,Fade,0.0,False
2025,3,BAL,00-0036550,R.Bateman,WR,DET,20.3,Fade,1.0,True
2025,3,LV,00-0038563,T.Tucker,WR,WAS,20.3,Fade,3.0,True
2025,3,ARI,00-0038559,Mi.Wilson,WR,SF,20.3,Fade,0.0,False
2025,3,TB,00-0034855,B.Mayfield,QB,NYJ,20.2,Fade,0.0,False
2025,3,WAS,00-0039912,B.Sinnott,TE,LV,20.2,Fade,0.0,False
2025,3,PIT,00-0039739,R.Wilson,WR,NE,20.1,Fade,0.0,False
2025,3,IND,00-0039890,A.Mitchell,WR,TEN,20.0,Fade,0.0,False
2025,3,SF,00-0037834,B.Purdy,QB,ARI,20.0,Fade,0.0,False
2025,3,ATL,00-0036309,D.Mooney,WR,CAR,20.0,Fade,0.0,False
2025,3,KC,00-0033857,J.Smith-Schuster,WR,NYG,19.9,Fade,0.0,False
2025,3,PHI,00-0036265,A.Dillon,RB,LA,19.9,Fade,0.0,False
2025,3,NO,00-0040202,D.Neal,RB,SEA,19.7,Fade,0.0,False
2025,3,BAL,00-0037340,Z.Mitchell-Paden,TE,DET,19.7,Fade,0.0,False
2025,3,LAC,00-0040727,T.Harris,WR,DEN,19.7,Fade,0.0,False
2025,3,CAR,00-0039356,J.Sanders,TE,ATL,19.7,Fade,0.0,False
2025,3,GB,00-0038393,D.Wicks,WR,CLE,19.6,Fade,0.0,False
2025,3,JAX,00-0040238,L.Allen,RB,HOU,19.6,Fade,0.0,False
2025,3,NO,00-0031236,B.Cooks,WR,SEA,19.6,Fade,0.0,False
2025,3,GB,00-0040667,M.Golden,WR,CLE,19.5,Fade,0.0,False
2025,3,MIN,00-0035249,J.Oliver,TE,CIN,19.3,Fade,1.0,True
2025,3,NYJ,00-0037740,G.Wilson,WR,TB,19.3,Fade,1.0,True
2025,3,NO,00-0039376,S.Rattler,QB,SEA,19.3,Fade,0.0,False
2025,3,ARI,00-0037744,T.McBride,TE,SF,19.3,Fade,1.0,True
2025,3,ATL,00-0039917,M.Penix,QB,CAR,19.3,Fade,0.0,False
2025,3,DET,00-0035567,C.Reynolds,RB,BAL,19.2,Fade,0.0,False
2025,3,WAS,00-0033699,A.Ekeler,RB,LV,19.2,Fade,0.0,False
2025,3,CIN,00-0036442,J.Burrow,QB,MIN,19.2,Fade,0.0,False
2025,3,DET,00-0032464,K.Raymond,WR,BAL,19.0,Fade,0.0,False
2025,3,TEN,00-0040676,C.Ward,QB,IND,18.9,Fade,0.0,False
2025,3,SF,00-0039916,R.Pearsall,WR,ARI,18.8,Fade,0.0,False
2025,3,MIN,00-0030035,A.Thielen,WR,CIN,18.8,Fade,0.0,False
2025,3,LV,00-0030565,G.Smith,QB,WAS,18.6,Fade,0.0,False
2025,3,CIN,00-0036410,T.Higgins,WR,MIN,18.6,Fade,0.0,False
2025,3,CHI,00-0040126,C.Loveland,TE,DAL,18.5,Fade,0.0,False
2025,3,HOU,00-0038618,X.Hutchinson,WR,JAX,18.5,Fade,0.0,False
2025,3,ARI,00-0035500,G.Dortch,WR,SF,18.5,Fade,0.0,False
2025,3,JAX,00-0037004,H.Long,TE,HOU,18.4,Fade,0.0,False
2025,3,NYJ,00-0036427,T.Johnson,WR,TB,18.4,Fade,0.0,False
2025,3,CHI,00-0038416,T.Bagent,QB,DAL,18.2,Fade,0.0,False
2025,3,ARI,00-0033891,Z.Jones,WR,SF,18.2,Fade,0.0,False
2025,3,LV,00-0040581,D.Thornton,WR,WAS,18.0,Fade,0.0,False
2025,3,HOU,00-0034383,D.Schultz,TE,JAX,18.0,Fade,0.0,False
2025,3,KC,00-0036637,N.Gray,TE,NYG,18.0,Fade,0.0,False
2025,3,ATL,00-0037238,D.London,WR,CAR,17.9,Fade,0.0,False
2025,3,CLE,00-0037267,J.Ford,RB,GB,17.7,Fade,0.0,False
2025,3,JAX,00-0036971,T.Lawrence,QB,HOU,17.6,Fade,0.0,False
2025,3,HOU,00-0039359,C.Stover,TE,JAX,17.6,Fade,0.0,False
2025,3,JAX,00-0033375,T.Patrick,WR,HOU,17.5,Fade,0.0,False
2025,3,CIN,00-0035631,D.Sample,TE,MIN,17.5,Fade,1.0,True
2025,3,PIT,00-0036919,K.Gainwell,RB,NE,17.5,Fade,1.0,True
2025,3,TB,00-0040237,T.Johnson,WR,NYJ,17.4,Fade,0.0,False
2025,3,KC,00-0040078,B.Smith,RB,NYG,17.4,Fade,0.0,False
2025,3,CIN,00-0033526,S.Perine,RB,MIN,17.3,Fade,0.0,False
2025,3,SEA,00-0040648,T.Horton,WR,NO,17.3,Fade,1.0,True
2025,3,SEA,00-0033908,C.Kupp,WR,NO,17.2,Fade,0.0,False
2025,3,LAC,00-0036355,J.Herbert,QB,DEN,17.1,Fade,0.0,False
2025,3,DEN,00-0037539,L.Krull,TE,LAC,17.0,Fade,0.0,False
2025,3,DEN,00-0034487,T.Sherfield,WR,LAC,16.9,Fade,0.0,False
2025,3,DAL,00-0038041,J.Ferguson,TE,CHI,16.9,Fade,0.0,False
2025,3,NYJ,00-0036945,J.Fields,QB,TB,16.7,Fade,0.0,False
2025,3,PHI,00-0036912,D.Smith,WR,LA,16.6,Fade,1.0,True
2025,3,LA,00-0036849,T.Atwell,WR,PHI,16.6,Fade,0.0,False
2025,3,MIN,00-0033293,A.Jones,RB,CIN,16.6,Fade,0.0,False
2025,3,CAR,00-0036139,R.Dowdle,RB,ATL,16.5,Fade,1.0,True
2025,3,SF,00-0036972,M.Jones,QB,ARI,16.3,Fade,0.0,False
2025,3,HOU,00-0040583,W.Marks,RB,JAX,16.3,Fade,0.0,False
2025,3,TEN,00-0036415,V.Jefferson,WR,IND,16.3,Fade,0.0,False
2025,3,NYG,00-0039384,T.Tracy,RB,KC,16.0,Fade,0.0,False
2025,3,CAR,00-0040187,M.Evans,TE,ATL,16.0,Fade,0.0,False
2025,3,LV,00-0039407,D.Laube,RB,WAS,15.9,Fade,0.0,False
2025,3,SEA,00-0038543,J.Smith-Njigba,WR,NO,15.9,Fade,1.0,True
2025,3,TEN,00-0039650,B.Oliver,WR,IND,15.9,Fade,0.0,False
2025,3,SF,00-0033307,K.Bourne,WR,ARI,15.9,Fade,0.0,False
2025,3,ATL,00-0034407,R.McCloud,WR,CAR,15.8,Fade,0.0,False
2025,3,PIT,00-0023459,A.Rodgers,QB,NE,15.8,Fade,0.0,False
2025,3,PHI,00-0034351,D.Goedert,TE,LA,15.8,Fade,1.0,True
2025,3,BUF,00-0038679,T.Shavers,WR,MIA,15.7,Fade,0.0,False
2025,3,GB,00-0036264,J.Love,QB,CLE,15.7,Fade,0.0,False
2025,3,HOU,00-0033854,D.Ogunbowale,RB,JAX,15.7,Fade,0.0,False
2025,3,ARI,00-0039737,T.Reiman,TE,SF,15.6,Fade,0.0,False
2025,3,TEN,00-0040584,G.Helm,TE,IND,15.5,Fade,0.0,False
2025,3,ARI,00-0033119,J.Brissett,QB,SF,15.4,Fade,0.0,False
2025,3,WAS,00-0040164,J.Lane,WR,LV,15.4,Fade,0.0,False
2025,3,DET,00-0033106,J.Goff,QB,BAL,15.3,Fade,0.0,False
2025,3,DEN,00-0040730,R.Harvey,RB,LAC,15.3,Fade,0.0,False
2025,3,IND,00-0040476,U.Bentley,RB,TEN,15.3,Fade,0.0,False
2025,3,WAS,00-0039910,J.Daniels,QB,LV,15.3,Fade,0.0,False
2025,3,SF,00-0038643,B.Willis,TE,ARI,15.2,Fade,0.0,False
2025,3,LAC,00-0039915,L.McConkey,WR,DEN,15.2,Fade,0.0,False
2025,3,NYG,00-0035250,D.Singletary,RB,KC,15.2,Fade,0.0,False
2025,3,SF,00-0036259,J.Jennings,WR,ARI,15.1,Fade,0.0,False
2025,3,SF,00-0037746,B.Robinson,RB,ARI,15.0,Fade,0.0,False
2025,3,TEN,00-0037809,C.Okonkwo,TE,IND,14.9,Fade,0.0,False
2025,3,LA,00-0036244,C.Parkinson,TE,PHI,14.9,Fade,0.0,False
2025,3,DEN,00-0038976,M.Mims,WR,LAC,14.8,Fade,0.0,False
2025,3,TB,00-0038129,C.Otton,TE,NYJ,14.8,Fade,0.0,False
2025,3,CLE,00-0036407,J.Jeudy,WR,GB,14.8,Fade,0.0,False
2025,3,SEA,00-0034869,S.Darnold,QB,NO,14.7,Fade,0.0,False
2025,3,GB,00-0039144,L.Musgrave,TE,CLE,14.7,Fade,0.0,False
2025,3,TEN,00-0032211,T.Lockett,WR,IND,14.6,Fade,0.0,False
2025,3,DAL,00-0039530,B.Spann-Ford,TE,CHI,14.6,Fade,0.0,False
2025,3,JAX,00-0038935,B.Strange,TE,HOU,14.6,Fade,0.0,False
2025,3,WAS,00-0033955,J.McNichols,RB,LV,14.4,Fade,1.0,True
2025,3,DEN,00-0040134,P.Bryant,WR,LAC,14.4,Fade,0.0,False
2025,3,PHI,00-0035676,A.Brown,WR,LA,14.4,Fade,1.0,True
2025,3,HOU,00-0036232,H.Bryant,TE,JAX,14.3,Fade,0.0,False
2025,3,CLE,00-0026158,J.Flacco,QB,GB,14.3,Fade,0.0,False
2025,3,MIN,00-0035229,T.Hockenson,TE,CIN,14.3,Fade,1.0,True
2025,3,HOU,00-0040138,J.Noel,WR,JAX,14.2,Fade,0.0,False
2025,3,CLE,00-0040784,Q.Judkins,RB,GB,14.1,Fade,1.0,True
2025,3,GB,00-0039146,J.Reed,WR,CLE,14.0,Fade,0.0,False
2025,3,PHI,00-0037086,G.Calcaterra,TE,LA,13.9,Fade,0.0,False
2025,3,DEN,00-0037085,T.Badie,RB,LAC,13.9,Fade,0.0,False
2025,3,PHI,00-0036876,K.Granson,TE,LA,13.9,Fade,0.0,False
2025,3,CAR,00-0037005,T.Tremble,TE,ATL,13.9,Fade,0.0,False
2025,3,CLE,00-0039379,J.Thrash,WR,GB,13.9,Fade,0.0,False
2025,3,DAL,00-0038547,L.Schoonmaker,TE,CHI,13.6,Fade,0.0,False
2025,3,TB,00-0038951,S.Tucker,RB,NYJ,13.6,Fade,0.0,False
2025,3,LV,00-0035602,A.Bachman,WR,WAS,13.3,Fade,0.0,False
2025,3,BAL,00-0033662,C.Rush,QB,DET,13.0,Fade,0.0,False
2025,3,CAR,00-0040644,T.Etienne,RB,ATL,13.0,Fade,0.0,False
2025,3,CIN,00-0038619,A.Iosivas,WR,MIN,12.8,Fade,0.0,False
2025,3,KC,00-0039894,X.Worthy,WR,NYG,12.7,Fade,0.0,False
2025,3,LV,00-0038040,Z.White,RB,WAS,12.2,Fade,0.0,False
2025,3,PHI,00-0037614,J.Metchie,WR,LA,12.2,Fade,0.0,False
2025,3,GB,00-0038685,C.Brooks,RB,CLE,12.1,Fade,0.0,False
2025,3,LAC,00-0038573,D.Davis,WR,DEN,12.0,Fade,0.0,False
2025,3,PIT,00-0040142,K.Johnson,RB,NE,12.0,Fade,0.0,False
2025,3,NYJ,00-0040582,A.Smith,WR,TB,11.8,Fade,0.0,False
2025,3,LAC,00-0034159,W.Dissly,TE,DEN,11.8,Fade,0.0,False
2025,3,MIN,00-0039923,J.McCarthy,QB,CIN,11.7,Fade,0.0,False
2025,3,SEA,00-0040673,J.Milroe,QB,NO,11.2,Fade,0.0,False
2025,3,NYG,00-0040691,J.Dart,QB,KC,10.8,Fade,0.0,False
2025,3,WAS,00-0033591,N.Brown,WR,LV,10.5,Fade,0.0,False
2025,3,BUF,00-0033869,M.Trubisky,QB,MIA,10.4,Fade,0.0,False
2025,3,TB,00-0039050,P.Durham,TE,NYJ,10.2,Fade,0.0,False
2025,3,LAC,00-0040184,K.Lambert-Smith,WR,DEN,10.2,Fade,0.0,False
2025,3,ATL,00-0034854,K.Hodge,WR,CAR,9.7,Fade,0.0,False
2025,3,JAX,00-0033246,J.Mundt,TE,HOU,9.7,Fade,0.0,False
2025,3,GB,00-0038797,E.Wilson,RB,CLE,9.6,Fade,0.0,False
2025,3,SF,00-0034272,M.Valdes-Scantling,WR,ARI,9.5,Fade,0.0,False
2025,3,PHI,00-0039746,W.Shipley,RB,LA,9.5,Fade,0.0,False
2025,3,GB,00-0037306,J.FitzPatrick,TE,CLE,8.7,Fade,1.0,True
2025,3,NYJ,00-0033943,J.Reynolds,WR,TB,7.9,Fade,0.0,False
2025,3,DEN,00-0033881,E.Engram,TE,LAC,7.5,Fade,0.0,False
2025,3,ATL,00-0039394,Cas.Washington,WR,CAR,7.5,Fade,0.0,False
2025,4,CIN,00-0038597,C.Brown,RB,DEN,46.3,Lock,0.0,False
2025,4,LV,00-0040122,A.Jeanty,RB,CHI,46.1,Lock,3.0,True
2025,4,TB,00-0039361,B.Irving,RB,PHI,44.2,Lock,1.0,True
2025,4,PIT,00-0037228,J.Warren,RB,MIN,44.1,Lock,0.0,False
2025,4,MIA,00-0036613,J.Waddle,WR,NYJ,43.5,Lock,0.0,False
2025,4,PHI,00-0034844,S.Barkley,RB,TB,43.5,Lock,1.0,True
2025,4,SF,00-0033280,C.McCaffrey,RB,JAX,42.6,Lock,1.0,True
2025,4,GB,00-0035700,J.Jacobs,RB,DAL,41.4,Lock,2.0,True
2025,4,IND,00-0036223,J.Taylor,RB,LA,40.9,Lock,0.0,False
2025,4,DEN,00-0036158,J.Dobbins,RB,CIN,39.1,Lock,0.0,False
2025,4,LA,00-0037840,K.Williams,RB,IND,38.5,Lock,0.0,False
2025,4,LAC,00-0040666,O.Hampton,RB,NYG,38.4,Lock,1.0,True
2025,4,NYJ,00-0039794,B.Allen,RB,MIA,37.8,Lock,0.0,False
2025,4,WAS,00-0032268,M.Mariota,QB,ATL,36.3,Lock,0.0,False
2025,4,JAX,00-0036973,T.Etienne,RB,SF,36.1,Lock,1.0,True
2025,4,BAL,00-0039796,R.Ali,RB,KC,35.9,Lock,0.0,False
2025,4,SEA,00-0038134,K.Walker,RB,ARI,35.6,Lock,0.0,False
2025,4,PHI,00-0036389,J.Hurts,QB,TB,35.4,Lock,0.0,False
2025,4,NO,00-0033906,A.Kamara,RB,BUF,35.0,Lock,0.0,False
2025,4,NE,00-0033090,H.Henry,TE,CAR,34.8,Lock,1.0,True
2025,4,SEA,00-0039165,Z.Charbonnet,RB,ARI,34.6,Lock,1.0,True
2025,4,NYG,00-0029263,R.Wilson,QB,LAC,33.8,Lock,0.0,False
2025,4,CHI,00-0039919,R.Odunze,WR,LV,33.6,Lock,1.0,True
2025,4,CLE,00-0040784,Q.Judkins,RB,DET,33.5,Lock,1.0,True
2025,4,HOU,00-0036554,N.Collins,WR,TEN,33.1,Lock,0.0,False
2025,4,MIN,00-0036322,J.Jefferson,WR,PIT,32.9,Lock,0.0,False
2025,4,NYJ,00-0034521,A.Lazard,WR,MIA,32.9,Lock,0.0,False
2025,4,KC,00-0030506,T.Kelce,TE,BAL,32.4,Lock,0.0,False
2025,4,DET,00-0039139,J.Gibbs,RB,CLE,32.2,Lock,1.0,True
2025,4,NYG,00-0040715,C.Skattebo,RB,LAC,32.1,Lock,0.0,False
2025,4,HOU,00-0037258,D.Pierce,RB,TEN,32.0,Lock,0.0,False
2025,4,CAR,00-0036555,C.Hubbard,RB,NE,31.9,Lock,0.0,False
2025,4,LV,00-0038563,T.Tucker,WR,CHI,31.8,Lock,0.0,False
2025,4,TEN,00-0035261,T.Pollard,RB,HOU,31.7,Lock,0.0,False
2025,4,NE,00-0036875,R.Stevenson,RB,CAR,31.5,Lock,0.0,False
2025,4,CHI,00-0040735,L.Burden,WR,LV,31.1,Lock,0.0,False
2025,4,TEN,00-0037594,J.Chestnut,RB,HOU,31.0,Lock,0.0,False
2025,4,BAL,00-0034753,M.Andrews,TE,KC,30.9,Lock,0.0,False
2025,4,MIN,00-0037291,J.Nailor,WR,PIT,30.9,Lock,1.0,True
2025,4,CLE,00-0040162,D.Sampson,RB,DET,30.8,Lean,0.0,False
2025,4,BUF,00-0037248,J.Cook,RB,NO,30.7,Lean,1.0,True
2025,4,LAC,00-0038544,Q.Johnston,WR,NYG,30.6,Lean,1.0,True
2025,4,MIN,00-0037525,J.Mason,RB,PIT,30.4,Lean,0.0,False
2025,4,NO,00-0037545,R.Shaheed,WR,BUF,30.4,Lean,0.0,False
2025,4,IND,00-0035710,D.Jones,QB,LA,30.3,Lean,0.0,False
2025,4,BAL,00-0032764,D.Henry,RB,KC,30.3,Lean,0.0,False
2025,4,TEN,00-0040705,C.Dike,WR,HOU,30.2,Lean,0.0,False
2025,4,CLE,00-0038979,C.Tillman,WR,DET,30.1,Lean,0.0,False
2025,4,LV,00-0034960,J.Meyers,WR,CHI,30.0,Lean,0.0,False
2025,4,NO,00-0037239,C.Olave,WR,BUF,29.9,Lean,1.0,True
2025,4,KC,00-0033923,K.Hunt,RB,BAL,29.8,Lean,0.0,False
2025,4,DET,00-0036963,A.St. Brown,WR,CLE,29.7,Lean,2.0,True
2025,4,LAC,00-0030279,K.Allen,WR,NYG,29.6,Lean,0.0,False
2025,4,WAS,00-0039355,L.McCaffrey,WR,ATL,29.5,Lean,1.0,True
2025,4,CHI,00-0039918,C.Williams,QB,LV,29.5,Lean,0.0,False
2025,4,GB,00-0037816,R.Doubs,WR,DAL,29.4,Lean,3.0,True
2025,4,GB,00-0038465,M.Heath,WR,DAL,29.4,Lean,0.0,False
2025,4,DAL,00-0036997,J.Williams,RB,GB,29.3,Lean,1.0,True
2025,4,KC,00-0037197,I.Pacheco,RB,BAL,29.1,Lean,1.0,True
2025,4,NYJ,00-0038120,B.Hall,RB,MIA,29.0,Lean,0.0,False
2025,4,LV,00-0040729,J.Bech,WR,CHI,28.4,Lean,0.0,False
2025,4,CIN,00-0035631,D.Sample,TE,DEN,28.2,Lean,0.0,False
2025,4,DEN,00-0039868,T.Franklin,WR,CIN,28.2,Lean,0.0,False
2025,4,ARI,00-0039921,T.Benson,RB,SEA,28.2,Lean,0.0,False
2025,4,GB,00-0039146,J.Reed,WR,DAL,28.1,Lean,0.0,False
2025,4,NO,00-0039376,S.Rattler,QB,BUF,28.0,Lean,0.0,False
2025,4,NO,00-0036741,J.Stoll,TE,BUF,27.8,Lean,0.0,False
2025,4,IND,00-0035021,A.Dulin,WR,LA,27.7,Lean,0.0,False
2025,4,CAR,00-0034983,H.Renfrow,WR,NE,27.7,Lean,0.0,False
2025,4,DAL,00-0035243,M.Sanders,RB,GB,27.7,Lean,0.0,False
2025,4,WAS,00-0038611,C.Rodriguez,RB,ATL,27.7,Lean,0.0,False
2025,4,BAL,00-0039792,D.Walker,WR,KC,27.7,Lean,0.0,False
2025,4,ARI,00-0033553,J.Conner,RB,SEA,27.5,Lean,0.0,False
2025,4,NO,00-0036040,J.Johnson,TE,BUF,27.4,Lean,0.0,False
2025,4,HOU,00-0034386,J.Watson,WR,TEN,27.2,Lean,0.0,False
2025,4,HOU,00-0034791,N.Chubb,RB,TEN,27.2,Lean,0.0,False
2025,4,CLE,00-0040466,R.Sanders,RB,DET,27.1,Lean,0.0,False
2025,4,ATL,00-0038542,B.Robinson,RB,WAS,27.1,Lean,1.0,True
2025,4,BAL,00-0034796,L.Jackson,QB,KC,27.1,Lean,0.0,False
2025,4,ARI,00-0037744,T.McBride,TE,SEA,27.0,Lean,0.0,False
2025,4,CLE,00-0040782,I.Bond,WR,DET,27.0,Lean,0.0,False
2025,4,NYJ,00-0037805,J.Ruckert,TE,MIA,26.8,Lean,0.0,False
2025,4,DAL,00-0037247,G.Pickens,WR,GB,26.8,Lean,2.0,True
2025,4,IND,00-0033217,M.Alie-Cox,TE,LA,26.5,Lean,0.0,False
2025,4,CHI,00-0036290,C.Kmet,TE,LV,26.4,Lean,0.0,False
2025,4,NE,00-0032392,A.Hooper,TE,CAR,26.3,Lean,0.0,False
2025,4,SEA,00-0033576,E.Saubert,TE,ARI,26.3,Lean,0.0,False
2025,4,CHI,00-0036275,D.Swift,RB,LV,26.2,Lean,1.0,True
2025,4,NYJ,00-0037740,G.Wilson,WR,MIA,26.2,Lean,1.0,True
2025,4,GB,00-0038996,T.Kraft,TE,DAL,26.2,Lean,0.0,False
2025,4,JAX,00-0038606,P.Washington,WR,SF,26.1,Lean,0.0,False
2025,4,KC,00-0040078,B.Smith,RB,BAL,25.9,Lean,0.0,False
2025,4,CLE,00-0037267,J.Ford,RB,DET,25.8,Lean,0.0,False
2025,4,WAS,00-0032398,C.Moore,WR,ATL,25.8,Lean,0.0,False
2025,4,IND,00-0036252,M.Pittman,WR,LA,25.8,Lean,1.0,True
2025,4,GB,00-0038393,D.Wicks,WR,DAL,25.8,Lean,0.0,False
2025,4,KC,00-0036637,N.Gray,TE,BAL,25.6,Fringe,0.0,False
2025,4,LA,00-0039738,B.Corum,RB,IND,25.4,Fringe,0.0,False
2025,4,CHI,00-0035208,O.Zaccheaus,WR,LV,25.0,Fringe,0.0,False
2025,4,BAL,00-0037340,Z.Mitchell-Paden,TE,KC,24.9,Fringe,0.0,False
2025,4,CAR,00-0038840,B.Tremayne,WR,NE,24.9,Fringe,0.0,False
2025,4,MIN,00-0035249,J.Oliver,TE,PIT,24.9,Fringe,0.0,False
2025,4,TEN,00-0040170,E.Ayomanor,WR,HOU,24.8,Fringe,0.0,False
2025,4,ARI,00-0038705,E.Demercado,RB,SEA,24.8,Fringe,1.0,True
2025,4,CIN,00-0034829,M.Gesicki,TE,DEN,24.8,Fringe,0.0,False
2025,4,BUF,00-0038933,D.Kincaid,TE,NO,24.7,Fringe,1.0,True
2025,4,WAS,00-0035719,D.Samuel,WR,ATL,24.7,Fringe,1.0,True
2025,4,TB,00-0040129,E.Egbuka,WR,PHI,24.6,Fringe,1.0,True
2025,4,NYG,00-0039337,M.Nabers,WR,LAC,24.6,Fringe,0.0,False
2025,4,CLE,00-0040663,H.Fannin,TE,DET,24.6,Fringe,0.0,False
2025,4,MIA,00-0033040,T.Hill,WR,NYJ,24.6,Fringe,0.0,False
2025,4,BUF,00-0037261,K.Shakir,WR,NO,24.5,Fringe,1.0,True
2025,4,IND,00-0040128,T.Warren,TE,LA,24.4,Fringe,1.0,True
2025,4,BAL,00-0036630,T.Wallace,WR,KC,24.4,Fringe,0.0,False
2025,4,NE,00-0040734,T.Henderson,RB,CAR,24.3,Fringe,1.0,True
2025,4,BAL,00-0030564,D.Hopkins,WR,KC,24.3,Fringe,0.0,False
2025,4,KC,00-0035662,M.Brown,WR,BAL,24.2,Fringe,1.0,True
2025,4,MIN,00-0035229,T.Hockenson,TE,PIT,24.2,Fringe,0.0,False
2025,4,NYJ,00-0036945,J.Fields,QB,MIA,24.2,Fringe,1.0,True
2025,4,SF,00-0037834,B.Purdy,QB,JAX,24.2,Fringe,0.0,False
2025,4,LA,00-0031381,D.Adams,WR,IND,24.2,Fringe,1.0,True
2025,4,BUF,00-0039901,K.Coleman,WR,NO,24.2,Fringe,0.0,False
2025,4,NO,00-0039424,D.Vele,WR,BUF,24.1,Fringe,0.0,False
2025,4,JAX,00-0040719,B.Tuten,RB,SF,24.1,Fringe,0.0,False
2025,4,DEN,00-0034348,C.Sutton,WR,CIN,24.0,Fringe,1.0,True
2025,4,DAL,00-0038041,J.Ferguson,TE,GB,24.0,Fringe,1.0,True
2025,4,PIT,00-0036862,B.Skowronek,WR,MIN,24.0,Fringe,0.0,False
2025,4,GB,00-0040667,M.Golden,WR,DAL,24.0,Fringe,0.0,False
2025,4,PHI,00-0036265,A.Dillon,RB,TB,24.0,Fringe,0.0,False
2025,4,CAR,00-0040187,M.Evans,TE,NE,24.0,Fringe,1.0,True
2025,4,CHI,00-0040236,K.Monangai,RB,LV,24.0,Fringe,0.0,False
2025,4,LA,00-0039074,D.Allen,TE,IND,23.9,Fringe,0.0,False
2025,4,KC,00-0038519,N.Remigio,WR,BAL,23.8,Fringe,0.0,False
2025,4,NO,00-0038551,K.Miller,RB,BUF,23.8,Fringe,1.0,True
2025,4,NYG,00-0039847,T.Johnson,TE,LAC,23.8,Fringe,1.0,True
2025,4,BAL,00-0034975,J.Hill,RB,KC,23.8,Fringe,2.0,True
2025,4,NYJ,00-0039798,I.Davis,RB,MIA,23.7,Fringe,0.0,False
2025,4,LV,00-0039338,B.Bowers,TE,CHI,23.7,Fringe,0.0,False
2025,4,CAR,00-0037005,T.Tremble,TE,NE,23.7,Fringe,1.0,True
2025,4,KC,00-0033873,P.Mahomes,QB,BAL,23.6,Fringe,0.0,False
2025,4,ATL,00-0037238,D.London,WR,WAS,23.6,Fringe,1.0,True
2025,4,NYG,00-0035535,D.Slayton,WR,LAC,23.6,Fringe,0.0,False
2025,4,CAR,00-0040124,T.McMillan,WR,NE,23.4,Fringe,0.0,False
2025,4,CIN,00-0033526,S.Perine,RB,DEN,23.3,Fringe,0.0,False
2025,4,CIN,00-0036900,J.Chase,WR,DEN,23.3,Fringe,0.0,False
2025,4,HOU,00-0040583,W.Marks,RB,TEN,23.3,Fringe,2.0,True
2025,4,TB,00-0037256,R.White,RB,PHI,23.3,Fringe,0.0,False
2025,4,HOU,00-0040130,J.Higgins,WR,TEN,23.2,Fringe,1.0,True
2025,4,DET,00-0037240,J.Williams,WR,CLE,23.2,Fringe,0.0,False
2025,4,LV,00-0040581,D.Thornton,WR,CHI,23.1,Fringe,0.0,False
2025,4,SEA,00-0039793,A.Barner,TE,ARI,23.1,Fringe,1.0,True
2025,4,KC,00-0038104,T.Thornton,WR,BAL,23.1,Fringe,1.0,True
2025,4,BUF,00-0036988,J.Palmer,WR,NO,23.0,Fringe,0.0,False
2025,4,JAX,00-0039893,B.Thomas,WR,SF,23.0,Fringe,0.0,False
2025,4,DEN,00-0039732,B.Nix,QB,CIN,23.0,Fringe,1.0,True
2025,4,ATL,00-0036309,D.Mooney,WR,WAS,23.0,Fringe,0.0,False
2025,4,BAL,00-0038046,C.Kolar,TE,KC,22.9,Fringe,0.0,False
2025,4,NYJ,00-0040736,M.Taylor,TE,MIA,22.8,Fringe,0.0,False
2025,4,KC,00-0033857,J.Smith-Schuster,WR,BAL,22.7,Fringe,1.0,True
2025,4,CAR,00-0036139,R.Dowdle,RB,NE,22.7,Fringe,0.0,False
2025,4,ARI,00-0039041,E.Higgins,TE,SEA,22.7,Fringe,0.0,False
2025,4,TB,00-0034855,B.Mayfield,QB,PHI,22.7,Fringe,0.0,False
2025,4,CIN,00-0040208,T.Brooks,RB,DEN,22.6,Fringe,0.0,False
2025,4,CAR,00-0033589,D.Moore,WR,NE,22.6,Fringe,0.0,False
2025,4,NO,00-0040202,D.Neal,RB,BUF,22.6,Fringe,0.0,False
2025,4,PIT,00-0037837,C.Austin,WR,MIN,22.6,Fringe,0.0,False
2025,4,CLE,00-0036407,J.Jeudy,WR,DET,22.6,Fringe,0.0,False
2025,4,SEA,00-0040739,E.Arroyo,TE,ARI,22.6,Fringe,0.0,False
2025,4,ATL,00-0036970,K.Pitts,TE,WAS,22.5,Fringe,1.0,True
2025,4,BUF,00-0036980,E.Moore,WR,NO,22.5,Fringe,0.0,False
2025,4,GB,00-0040009,S.Williams,WR,DAL,22.5,Fringe,0.0,False
2025,4,GB,00-0037306,J.FitzPatrick,TE,DAL,22.4,Fringe,0.0,False
2025,4,NYG,00-0038115,D.Bellinger,TE,LAC,22.4,Fringe,0.0,False
2025,4,CLE,00-0033885,D.Njoku,TE,DET,22.4,Fringe,0.0,False
2025,4,CHI,00-0034827,D.Moore,WR,LV,22.3,Fringe,0.0,False
2025,4,HOU,00-0034383,D.Schultz,TE,TEN,22.3,Fringe,0.0,False
2025,4,MIA,00-0040198,O.Gordon,RB,NYJ,22.2,Fringe,0.0,False
2025,4,PIT,00-0035640,D.Metcalf,WR,MIN,22.2,Fringe,1.0,True
2025,4,LAC,00-0040727,T.Harris,WR,NYG,22.2,Fringe,0.0,False
2025,4,GB,00-0039144,L.Musgrave,TE,DAL,22.1,Fringe,0.0,False
2025,4,PHI,00-0039746,W.Shipley,RB,TB,22.1,Fringe,0.0,False
2025,4,NYG,00-0038117,W.Robinson,WR,LAC,22.0,Fringe,0.0,False
2025,4,DET,00-0035685,D.Montgomery,RB,CLE,22.0,Fringe,0.0,False
2025,4,IND,00-0038997,J.Downs,WR,LA,22.0,Fringe,0.0,False
2025,4,LA,00-0026498,M.Stafford,QB,IND,21.9,Fringe,0.0,False
2025,4,WAS,00-0040242,J.Croskey-Merritt,RB,ATL,21.9,Fringe,0.0,False
2025,4,JAX,00-0033375,T.Patrick,WR,SF,21.9,Fringe,0.0,False
2025,4,NO,00-0031236,B.Cooks,WR,BUF,21.8,Fringe,0.0,False
2025,4,LA,00-0038359,X.Smith,WR,IND,21.7,Fringe,0.0,False
2025,4,LV,00-0030565,G.Smith,QB,CHI,21.7,Fringe,0.0,False
2025,4,DET,00-0040669,I.TeSlaa,WR,CLE,21.5,Fringe,0.0,False
2025,4,ATL,00-0034407,R.McCloud,WR,WAS,21.5,Fringe,0.0,False
2025,4,NYJ,00-0036427,T.Johnson,WR,MIA,21.4,Fade,0.0,False
2025,4,LAC,00-0040189,O.Gadsden,TE,NYG,21.4,Fade,0.0,False
2025,4,TB,00-0032385,S.Shepard,WR,PHI,21.4,Fade,0.0,False
2025,4,BUF,00-0040194,J.Hawes,TE,NO,21.3,Fade,0.0,False
2025,4,MIA,00-0039040,D.Achane,RB,NYJ,21.2,Fade,1.0,True
2025,4,WAS,00-0030061,Z.Ertz,TE,ATL,21.2,Fade,0.0,False
2025,4,LA,00-0033110,T.Higbee,TE,IND,21.2,Fade,0.0,False
2025,4,CLE,00-0039379,J.Thrash,WR,DET,21.1,Fade,0.0,False
2025,4,NE,00-0036328,A.Gibson,RB,CAR,21.1,Fade,1.0,True
2025,4,SF,00-0036887,L.Farrell,TE,JAX,21.1,Fade,0.0,False
2025,4,ATL,00-0037263,T.Allgeier,RB,WAS,21.1,Fade,1.0,True
2025,4,DAL,00-0037801,K.Turpin,WR,GB,20.9,Fade,0.0,False
2025,4,LAC,00-0039915,L.McConkey,WR,NYG,20.8,Fade,0.0,False
2025,4,MIA,00-0037348,T.Conner,TE,NYJ,20.8,Fade,0.0,False
2025,4,PIT,00-0038558,D.Washington,TE,MIN,20.7,Fade,0.0,False
2025,4,ARI,00-0039849,M.Harrison,WR,SEA,20.7,Fade,1.0,True
2025,4,HOU,00-0038618,X.Hutchinson,WR,TEN,20.6,Fade,0.0,False
2025,4,MIA,00-0039880,M.Washington,WR,NYJ,20.6,Fade,0.0,False
2025,4,SEA,00-0038543,J.Smith-Njigba,WR,ARI,20.6,Fade,0.0,False
2025,4,KC,00-0038492,J.Brownlee,WR,BAL,20.6,Fade,0.0,False
2025,4,MIN,00-0032950,C.Wentz,QB,PIT,20.5,Fade,0.0,False
2025,4,LAC,00-0036893,N.Harris,RB,NYG,20.5,Fade,0.0,False
2025,4,JAX,00-0036626,D.Brown,WR,SF,20.4,Fade,0.0,False
2025,4,TEN,00-0034837,C.Ridley,WR,HOU,20.4,Fade,0.0,False
2025,4,MIN,00-0030035,A.Thielen,WR,PIT,20.4,Fade,0.0,False
2025,4,ATL,00-0039917,M.Penix,QB,WAS,20.3,Fade,0.0,False
2025,4,JAX,00-0036971,T.Lawrence,QB,SF,20.3,Fade,0.0,False
2025,4,NE,00-0038608,K.Boutte,WR,CAR,20.2,Fade,0.0,False
2025,4,CIN,00-0039631,C.Grandy,TE,DEN,20.2,Fade,0.0,False
2025,4,ATL,00-0039394,Cas.Washington,WR,WAS,20.1,Fade,0.0,False
2025,4,BAL,00-0039064,Z.Flowers,WR,KC,20.1,Fade,0.0,False
2025,4,TB,00-0038824,R.Miller,WR,PHI,20.1,Fade,0.0,False
2025,4,MIN,00-0040154,T.Felton,WR,PIT,20.0,Fade,0.0,False
2025,4,LV,00-0039407,D.Laube,RB,CHI,20.0,Fade,0.0,False
2025,4,DAL,00-0037666,J.Tolbert,WR,GB,19.8,Fade,0.0,False
2025,4,CIN,00-0038839,M.Tinsley,WR,DEN,19.8,Fade,0.0,False
2025,4,LV,00-0038040,Z.White,RB,CHI,19.8,Fade,0.0,False
2025,4,DEN,00-0034487,T.Sherfield,WR,CIN,19.7,Fade,0.0,False
2025,4,SF,00-0039916,R.Pearsall,WR,JAX,19.7,Fade,0.0,False
2025,4,PIT,00-0036919,K.Gainwell,RB,MIN,19.7,Fade,2.0,True
2025,4,LAC,00-0036355,J.Herbert,QB,NYG,19.6,Fade,0.0,False
2025,4,ATL,00-0035359,D.Sills,WR,WAS,19.6,Fade,0.0,False
2025,4,WAS,00-0033699,A.Ekeler,RB,ATL,19.6,Fade,0.0,False
2025,4,BUF,00-0034857,J.Allen,QB,NO,19.5,Fade,1.0,True
2025,4,SF,00-0033288,G.Kittle,TE,JAX,19.4,Fade,0.0,False
2025,4,MIA,00-0036620,D.Eskridge,WR,NYJ,19.3,Fade,0.0,False
2025,4,CIN,00-0036410,T.Higgins,WR,DEN,19.2,Fade,0.0,False
2025,4,DAL,00-0039530,B.Spann-Ford,TE,GB,19.2,Fade,0.0,False
2025,4,CHI,00-0040126,C.Loveland,TE,LV,19.2,Fade,0.0,False
2025,4,TEN,00-0040676,C.Ward,QB,HOU,19.2,Fade,0.0,False
2025,4,DAL,00-0038547,L.Schoonmaker,TE,GB,19.1,Fade,0.0,False
2025,4,WAS,00-0033955,J.McNichols,RB,ATL,19.0,Fade,0.0,False
2025,4,ARI,00-0035228,K.Murray,QB,SEA,19.0,Fade,0.0,False
2025,4,PIT,00-0036894,P.Freiermuth,TE,MIN,19.0,Fade,0.0,False
2025,4,CLE,00-0026158,J.Flacco,QB,DET,18.9,Fade,0.0,False
2025,4,MIA,00-0036182,N.Westbrook-Ikhine,WR,NYJ,18.9,Fade,0.0,False
2025,4,MIA,00-0036212,T.Tagovailoa,QB,NYJ,18.8,Fade,0.0,False
2025,4,NYJ,00-0033943,J.Reynolds,WR,MIA,18.8,Fade,0.0,False
2025,4,IND,00-0039890,A.Mitchell,WR,LA,18.8,Fade,0.0,False
2025,4,DEN,00-0040730,R.Harvey,RB,CIN,18.7,Fade,1.0,True
2025,4,NE,00-0039851,D.Maye,QB,CAR,18.6,Fade,1.0,True
2025,4,SEA,00-0040648,T.Horton,WR,ARI,18.6,Fade,0.0,False
2025,4,MIN,00-0038440,Z.Scott,RB,PIT,18.5,Fade,1.0,True
2025,4,LV,00-0035602,A.Bachman,WR,CHI,18.5,Fade,0.0,False
2025,4,GB,00-0036264,J.Love,QB,DAL,18.5,Fade,0.0,False
2025,4,MIN,00-0033293,A.Jones,RB,PIT,18.5,Fade,0.0,False
2025,4,BUF,00-0038679,T.Shavers,WR,NO,18.5,Fade,0.0,False
2025,4,BAL,00-0036550,R.Bateman,WR,KC,18.4,Fade,0.0,False
2025,4,SF,00-0037112,J.Tonges,TE,JAX,18.3,Fade,1.0,True
2025,4,LA,00-0039751,J.Whittington,WR,IND,18.3,Fade,0.0,False
2025,4,NYG,00-0040691,J.Dart,QB,LAC,18.3,Fade,1.0,True
2025,4,PIT,00-0023459,A.Rodgers,QB,MIN,18.3,Fade,0.0,False
2025,4,DEN,00-0036422,A.Trautman,TE,CIN,18.2,Fade,0.0,False
2025,4,WAS,00-0040164,J.Lane,WR,ATL,18.0,Fade,0.0,False
2025,4,HOU,00-0033854,D.Ogunbowale,RB,TEN,18.0,Fade,0.0,False
2025,4,DEN,00-0037085,T.Badie,RB,CIN,17.9,Fade,0.0,False
2025,4,LA,00-0036244,C.Parkinson,TE,IND,17.9,Fade,0.0,False
2025,4,PHI,00-0036912,D.Smith,WR,TB,17.8,Fade,0.0,False
2025,4,NYG,00-0031484,C.Manhertz,TE,LAC,17.8,Fade,0.0,False
2025,4,NO,00-0037231,K.Austin,WR,BUF,17.7,Fade,0.0,False
2025,4,LA,00-0039075,P.Nacua,WR,IND,17.7,Fade,1.0,True
2025,4,NE,00-0038621,D.Douglas,WR,CAR,17.7,Fade,0.0,False
2025,4,SEA,00-0037093,D.Young,WR,ARI,17.7,Fade,0.0,False
2025,4,HOU,00-0040138,J.Noel,WR,TEN,17.6,Fade,0.0,False
2025,4,TEN,00-0036415,V.Jefferson,WR,HOU,17.6,Fade,0.0,False
2025,4,SEA,00-0033908,C.Kupp,WR,ARI,17.5,Fade,0.0,False
2025,4,SF,00-0038090,S.Moore,WR,JAX,17.5,Fade,0.0,False
2025,4,SEA,00-0034869,S.Darnold,QB,ARI,17.5,Fade,0.0,False
2025,4,JAX,00-0038555,T.Bigsby,RB,SF,17.4,Fade,0.0,False
2025,4,TEN,00-0032211,T.Lockett,WR,HOU,17.4,Fade,0.0,False
2025,4,JAX,00-0037004,H.Long,TE,SF,17.4,Fade,1.0,True
2025,4,PHI,00-0035676,A.Brown,WR,TB,17.4,Fade,0.0,False
2025,4,IND,00-0040179,D.Giddens,RB,LA,17.4,Fade,0.0,False
2025,4,HOU,00-0039163,C.Stroud,QB,TEN,17.2,Fade,0.0,False
2025,4,DEN,00-0040134,P.Bryant,WR,CIN,17.2,Fade,0.0,False
2025,4,MIA,00-0037013,Z.Wilson,QB,NYJ,17.2,Fade,0.0,False
2025,4,HOU,00-0034775,C.Kirk,WR,TEN,17.2,Fade,0.0,False
2025,4,SF,00-0036972,M.Jones,QB,JAX,17.1,Fade,0.0,False
2025,4,MIN,00-0036414,C.Akers,RB,PIT,17.1,Fade,0.0,False
2025,4,DET,00-0036754,B.Wright,TE,CLE,17.0,Fade,0.0,False
2025,4,DET,00-0032464,K.Raymond,WR,CLE,17.0,Fade,0.0,False
2025,4,GB,00-0038685,C.Brooks,RB,DAL,17.0,Fade,0.0,False
2025,4,JAX,00-0038935,B.Strange,TE,SF,16.9,Fade,0.0,False
2025,4,TEN,00-0037809,C.Okonkwo,TE,HOU,16.8,Fade,0.0,False
2025,4,TEN,00-0040584,G.Helm,TE,HOU,16.8,Fade,0.0,False
2025,4,MIA,00-0038720,J.Hill,TE,NYJ,16.8,Fade,0.0,False
2025,4,PHI,00-0037741,J.Dotson,WR,TB,16.8,Fade,0.0,False
2025,4,BUF,00-0035689,D.Knox,TE,NO,16.8,Fade,0.0,False
2025,4,TB,00-0038951,S.Tucker,RB,PHI,16.7,Fade,0.0,False
2025,4,SF,00-0036259,J.Jennings,WR,JAX,16.6,Fade,0.0,False
2025,4,CHI,00-0038416,T.Bagent,QB,LV,16.5,Fade,0.0,False
2025,4,CAR,00-0039150,B.Young,QB,NE,16.3,Fade,0.0,False
2025,4,PHI,00-0034351,D.Goedert,TE,TB,16.3,Fade,2.0,True
2025,4,DET,00-0039065,S.LaPorta,TE,CLE,16.3,Fade,0.0,False
2025,4,ARI,00-0039737,T.Reiman,TE,SEA,16.3,Fade,0.0,False
2025,4,PIT,00-0033858,J.Smith,TE,MIN,16.3,Fade,0.0,False
2025,4,JAX,00-0040238,L.Allen,RB,SF,16.2,Fade,0.0,False
2025,4,HOU,00-0039359,C.Stover,TE,TEN,16.2,Fade,0.0,False
2025,4,SF,00-0033307,K.Bourne,WR,JAX,16.0,Fade,0.0,False
2025,4,SEA,00-0040067,J.Wright,RB,ARI,16.0,Fade,0.0,False
2025,4,IND,00-0039164,A.Richardson,QB,LA,16.0,Fade,0.0,False
2025,4,DEN,00-0033881,E.Engram,TE,CIN,15.9,Fade,0.0,False
2025,4,SEA,00-0039299,G.Holani,RB,ARI,15.6,Fade,0.0,False
2025,4,DAL,00-0039410,R.Flournoy,WR,GB,15.6,Fade,0.0,False
2025,4,ARI,00-0035500,G.Dortch,WR,SEA,15.6,Fade,0.0,False
2025,4,TB,00-0031408,M.Evans,WR,PHI,15.5,Fade,0.0,False
2025,4,ATL,00-0036429,C.Woerner,TE,WAS,15.5,Fade,0.0,False
2025,4,NYJ,00-0028118,T.Taylor,QB,MIA,15.4,Fade,0.0,False
2025,4,NYJ,00-0040582,A.Smith,WR,MIA,15.2,Fade,0.0,False
2025,4,LAC,00-0034270,T.Conklin,TE,NYG,15.2,Fade,0.0,False
2025,4,WAS,00-0039910,J.Daniels,QB,ATL,15.2,Fade,0.0,False
2025,4,CIN,00-0035100,J.Browning,QB,DEN,15.2,Fade,0.0,False
2025,4,LAC,00-0040184,K.Lambert-Smith,WR,NYG,15.0,Fade,0.0,False
2025,4,DAL,00-0033077,D.Prescott,QB,GB,15.0,Fade,1.0,True
2025,4,DEN,00-0037539,L.Krull,TE,CIN,14.9,Fade,0.0,False
2025,4,SF,00-0037746,B.Robinson,RB,JAX,14.9,Fade,0.0,False
2025,4,TB,00-0038129,C.Otton,TE,PHI,14.8,Fade,0.0,False
2025,4,BUF,00-0035537,Ty.Johnson,RB,NO,14.7,Fade,0.0,False
2025,4,CAR,00-0039342,X.Legette,WR,NE,14.7,Fade,0.0,False
2025,4,PIT,00-0039739,R.Wilson,WR,MIN,14.6,Fade,0.0,False
2025,4,WAS,00-0039912,B.Sinnott,TE,ATL,14.6,Fade,0.0,False
2025,4,NYG,00-0035250,D.Singletary,RB,LAC,14.5,Fade,0.0,False
2025,4,GB,00-0038797,E.Wilson,RB,DAL,14.5,Fade,0.0,False
2025,4,IND,00-0037120,T.Goodson,RB,LA,14.5,Fade,0.0,False
2025,4,SEA,00-0040673,J.Milroe,QB,ARI,14.5,Fade,0.0,False
2025,4,CAR,00-0040644,T.Etienne,RB,NE,14.5,Fade,0.0,False
2025,4,NE,00-0040131,K.Williams,WR,CAR,14.3,Fade,0.0,False
2025,4,SF,00-0034272,M.Valdes-Scantling,WR,JAX,14.2,Fade,0.0,False
2025,4,CIN,00-0038619,A.Iosivas,WR,DEN,14.2,Fade,0.0,False
2025,4,KC,00-0039894,X.Worthy,WR,BAL,14.2,Fade,0.0,False
2025,4,IND,00-0037664,A.Pierce,WR,LA,14.0,Fade,0.0,False
2025,4,JAX,00-0033246,J.Mundt,TE,SF,14.0,Fade,0.0,False
2025,4,LV,00-0039066,M.Mayer,TE,CHI,13.9,Fade,0.0,False
2025,4,DEN,00-0038976,M.Mims,WR,CIN,13.9,Fade,1.0,True
2025,4,TB,00-0040237,T.Johnson,WR,PHI,13.9,Fade,0.0,False
2025,4,ARI,00-0038559,Mi.Wilson,WR,SEA,13.8,Fade,0.0,False
2025,4,ARI,00-0033119,J.Brissett,QB,SEA,13.6,Fade,0.0,False
2025,4,BUF,00-0039875,R.Davis,RB,NO,13.4,Fade,0.0,False
2025,4,NE,00-0033555,M.Hollins,WR,CAR,13.0,Fade,1.0,True
2025,4,HOU,00-0036232,H.Bryant,TE,TEN,12.9,Fade,0.0,False
2025,4,CAR,00-0039356,J.Sanders,TE,NE,12.9,Fade,0.0,False
2025,4,WAS,00-0035659,T.McLaurin,WR,ATL,12.8,Fade,0.0,False
2025,4,PIT,00-0040142,K.Johnson,RB,MIN,12.8,Fade,0.0,False
2025,4,PHI,00-0037086,G.Calcaterra,TE,TB,12.7,Fade,0.0,False
2025,4,SEA,00-0035704,D.Lock,QB,ARI,12.7,Fade,0.0,False
2025,4,SF,00-0038643,B.Willis,TE,JAX,12.7,Fade,0.0,False
2025,4,IND,00-0040476,U.Bentley,RB,LA,12.7,Fade,0.0,False
2025,4,PHI,00-0036876,K.Granson,TE,TB,12.7,Fade,0.0,False
2025,4,NE,00-0031588,S.Diggs,WR,CAR,12.6,Fade,0.0,False
2025,4,PHI,00-0037614,J.Metchie,WR,TB,12.4,Fade,0.0,False
2025,4,DAL,00-0036358,C.Lamb,WR,GB,12.1,Fade,0.0,False
2025,4,CIN,00-0036442,J.Burrow,QB,DEN,11.8,Fade,0.0,False
2025,4,MIN,00-0039923,J.McCarthy,QB,PIT,11.7,Fade,0.0,False
2025,4,LAC,00-0034159,W.Dissly,TE,NYG,11.7,Fade,0.0,False
2025,4,LA,00-0036849,T.Atwell,WR,IND,11.5,Fade,1.0,True
2025,4,BAL,00-0033662,C.Rush,QB,KC,11.4,Fade,0.0,False
2025,4,DET,00-0033106,J.Goff,QB,CLE,11.4,Fade,0.0,False
2025,4,WAS,00-0033591,N.Brown,WR,ATL,10.4,Fade,0.0,False
2025,4,TB,00-0039050,P.Durham,TE,PHI,10.2,Fade,0.0,False
2025,4,CIN,00-0035644,N.Fant,TE,DEN,10.0,Fade,0.0,False
2025,4,CAR,00-0027973,A.Dalton,QB,NE,9.9,Fade,0.0,False
2025,4,LAC,00-0037654,T.Fisk,TE,NYG,9.0,Fade,0.0,False
2025,4,TEN,00-0039650,B.Oliver,WR,HOU,9.0,Fade,0.0,False
2025,4,BUF,00-0033869,M.Trubisky,QB,NO,8.7,Fade,0.0,False
2025,4,ARI,00-0033891,Z.Jones,WR,SEA,8.5,Fade,0.0,False
2025,4,DET,00-0035567,C.Reynolds,RB,CLE,8.2,Fade,0.0,False
2025,4,ATL,00-0040547,N.Carter,RB,WAS,8.1,Fade,0.0,False
2025,4,NYG,00-0039384,T.Tracy,RB,LAC,6.1,Fade,0.0,False
2025,4,LAC,00-0038573,D.Davis,WR,NYG,5.7,Fade,0.0,False
2025,4,ATL,00-0034854,K.Hodge,WR,WAS,4.2,Fade,0.0,False
2025,5,LV,00-0040122,A.Jeanty,RB,IND,46.9,Lock,0.0,False
2025,5,PHI,00-0034844,S.Barkley,RB,DEN,43.1,Lock,1.0,True
2025,5,SF,00-0033280,C.McCaffrey,RB,LA,42.5,Lock,1.0,True
2025,5,DET,00-0039139,J.Gibbs,RB,CIN,41.9,Lock,1.0,True
2025,5,SEA,00-0039165,Z.Charbonnet,RB,TB,40.6,Lock,1.0,True
2025,5,JAX,00-0036973,T.Etienne,RB,KC,40.6,Lock,0.0,False
2025,5,CIN,00-0038597,C.Brown,RB,DET,39.7,Lock,0.0,False
2025,5,BUF,00-0037248,J.Cook,RB,NE,38.1,Lock,0.0,False
2025,5,NYJ,00-0039794,B.Allen,RB,DAL,36.8,Lock,0.0,False
2025,5,DEN,00-0036158,J.Dobbins,RB,PHI,36.4,Lock,1.0,True
2025,5,IND,00-0036223,J.Taylor,RB,LV,36.0,Lock,3.0,True
2025,5,DAL,00-0037247,G.Pickens,WR,NYJ,35.3,Lock,1.0,True
2025,5,NYG,00-0040715,C.Skattebo,RB,NO,35.2,Lock,0.0,False
2025,5,SEA,00-0038134,K.Walker,RB,TB,35.2,Lock,0.0,False
2025,5,HOU,00-0037258,D.Pierce,RB,BAL,34.7,Lock,0.0,False
2025,5,BAL,00-0039796,R.Ali,RB,HOU,34.3,Lock,0.0,False
2025,5,MIA,00-0036613,J.Waddle,WR,CAR,34.2,Lock,1.0,True
2025,5,CIN,00-0036410,T.Higgins,WR,DET,33.7,Lock,1.0,True
2025,5,DAL,00-0036997,J.Williams,RB,NYJ,33.4,Lock,2.0,True
2025,5,NE,00-0033090,H.Henry,TE,BUF,32.8,Lock,0.0,False
2025,5,HOU,00-0040583,W.Marks,RB,BAL,32.6,Lock,0.0,False
2025,5,NO,00-0033906,A.Kamara,RB,NYG,32.2,Lock,0.0,False
2025,5,DET,00-0036963,A.St. Brown,WR,CIN,32.1,Lock,0.0,False
2025,5,LAC,00-0036355,J.Herbert,QB,WAS,31.8,Lock,0.0,False
2025,5,TB,00-0039361,B.Irving,RB,SEA,31.7,Lock,0.0,False
2025,5,NE,00-0036875,R.Stevenson,RB,BUF,31.5,Lock,2.0,True
2025,5,MIA,00-0031610,D.Waller,TE,CAR,31.3,Lock,1.0,True
2025,5,LV,00-0031687,R.Mostert,RB,IND,31.0,Lock,0.0,False
2025,5,LA,00-0031381,D.Adams,WR,SF,31.0,Lock,0.0,False
2025,5,CLE,00-0040784,Q.Judkins,RB,MIN,30.9,Lock,0.0,False
2025,5,BAL,00-0032764,D.Henry,RB,HOU,30.8,Lock,1.0,True
2025,5,MIA,00-0039040,D.Achane,RB,CAR,30.7,Lock,1.0,True
2025,5,DEN,00-0039732,B.Nix,QB,PHI,30.6,Lock,0.0,False
2025,5,NYJ,00-0034521,A.Lazard,WR,DAL,30.5,Lock,0.0,False
2025,5,DET,00-0035685,D.Montgomery,RB,CIN,30.4,Lock,1.0,True
2025,5,ARI,00-0038705,E.Demercado,RB,TEN,30.1,Lock,0.0,False
2025,5,NYG,00-0029263,R.Wilson,QB,NO,30.0,Lean,0.0,False
2025,5,NYJ,00-0036945,J.Fields,QB,DAL,30.0,Lean,0.0,False
2025,5,LAC,00-0040666,O.Hampton,RB,WAS,30.0,Lean,0.0,False
2025,5,LAC,00-0038544,Q.Johnston,WR,WAS,29.9,Lean,0.0,False
2025,5,MIA,00-0037348,T.Conner,TE,CAR,29.9,Lean,0.0,False
2025,5,WAS,00-0038611,C.Rodriguez,RB,LAC,29.6,Lean,0.0,False
2025,5,CAR,00-0039342,X.Legette,WR,MIA,29.5,Lean,1.0,True
2025,5,MIN,00-0037291,J.Nailor,WR,CLE,29.5,Lean,0.0,False
2025,5,JAX,00-0037004,H.Long,TE,KC,29.5,Lean,0.0,False
2025,5,NYJ,00-0037740,G.Wilson,WR,DAL,29.4,Lean,1.0,True
2025,5,WAS,00-0032268,M.Mariota,QB,LAC,29.3,Lean,0.0,False
2025,5,CIN,00-0035631,D.Sample,TE,DET,29.2,Lean,0.0,False
2025,5,LAC,00-0030279,K.Allen,WR,WAS,29.2,Lean,0.0,False
2025,5,NE,00-0039851,D.Maye,QB,BUF,28.9,Lean,0.0,False
2025,5,MIA,00-0040198,O.Gordon,RB,CAR,28.8,Lean,0.0,False
2025,5,JAX,00-0040719,B.Tuten,RB,KC,28.7,Lean,0.0,False
2025,5,BUF,00-0038933,D.Kincaid,TE,NE,28.7,Lean,0.0,False
2025,5,KC,00-0033873,P.Mahomes,QB,JAX,28.6,Lean,1.0,True
2025,5,TEN,00-0035261,T.Pollard,RB,ARI,28.6,Lean,1.0,True
2025,5,IND,00-0040128,T.Warren,TE,LV,28.5,Lean,1.0,True
2025,5,MIN,00-0036322,J.Jefferson,WR,CLE,28.5,Lean,0.0,False
2025,5,CAR,00-0037005,T.Tremble,TE,MIA,28.5,Lean,0.0,False
2025,5,WAS,00-0039910,J.Daniels,QB,LAC,28.3,Lean,0.0,False
2025,5,ARI,00-0033553,J.Conner,RB,TEN,28.3,Lean,0.0,False
2025,5,LV,00-0038563,T.Tucker,WR,IND,28.2,Lean,0.0,False
2025,5,NYG,00-0039337,M.Nabers,WR,NO,28.2,Lean,0.0,False
2025,5,IND,00-0035021,A.Dulin,WR,LV,28.1,Lean,0.0,False
2025,5,NYG,00-0035535,D.Slayton,WR,NO,28.0,Lean,0.0,False
2025,5,CIN,00-0036900,J.Chase,WR,DET,27.9,Lean,2.0,True
2025,5,CAR,00-0040644,T.Etienne,RB,MIA,27.9,Lean,0.0,False
2025,5,BUF,00-0037261,K.Shakir,WR,NE,27.8,Lean,0.0,False
2025,5,PHI,00-0036389,J.Hurts,QB,DEN,27.8,Lean,0.0,False
2025,5,NYG,00-0038117,W.Robinson,WR,NO,27.7,Lean,0.0,False
2025,5,NYJ,00-0037805,J.Ruckert,TE,DAL,27.7,Lean,0.0,False
2025,5,TEN,00-0037594,J.Chestnut,RB,ARI,27.6,Lean,0.0,False
2025,5,HOU,00-0036554,N.Collins,WR,BAL,27.5,Lean,1.0,True
2025,5,NYJ,00-0038120,B.Hall,RB,DAL,27.5,Lean,0.0,False
2025,5,BUF,00-0036988,J.Palmer,WR,NE,27.4,Lean,0.0,False
2025,5,BAL,00-0034975,J.Hill,RB,HOU,27.3,Lean,0.0,False
2025,5,MIA,00-0038720,J.Hill,TE,CAR,27.3,Lean,0.0,False
2025,5,DAL,00-0037666,J.Tolbert,WR,NYJ,27.2,Lean,0.0,False
2025,5,SF,00-0036887,L.Farrell,TE,LA,27.2,Lean,0.0,False
2025,5,LAC,00-0040189,O.Gadsden,TE,WAS,27.1,Lean,0.0,False
2025,5,CAR,00-0036139,R.Dowdle,RB,MIA,26.8,Lean,1.0,True
2025,5,ARI,00-0039849,M.Harrison,WR,TEN,26.8,Lean,0.0,False
2025,5,LV,00-0040729,J.Bech,WR,IND,26.8,Lean,0.0,False
2025,5,CLE,00-0040466,R.Sanders,RB,MIN,26.8,Lean,0.0,False
2025,5,KC,00-0030506,T.Kelce,TE,JAX,26.8,Lean,1.0,True
2025,5,BUF,00-0039901,K.Coleman,WR,NE,26.7,Lean,1.0,True
2025,5,BUF,00-0040194,J.Hawes,TE,NE,26.4,Lean,0.0,False
2025,5,CAR,00-0040187,M.Evans,TE,MIA,26.4,Lean,1.0,True
2025,5,HOU,00-0034791,N.Chubb,RB,BAL,26.4,Lean,1.0,True
2025,5,NO,00-0037545,R.Shaheed,WR,NYG,26.3,Fringe,1.0,True
2025,5,DEN,00-0039868,T.Franklin,WR,PHI,26.3,Fringe,0.0,False
2025,5,LV,00-0034960,J.Meyers,WR,IND,26.3,Fringe,0.0,False
2025,5,NE,00-0040734,T.Henderson,RB,BUF,26.2,Fringe,0.0,False
2025,5,LA,00-0037840,K.Williams,RB,SF,26.0,Fringe,2.0,True
2025,5,NYJ,00-0036427,T.Johnson,WR,DAL,25.9,Fringe,0.0,False
2025,5,IND,00-0033217,M.Alie-Cox,TE,LV,25.9,Fringe,0.0,False
2025,5,WAS,00-0039355,L.McCaffrey,WR,LAC,25.7,Fringe,0.0,False
2025,5,NE,00-0038621,D.Douglas,WR,BUF,25.6,Fringe,0.0,False
2025,5,NO,00-0038551,K.Miller,RB,NYG,25.6,Fringe,0.0,False
2025,5,WAS,00-0030061,Z.Ertz,TE,LAC,25.6,Fringe,0.0,False
2025,5,SEA,00-0033576,E.Saubert,TE,TB,25.5,Fringe,0.0,False
2025,5,NE,00-0038608,K.Boutte,WR,BUF,25.5,Fringe,0.0,False
2025,5,IND,00-0036252,M.Pittman,WR,LV,25.3,Fringe,1.0,True
2025,5,NE,00-0032392,A.Hooper,TE,BUF,25.3,Fringe,0.0,False
2025,5,BAL,00-0039792,D.Walker,WR,HOU,25.3,Fringe,0.0,False
2025,5,JAX,00-0038555,T.Bigsby,RB,KC,25.2,Fringe,0.0,False
2025,5,NYJ,00-0040736,M.Taylor,TE,DAL,25.2,Fringe,0.0,False
2025,5,HOU,00-0034383,D.Schultz,TE,BAL,25.2,Fringe,0.0,False
2025,5,TEN,00-0040705,C.Dike,WR,ARI,25.2,Fringe,0.0,False
2025,5,PHI,00-0034351,D.Goedert,TE,DEN,25.0,Fringe,1.0,True
2025,5,BUF,00-0036980,E.Moore,WR,NE,24.9,Fringe,0.0,False
2025,5,NO,00-0039424,D.Vele,WR,NYG,24.9,Fringe,0.0,False
2025,5,ARI,00-0039921,T.Benson,RB,TEN,24.9,Fringe,0.0,False
2025,5,CIN,00-0038839,M.Tinsley,WR,DET,24.9,Fringe,0.0,False
2025,5,JAX,00-0038606,P.Washington,WR,KC,24.9,Fringe,1.0,True
2025,5,TB,00-0033921,C.Godwin,WR,SEA,24.8,Fringe,0.0,False
2025,5,SF,00-0033288,G.Kittle,TE,LA,24.8,Fringe,0.0,False
2025,5,LAC,00-0034270,T.Conklin,TE,WAS,24.7,Fringe,0.0,False
2025,5,CLE,00-0038979,C.Tillman,WR,MIN,24.7,Fringe,0.0,False
2025,5,NYG,00-0039847,T.Johnson,TE,NO,24.7,Fringe,2.0,True
2025,5,NO,00-0037239,C.Olave,WR,NYG,24.6,Fringe,0.0,False
2025,5,CLE,00-0040162,D.Sampson,RB,MIN,24.6,Fringe,0.0,False
2025,5,HOU,00-0034386,J.Watson,WR,BAL,24.5,Fringe,0.0,False
2025,5,DEN,00-0040730,R.Harvey,RB,PHI,24.4,Fringe,0.0,False
2025,5,NYJ,00-0039798,I.Davis,RB,DAL,24.4,Fringe,0.0,False
2025,5,TB,00-0037256,R.White,RB,SEA,24.4,Fringe,2.0,True
2025,5,CIN,00-0034829,M.Gesicki,TE,DET,24.4,Fringe,0.0,False
2025,5,LA,00-0039075,P.Nacua,WR,SF,24.3,Fringe,1.0,True
2025,5,LV,00-0039338,B.Bowers,TE,IND,24.2,Fringe,0.0,False
2025,5,ARI,00-0037744,T.McBride,TE,TEN,24.2,Fringe,0.0,False
2025,5,SF,00-0037112,J.Tonges,TE,LA,24.2,Fringe,1.0,True
2025,5,NE,00-0036328,A.Gibson,RB,BUF,24.0,Fringe,0.0,False
2025,5,NYG,00-0038115,D.Bellinger,TE,NO,24.0,Fringe,0.0,False
2025,5,CAR,00-0040124,T.McMillan,WR,MIA,23.9,Fringe,0.0,False
2025,5,DAL,00-0039410,R.Flournoy,WR,NYJ,23.9,Fringe,0.0,False
2025,5,CAR,00-0034983,H.Renfrow,WR,MIA,23.9,Fringe,0.0,False
2025,5,CIN,00-0035644,N.Fant,TE,DET,23.8,Fringe,0.0,False
2025,5,PHI,00-0036265,A.Dillon,RB,DEN,23.6,Fringe,0.0,False
2025,5,CAR,00-0037282,J.Mitchell,TE,MIA,23.6,Fringe,0.0,False
2025,5,SEA,00-0034869,S.Darnold,QB,TB,23.5,Fringe,0.0,False
2025,5,DET,00-0040669,I.TeSlaa,WR,CIN,23.5,Fringe,1.0,True
2025,5,TEN,00-0040676,C.Ward,QB,ARI,23.5,Fringe,0.0,False
2025,5,SEA,00-0039793,A.Barner,TE,TB,23.4,Fringe,2.0,True
2025,5,NE,00-0031588,S.Diggs,WR,BUF,23.4,Fringe,0.0,False
2025,5,DAL,00-0033077,D.Prescott,QB,NYJ,23.3,Fringe,0.0,False
2025,5,SEA,00-0040739,E.Arroyo,TE,TB,23.2,Fringe,0.0,False
2025,5,HOU,00-0034775,C.Kirk,WR,BAL,23.2,Fringe,0.0,False
2025,5,LAC,00-0040727,T.Harris,WR,WAS,23.2,Fringe,0.0,False
2025,5,JAX,00-0040238,L.Allen,RB,KC,23.1,Fringe,0.0,False
2025,5,LV,00-0039066,M.Mayer,TE,IND,23.0,Fringe,0.0,False
2025,5,LAC,00-0034159,W.Dissly,TE,WAS,23.0,Fringe,0.0,False
2025,5,ARI,00-0035500,G.Dortch,WR,TEN,22.9,Fringe,0.0,False
2025,5,DEN,00-0034348,C.Sutton,WR,PHI,22.8,Fringe,0.0,False
2025,5,TB,00-0034855,B.Mayfield,QB,SEA,22.7,Fringe,0.0,False
2025,5,CIN,00-0038619,A.Iosivas,WR,DET,22.7,Fringe,0.0,False
2025,5,WAS,00-0035719,D.Samuel,WR,LAC,22.6,Fringe,1.0,True
2025,5,BAL,00-0030564,D.Hopkins,WR,HOU,22.5,Fringe,0.0,False
2025,5,NO,00-0039376,S.Rattler,QB,NYG,22.4,Fringe,0.0,False
2025,5,TEN,00-0040584,G.Helm,TE,ARI,22.3,Fringe,0.0,False
2025,5,CAR,00-0038840,B.Tremayne,WR,MIA,22.2,Fringe,0.0,False
2025,5,LV,00-0040581,D.Thornton,WR,IND,22.2,Fringe,0.0,False
2025,5,CLE,00-0040782,I.Bond,WR,MIN,22.2,Fringe,0.0,False
2025,5,LAC,00-0039915,L.McConkey,WR,WAS,22.1,Fringe,1.0,True
2025,5,DAL,00-0035243,M.Sanders,RB,NYJ,22.1,Fringe,0.0,False
2025,5,LA,00-0036849,T.Atwell,WR,SF,22.1,Fringe,0.0,False
2025,5,WAS,00-0040242,J.Croskey-Merritt,RB,LAC,22.0,Fringe,2.0,True
2025,5,HOU,00-0040130,J.Higgins,WR,BAL,22.0,Fringe,0.0,False
2025,5,CAR,00-0033589,D.Moore,WR,MIA,22.0,Fringe,0.0,False
2025,5,DET,00-0037240,J.Williams,WR,CIN,21.9,Fringe,0.0,False
2025,5,BUF,00-0038679,T.Shavers,WR,NE,21.9,Fringe,0.0,False
2025,5,IND,00-0035710,D.Jones,QB,LV,21.8,Fringe,0.0,False
2025,5,CAR,00-0039150,B.Young,QB,MIA,21.8,Fringe,0.0,False
2025,5,PHI,00-0039746,W.Shipley,RB,DEN,21.7,Fringe,0.0,False
2025,5,LA,00-0038359,X.Smith,WR,SF,21.7,Fringe,0.0,False
2025,5,JAX,00-0036626,D.Brown,WR,KC,21.7,Fringe,0.0,False
2025,5,NYJ,00-0033943,J.Reynolds,WR,DAL,21.7,Fringe,0.0,False
2025,5,KC,00-0033857,J.Smith-Schuster,WR,JAX,21.7,Fringe,0.0,False
2025,5,TEN,00-0040170,E.Ayomanor,WR,ARI,21.7,Fringe,0.0,False
2025,5,SF,00-0032775,D.Robinson,WR,LA,21.6,Fade,0.0,False
2025,5,BAL,00-0036630,T.Wallace,WR,HOU,21.5,Fade,0.0,False
2025,5,KC,00-0037197,I.Pacheco,RB,JAX,21.4,Fade,0.0,False
2025,5,IND,00-0039890,A.Mitchell,WR,LV,21.4,Fade,0.0,False
2025,5,TEN,00-0037809,C.Okonkwo,TE,ARI,21.3,Fade,0.0,False
2025,5,CIN,00-0039631,C.Grandy,TE,DET,21.2,Fade,0.0,False
2025,5,NE,00-0033555,M.Hollins,WR,BUF,21.2,Fade,0.0,False
2025,5,KC,00-0038519,N.Remigio,WR,JAX,21.1,Fade,0.0,False
2025,5,KC,00-0038104,T.Thornton,WR,JAX,21.1,Fade,0.0,False
2025,5,CLE,00-0026158,J.Flacco,QB,MIN,21.1,Fade,0.0,False
2025,5,KC,00-0033923,K.Hunt,RB,JAX,21.1,Fade,2.0,True
2025,5,BUF,00-0033282,C.Samuel,WR,NE,21.0,Fade,1.0,True
2025,5,JAX,00-0038935,B.Strange,TE,KC,20.9,Fade,0.0,False
2025,5,NE,00-0033949,J.Dobbs,QB,BUF,20.9,Fade,0.0,False
2025,5,BUF,00-0035689,D.Knox,TE,NE,20.9,Fade,0.0,False
2025,5,MIN,00-0037525,J.Mason,RB,CLE,20.8,Fade,1.0,True
2025,5,HOU,00-0039359,C.Stover,TE,BAL,20.7,Fade,0.0,False
2025,5,WAS,00-0033699,A.Ekeler,RB,LAC,20.7,Fade,0.0,False
2025,5,DET,00-0036754,B.Wright,TE,CIN,20.7,Fade,1.0,True
2025,5,KC,00-0035662,M.Brown,WR,JAX,20.7,Fade,0.0,False
2025,5,CLE,00-0037267,J.Ford,RB,MIN,20.7,Fade,0.0,False
2025,5,ARI,00-0039041,E.Higgins,TE,TEN,20.6,Fade,0.0,False
2025,5,NO,00-0040202,D.Neal,RB,NYG,20.6,Fade,0.0,False
2025,5,JAX,00-0039893,B.Thomas,WR,KC,20.5,Fade,0.0,False
2025,5,MIN,00-0038994,J.Addison,WR,CLE,20.4,Fade,1.0,True
2025,5,BUF,00-0034857,J.Allen,QB,NE,20.3,Fade,0.0,False
2025,5,BAL,00-0034753,M.Andrews,TE,HOU,20.3,Fade,0.0,False
2025,5,WAS,00-0037524,T.Martin,WR,LAC,20.2,Fade,0.0,False
2025,5,TB,00-0040129,E.Egbuka,WR,SEA,20.2,Fade,1.0,True
2025,5,ARI,00-0033891,Z.Jones,WR,TEN,20.1,Fade,0.0,False
2025,5,IND,00-0038997,J.Downs,WR,LV,20.0,Fade,0.0,False
2025,5,DEN,00-0037085,T.Badie,RB,PHI,19.9,Fade,0.0,False
2025,5,NYG,00-0040691,J.Dart,QB,NO,19.8,Fade,0.0,False
2025,5,WAS,00-0033955,J.McNichols,RB,LAC,19.8,Fade,0.0,False
2025,5,CAR,00-0036555,C.Hubbard,RB,MIA,19.8,Fade,0.0,False
2025,5,HOU,00-0033854,D.Ogunbowale,RB,BAL,19.7,Fade,0.0,False
2025,5,KC,00-0036637,N.Gray,TE,JAX,19.7,Fade,0.0,False
2025,5,DET,00-0032464,K.Raymond,WR,CIN,19.6,Fade,0.0,False
2025,5,NYG,00-0031484,C.Manhertz,TE,NO,19.6,Fade,0.0,False
2025,5,NYJ,00-0040582,A.Smith,WR,DAL,19.6,Fade,0.0,False
2025,5,DET,00-0038896,J.Saylors,RB,CIN,19.5,Fade,0.0,False
2025,5,SF,00-0033307,K.Bourne,WR,LA,19.5,Fade,0.0,False
2025,5,KC,00-0038492,J.Brownlee,WR,JAX,19.3,Fade,0.0,False
2025,5,DET,00-0039065,S.LaPorta,TE,CIN,19.2,Fade,1.0,True
2025,5,BAL,00-0039064,Z.Flowers,WR,HOU,19.2,Fade,0.0,False
2025,5,DAL,00-0038041,J.Ferguson,TE,NYJ,19.1,Fade,2.0,True
2025,5,CLE,00-0036407,J.Jeudy,WR,MIN,19.0,Fade,0.0,False
2025,5,SEA,00-0038752,J.Bobo,WR,TB,19.0,Fade,0.0,False
2025,5,NE,00-0040131,K.Williams,WR,BUF,19.0,Fade,0.0,False
2025,5,BAL,00-0034796,L.Jackson,QB,HOU,18.9,Fade,0.0,False
2025,5,ARI,00-0038559,Mi.Wilson,WR,TEN,18.8,Fade,0.0,False
2025,5,DEN,00-0034487,T.Sherfield,WR,PHI,18.8,Fade,0.0,False
2025,5,NYJ,00-0028118,T.Taylor,QB,DAL,18.6,Fade,0.0,False
2025,5,SF,00-0038090,S.Moore,WR,LA,18.6,Fade,0.0,False
2025,5,SF,00-0036972,M.Jones,QB,LA,18.5,Fade,0.0,False
2025,5,NO,00-0036040,J.Johnson,TE,NYG,18.5,Fade,0.0,False
2025,5,NO,00-0031236,B.Cooks,WR,NYG,18.5,Fade,0.0,False
2025,5,CIN,00-0035100,J.Browning,QB,DET,18.4,Fade,0.0,False
2025,5,LV,00-0039407,D.Laube,RB,IND,18.4,Fade,0.0,False
2025,5,SF,00-0034272,M.Valdes-Scantling,WR,LA,18.3,Fade,0.0,False
2025,5,MIA,00-0033040,T.Hill,WR,CAR,18.2,Fade,0.0,False
2025,5,CIN,00-0033526,S.Perine,RB,DET,18.2,Fade,0.0,False
2025,5,LV,00-0038040,Z.White,RB,IND,18.2,Fade,0.0,False
2025,5,NO,00-0036741,J.Stoll,TE,NYG,18.1,Fade,0.0,False
2025,5,SEA,00-0038543,J.Smith-Njigba,WR,TB,18.0,Fade,1.0,True
2025,5,JAX,00-0033375,T.Patrick,WR,KC,18.0,Fade,0.0,False
2025,5,CIN,00-0040208,T.Brooks,RB,DET,18.0,Fade,0.0,False
2025,5,CLE,00-0040663,H.Fannin,TE,MIN,17.9,Fade,1.0,True
2025,5,SF,00-0038643,B.Willis,TE,LA,17.9,Fade,0.0,False
2025,5,BAL,00-0036550,R.Bateman,WR,HOU,17.9,Fade,0.0,False
2025,5,LV,00-0030565,G.Smith,QB,IND,17.9,Fade,0.0,False
2025,5,DEN,00-0038976,M.Mims,WR,PHI,17.8,Fade,0.0,False
2025,5,JAX,00-0033246,J.Mundt,TE,KC,17.7,Fade,0.0,False
2025,5,WAS,00-0032398,C.Moore,WR,LAC,17.6,Fade,0.0,False
2025,5,BAL,00-0037340,Z.Mitchell-Paden,TE,HOU,17.4,Fade,0.0,False
2025,5,LA,00-0039751,J.Whittington,WR,SF,17.4,Fade,0.0,False
2025,5,HOU,00-0036232,H.Bryant,TE,BAL,17.4,Fade,0.0,False
2025,5,LAC,00-0040184,K.Lambert-Smith,WR,WAS,17.4,Fade,0.0,False
2025,5,KC,00-0039894,X.Worthy,WR,JAX,17.4,Fade,0.0,False
2025,5,HOU,00-0038618,X.Hutchinson,WR,BAL,17.4,Fade,2.0,True
2025,5,MIN,00-0040154,T.Felton,WR,CLE,17.4,Fade,0.0,False
2025,5,SEA,00-0040067,J.Wright,RB,TB,17.3,Fade,0.0,False
2025,5,PHI,00-0037086,G.Calcaterra,TE,DEN,17.3,Fade,0.0,False
2025,5,JAX,00-0036971,T.Lawrence,QB,KC,17.3,Fade,2.0,True
2025,5,WAS,00-0039912,B.Sinnott,TE,LAC,17.3,Fade,0.0,False
2025,5,SEA,00-0040673,J.Milroe,QB,TB,17.1,Fade,0.0,False
2025,5,SEA,00-0039299,G.Holani,RB,TB,17.0,Fade,0.0,False
2025,5,LAC,00-0036893,N.Harris,RB,WAS,17.0,Fade,0.0,False
2025,5,MIN,00-0035229,T.Hockenson,TE,CLE,17.0,Fade,0.0,False
2025,5,MIN,00-0030035,A.Thielen,WR,CLE,17.0,Fade,0.0,False
2025,5,LV,00-0035602,A.Bachman,WR,IND,16.9,Fade,0.0,False
2025,5,IND,00-0040179,D.Giddens,RB,LV,16.9,Fade,0.0,False
2025,5,DET,00-0035567,C.Reynolds,RB,CIN,16.9,Fade,0.0,False
2025,5,KC,00-0040078,B.Smith,RB,JAX,16.8,Fade,0.0,False
2025,5,PHI,00-0036912,D.Smith,WR,DEN,16.8,Fade,0.0,False
2025,5,MIN,00-0035249,J.Oliver,TE,CLE,16.7,Fade,1.0,True
2025,5,TB,00-0038824,R.Miller,WR,SEA,16.6,Fade,0.0,False
2025,5,TB,00-0032385,S.Shepard,WR,SEA,16.6,Fade,1.0,True
2025,5,SF,00-0037746,B.Robinson,RB,LA,16.5,Fade,0.0,False
2025,5,DEN,00-0040134,P.Bryant,WR,PHI,16.5,Fade,0.0,False
2025,5,KC,00-0035289,G.Minshew,QB,JAX,16.5,Fade,0.0,False
2025,5,DEN,00-0036422,A.Trautman,TE,PHI,16.4,Fade,0.0,False
2025,5,CLE,00-0039379,J.Thrash,WR,MIN,16.4,Fade,0.0,False
2025,5,HOU,00-0039163,C.Stroud,QB,BAL,16.4,Fade,0.0,False
2025,5,TB,00-0038129,C.Otton,TE,SEA,16.4,Fade,0.0,False
2025,5,TEN,00-0034837,C.Ridley,WR,ARI,16.4,Fade,0.0,False
2025,5,CIN,00-0036442,J.Burrow,QB,DET,16.3,Fade,0.0,False
2025,5,SEA,00-0033908,C.Kupp,WR,TB,16.2,Fade,0.0,False
2025,5,PHI,00-0037741,J.Dotson,WR,DEN,16.2,Fade,0.0,False
2025,5,CAR,00-0027973,A.Dalton,QB,MIA,16.1,Fade,0.0,False
2025,5,TEN,00-0036415,V.Jefferson,WR,ARI,16.1,Fade,0.0,False
2025,5,SEA,00-0037093,D.Young,WR,TB,16.0,Fade,0.0,False
2025,5,PHI,00-0036876,K.Granson,TE,DEN,15.9,Fade,0.0,False
2025,5,NYG,00-0035250,D.Singletary,RB,NO,15.8,Fade,0.0,False
2025,5,ARI,00-0039521,X.Weaver,WR,TEN,15.8,Fade,0.0,False
2025,5,SF,00-0036259,J.Jennings,WR,LA,15.8,Fade,0.0,False
2025,5,TB,00-0038951,S.Tucker,RB,SEA,15.7,Fade,0.0,False
2025,5,LA,00-0039738,B.Corum,RB,SF,15.6,Fade,0.0,False
2025,5,SEA,00-0040648,T.Horton,WR,TB,15.5,Fade,1.0,True
2025,5,TB,00-0031408,M.Evans,WR,SEA,15.5,Fade,0.0,False
2025,5,LAC,00-0037654,T.Fisk,TE,WAS,15.5,Fade,0.0,False
2025,5,SEA,00-0035704,D.Lock,QB,TB,15.4,Fade,0.0,False
2025,5,ARI,00-0035228,K.Murray,QB,TEN,15.3,Fade,1.0,True
2025,5,CLE,00-0033885,D.Njoku,TE,MIN,15.3,Fade,1.0,True
2025,5,BAL,00-0038046,C.Kolar,TE,HOU,15.3,Fade,0.0,False
2025,5,DEN,00-0033881,E.Engram,TE,PHI,15.3,Fade,1.0,True
2025,5,BUF,00-0035537,Ty.Johnson,RB,NE,15.2,Fade,0.0,False
2025,5,WAS,00-0040164,J.Lane,WR,LAC,15.1,Fade,0.0,False
2025,5,ARI,00-0036924,M.Carter,RB,TEN,14.9,Fade,1.0,True
2025,5,LA,00-0026498,M.Stafford,QB,SF,14.9,Fade,0.0,False
2025,5,BAL,00-0033662,C.Rush,QB,HOU,14.8,Fade,0.0,False
2025,5,PHI,00-0035676,A.Brown,WR,DEN,14.7,Fade,0.0,False
2025,5,MIN,00-0038440,Z.Scott,RB,CLE,14.7,Fade,0.0,False
2025,5,TEN,00-0032211,T.Lockett,WR,ARI,14.7,Fade,0.0,False
2025,5,LA,00-0039074,D.Allen,TE,SF,14.5,Fade,0.0,False
2025,5,IND,00-0037664,A.Pierce,WR,LV,14.2,Fade,0.0,False
2025,5,MIA,00-0039880,M.Washington,WR,CAR,14.2,Fade,0.0,False
2025,5,ARI,00-0039737,T.Reiman,TE,TEN,14.1,Fade,0.0,False
2025,5,BUF,00-0039875,R.Davis,RB,NE,14.1,Fade,0.0,False
2025,5,HOU,00-0040138,J.Noel,WR,BAL,14.0,Fade,1.0,True
2025,5,NO,00-0037231,K.Austin,WR,NYG,13.9,Fade,0.0,False
2025,5,DAL,00-0038547,L.Schoonmaker,TE,NYJ,13.7,Fade,0.0,False
2025,5,MIA,00-0036212,T.Tagovailoa,QB,CAR,13.6,Fade,0.0,False
2025,5,LA,00-0036244,C.Parkinson,TE,SF,13.6,Fade,0.0,False
2025,5,SF,00-0039916,R.Pearsall,WR,LA,13.5,Fade,0.0,False
2025,5,MIA,00-0036620,D.Eskridge,WR,CAR,13.5,Fade,0.0,False
2025,5,DAL,00-0039530,B.Spann-Ford,TE,NYJ,13.3,Fade,0.0,False
2025,5,DAL,00-0038738,H.Luepke,RB,NYJ,13.3,Fade,0.0,False
2025,5,MIA,00-0037013,Z.Wilson,QB,CAR,13.2,Fade,0.0,False
2025,5,MIN,00-0032950,C.Wentz,QB,CLE,13.2,Fade,0.0,False
2025,5,TB,00-0039050,P.Durham,TE,SEA,13.0,Fade,0.0,False
2025,5,CAR,00-0039356,J.Sanders,TE,MIA,12.9,Fade,0.0,False
2025,5,WAS,00-0035659,T.McLaurin,WR,LAC,12.7,Fade,0.0,False
2025,5,MIA,00-0036182,N.Westbrook-Ikhine,WR,CAR,12.6,Fade,0.0,False
2025,5,TB,00-0040237,T.Johnson,WR,SEA,12.4,Fade,0.0,False
2025,5,DAL,00-0037801,K.Turpin,WR,NYJ,12.3,Fade,0.0,False
2025,5,DAL,00-0036358,C.Lamb,WR,NYJ,12.1,Fade,0.0,False
2025,5,MIN,00-0039923,J.McCarthy,QB,CLE,12.0,Fade,0.0,False
2025,5,PHI,00-0037614,J.Metchie,WR,DEN,12.0,Fade,0.0,False
2025,5,IND,00-0040476,U.Bentley,RB,LV,11.6,Fade,0.0,False
2025,5,DEN,00-0038783,N.Adkins,TE,PHI,11.1,Fade,0.0,False
2025,5,LA,00-0033110,T.Higbee,TE,SF,11.0,Fade,0.0,False
2025,5,IND,00-0039164,A.Richardson,QB,LV,10.8,Fade,0.0,False
2025,5,DET,00-0033106,J.Goff,QB,CIN,10.7,Fade,0.0,False
2025,5,CLE,00-0038710,B.Whiteheart,TE,MIN,10.6,Fade,0.0,False
2025,5,WAS,00-0033591,N.Brown,WR,LAC,10.5,Fade,0.0,False
2025,5,ARI,00-0033119,J.Brissett,QB,TEN,10.4,Fade,0.0,False
2025,5,MIN,00-0033293,A.Jones,RB,CLE,10.3,Fade,0.0,False
2025,5,SF,00-0037834,B.Purdy,QB,LA,9.7,Fade,0.0,False
2025,5,BUF,00-0033869,M.Trubisky,QB,NE,9.3,Fade,0.0,False
2025,5,TEN,00-0039650,B.Oliver,WR,ARI,9.0,Fade,0.0,False
2025,5,MIN,00-0036414,C.Akers,RB,CLE,8.8,Fade,0.0,False
2025,5,DET,00-0034577,K.Allen,QB,CIN,8.1,Fade,0.0,False
2025,5,NYG,00-0039384,T.Tracy,RB,NO,7.4,Fade,0.0,False
2025,5,DEN,00-0037539,L.Krull,TE,PHI,6.4,Fade,0.0,False
2025,5,LAC,00-0038573,D.Davis,WR,WAS,5.7,Fade,0.0,False
2025,5,IND,00-0037120,T.Goodson,RB,LV,5.4,Fade,0.0,False
2025,6,SF,00-0033280,C.McCaffrey,RB,TB,48.3,Lock,1.0,True
2025,6,DET,00-0039139,J.Gibbs,RB,KC,44.4,Lock,0.0,False
2025,6,LV,00-0040122,A.Jeanty,RB,TEN,43.8,Lock,1.0,True
2025,6,GB,00-0035700,J.Jacobs,RB,CIN,43.2,Lock,2.0,True
2025,6,DAL,00-0036997,J.Williams,RB,CAR,41.8,Lock,0.0,False
2025,6,PIT,00-0037228,J.Warren,RB,CLE,41.5,Lock,0.0,False
2025,6,NYJ,00-0039794,B.Allen,RB,DEN,40.5,Lock,0.0,False
2025,6,IND,00-0036223,J.Taylor,RB,ARI,38.6,Lock,1.0,True
2025,6,SEA,00-0039165,Z.Charbonnet,RB,JAX,38.6,Lock,0.0,False
2025,6,NYG,00-0029263,R.Wilson,QB,PHI,38.5,Lock,0.0,False
2025,6,LAC,00-0039391,K.Vidal,RB,MIA,37.7,Lock,1.0,True
2025,6,NYG,00-0040715,C.Skattebo,RB,PHI,37.2,Lock,3.0,True
2025,6,CLE,00-0040784,Q.Judkins,RB,PIT,36.5,Lock,0.0,False
2025,6,PHI,00-0034844,S.Barkley,RB,NYG,36.1,Lock,0.0,False
2025,6,ATL,00-0038542,B.Robinson,RB,BUF,35.9,Lock,1.0,True
2025,6,LA,00-0037840,K.Williams,RB,BAL,35.9,Lock,1.0,True
2025,6,CHI,00-0039919,R.Odunze,WR,WAS,35.0,Lock,0.0,False
2025,6,LAC,00-0040666,O.Hampton,RB,MIA,34.9,Lock,0.0,False
2025,6,BUF,00-0037248,J.Cook,RB,ATL,34.5,Lock,0.0,False
2025,6,DET,00-0035685,D.Montgomery,RB,KC,34.5,Lock,0.0,False
2025,6,MIA,00-0036613,J.Waddle,WR,LAC,34.1,Lock,0.0,False
2025,6,JAX,00-0036973,T.Etienne,RB,SEA,34.0,Lock,0.0,False
2025,6,CHI,00-0039918,C.Williams,QB,WAS,33.6,Lock,1.0,True
2025,6,WAS,00-0038611,C.Rodriguez,RB,CHI,33.4,Lock,0.0,False
2025,6,ARI,00-0037157,Z.Knight,RB,IND,32.7,Lock,1.0,True
2025,6,SEA,00-0038134,K.Walker,RB,JAX,32.7,Lock,0.0,False
2025,6,DEN,00-0036158,J.Dobbins,RB,NYJ,32.6,Lock,0.0,False
2025,6,BAL,00-0039796,R.Ali,RB,LA,32.5,Lock,0.0,False
2025,6,BAL,00-0032764,D.Henry,RB,LA,32.5,Lock,0.0,False
2025,6,WAS,00-0039355,L.McCaffrey,WR,CHI,32.3,Lock,1.0,True
2025,6,NYJ,00-0038120,B.Hall,RB,DEN,32.2,Lock,0.0,False
2025,6,CAR,00-0039342,X.Legette,WR,DAL,32.2,Lock,0.0,False
2025,6,ARI,00-0038705,E.Demercado,RB,IND,32.1,Lock,0.0,False
2025,6,CIN,00-0038597,C.Brown,RB,GB,32.0,Lock,0.0,False
2025,6,DEN,00-0039868,T.Franklin,WR,NYJ,32.0,Lock,0.0,False
2025,6,TB,00-0039361,B.Irving,RB,SF,31.9,Lock,0.0,False
2025,6,ARI,00-0033553,J.Conner,RB,IND,31.8,Lock,0.0,False
2025,6,CAR,00-0036139,R.Dowdle,RB,DAL,31.7,Lock,1.0,True
2025,6,NE,00-0033090,H.Henry,TE,NO,31.7,Lock,0.0,False
2025,6,LAC,00-0036355,J.Herbert,QB,MIA,31.6,Lean,0.0,False
2025,6,WAS,00-0040242,J.Croskey-Merritt,RB,CHI,31.6,Lean,0.0,False
2025,6,MIA,00-0039040,D.Achane,RB,LAC,31.3,Lean,2.0,True
2025,6,WAS,00-0032268,M.Mariota,QB,CHI,31.2,Lean,0.0,False
2025,6,NO,00-0037545,R.Shaheed,WR,NE,31.2,Lean,0.0,False
2025,6,CHI,00-0040735,L.Burden,WR,WAS,30.5,Lean,0.0,False
2025,6,NO,00-0036040,J.Johnson,TE,NE,30.2,Lean,0.0,False
2025,6,ATL,00-0037263,T.Allgeier,RB,BUF,29.9,Lean,1.0,True
2025,6,NO,00-0037239,C.Olave,WR,NE,29.7,Lean,0.0,False
2025,6,WAS,00-0039910,J.Daniels,QB,CHI,29.3,Lean,0.0,False
2025,6,LV,00-0038563,T.Tucker,WR,TEN,29.2,Lean,0.0,False
2025,6,LA,00-0031381,D.Adams,WR,BAL,29.2,Lean,0.0,False
2025,6,KC,00-0038104,T.Thornton,WR,DET,29.0,Lean,0.0,False
2025,6,CLE,00-0038979,C.Tillman,WR,PIT,29.0,Lean,0.0,False
2025,6,SEA,00-0039793,A.Barner,TE,JAX,29.0,Lean,0.0,False
2025,6,CLE,00-0040466,R.Sanders,RB,PIT,28.8,Lean,0.0,False
2025,6,CAR,00-0040124,T.McMillan,WR,DAL,28.8,Lean,2.0,True
2025,6,NO,00-0039424,D.Vele,WR,NE,28.7,Lean,0.0,False
2025,6,SEA,00-0033576,E.Saubert,TE,JAX,28.7,Lean,0.0,False
2025,6,CAR,00-0040218,Ji.Horn,WR,DAL,28.7,Lean,0.0,False
2025,6,DET,00-0036963,A.St. Brown,WR,KC,28.5,Lean,0.0,False
2025,6,LAC,00-0030279,K.Allen,WR,MIA,28.5,Lean,0.0,False
2025,6,NO,00-0036741,J.Stoll,TE,NE,28.5,Lean,0.0,False
2025,6,BUF,00-0034857,J.Allen,QB,ATL,28.5,Lean,0.0,False
2025,6,CHI,00-0036290,C.Kmet,TE,WAS,28.4,Lean,0.0,False
2025,6,ARI,00-0037744,T.McBride,TE,IND,28.4,Lean,1.0,True
2025,6,CAR,00-0040644,T.Etienne,RB,DAL,28.3,Lean,0.0,False
2025,6,KC,00-0033857,J.Smith-Schuster,WR,DET,28.2,Lean,0.0,False
2025,6,DAL,00-0038041,J.Ferguson,TE,CAR,28.1,Lean,1.0,True
2025,6,IND,00-0040128,T.Warren,TE,ARI,28.0,Lean,1.0,True
2025,6,WAS,00-0033699,A.Ekeler,RB,CHI,28.0,Lean,0.0,False
2025,6,KC,00-0038519,N.Remigio,WR,DET,27.8,Lean,0.0,False
2025,6,PHI,00-0036389,J.Hurts,QB,NYG,27.8,Lean,1.0,True
2025,6,LA,00-0040737,T.Ferguson,TE,BAL,27.7,Lean,0.0,False
2025,6,ARI,00-0039849,M.Harrison,WR,IND,27.6,Lean,0.0,False
2025,6,NO,00-0033906,A.Kamara,RB,NE,27.5,Lean,0.0,False
2025,6,ARI,00-0039921,T.Benson,RB,IND,27.4,Lean,0.0,False
2025,6,NE,00-0036875,R.Stevenson,RB,NO,27.4,Lean,0.0,False
2025,6,DET,00-0036754,B.Wright,TE,KC,27.4,Lean,0.0,False
2025,6,CHI,00-0035208,O.Zaccheaus,WR,WAS,27.4,Lean,0.0,False
2025,6,DET,00-0039065,S.LaPorta,TE,KC,27.4,Lean,1.0,True
2025,6,NYG,00-0040691,J.Dart,QB,PHI,27.2,Lean,1.0,True
2025,6,ARI,00-0035500,G.Dortch,WR,IND,27.1,Lean,1.0,True
2025,6,KC,00-0035662,M.Brown,WR,DET,26.9,Lean,2.0,True
2025,6,DEN,00-0034348,C.Sutton,WR,NYJ,26.9,Lean,0.0,False
2025,6,NO,00-0033357,T.Hill,TE,NE,26.8,Lean,1.0,True
2025,6,LV,00-0034960,J.Meyers,WR,TEN,26.8,Lean,0.0,False
2025,6,NYJ,00-0039798,I.Davis,RB,DEN,26.7,Lean,0.0,False
2025,6,CHI,00-0036275,D.Swift,RB,WAS,26.7,Lean,1.0,True
2025,6,CIN,00-0036410,T.Higgins,WR,GB,26.7,Lean,0.0,False
2025,6,CIN,00-0035631,D.Sample,TE,GB,26.6,Lean,0.0,False
2025,6,MIA,00-0031610,D.Waller,TE,LAC,26.4,Lean,1.0,True
2025,6,PHI,00-0036265,A.Dillon,RB,NYG,26.4,Lean,0.0,False
2025,6,TEN,00-0035261,T.Pollard,RB,LV,26.3,Lean,0.0,False
2025,6,LA,00-0039075,P.Nacua,WR,BAL,26.2,Lean,0.0,False
2025,6,BAL,00-0030564,D.Hopkins,WR,LA,26.2,Lean,0.0,False
2025,6,SEA,00-0034869,S.Darnold,QB,JAX,26.1,Lean,0.0,False
2025,6,KC,00-0033873,P.Mahomes,QB,DET,26.1,Lean,1.0,True
2025,6,KC,00-0038492,J.Brownlee,WR,DET,26.0,Lean,0.0,False
2025,6,WAS,00-0033955,J.McNichols,RB,CHI,26.0,Lean,0.0,False
2025,6,CAR,00-0034983,H.Renfrow,WR,DAL,26.0,Lean,0.0,False
2025,6,IND,00-0033217,M.Alie-Cox,TE,ARI,25.9,Fringe,0.0,False
2025,6,LV,00-0031687,R.Mostert,RB,TEN,25.9,Fringe,0.0,False
2025,6,TB,00-0040129,E.Egbuka,WR,SF,25.7,Fringe,0.0,False
2025,6,JAX,00-0037004,H.Long,TE,SEA,25.7,Fringe,0.0,False
2025,6,CLE,00-0040782,I.Bond,WR,PIT,25.6,Fringe,0.0,False
2025,6,CAR,00-0038840,B.Tremayne,WR,DAL,25.6,Fringe,0.0,False
2025,6,GB,00-0037816,R.Doubs,WR,CIN,25.6,Fringe,0.0,False
2025,6,WAS,00-0035719,D.Samuel,WR,CHI,25.6,Fringe,0.0,False
2025,6,CAR,00-0033589,D.Moore,WR,DAL,25.4,Fringe,0.0,False
2025,6,KC,00-0030506,T.Kelce,TE,DET,25.4,Fringe,0.0,False
2025,6,SEA,00-0040739,E.Arroyo,TE,JAX,25.4,Fringe,0.0,False
2025,6,PIT,00-0035640,D.Metcalf,WR,CLE,25.3,Fringe,1.0,True
2025,6,MIA,00-0040198,O.Gordon,RB,LAC,25.3,Fringe,0.0,False
2025,6,PHI,00-0036912,D.Smith,WR,NYG,25.2,Fringe,0.0,False
2025,6,TEN,00-0040705,C.Dike,WR,LV,25.2,Fringe,0.0,False
2025,6,CAR,00-0037005,T.Tremble,TE,DAL,25.2,Fringe,0.0,False
2025,6,DAL,00-0037247,G.Pickens,WR,CAR,25.1,Fringe,1.0,True
2025,6,CAR,00-0040187,M.Evans,TE,DAL,25.0,Fringe,0.0,False
2025,6,ARI,00-0036924,M.Carter,RB,IND,24.9,Fringe,0.0,False
2025,6,NE,00-0032392,A.Hooper,TE,NO,24.9,Fringe,0.0,False
2025,6,LAC,00-0034159,W.Dissly,TE,MIA,24.9,Fringe,0.0,False
2025,6,KC,00-0033923,K.Hunt,RB,DET,24.9,Fringe,0.0,False
2025,6,GB,00-0038465,M.Heath,WR,CIN,24.9,Fringe,0.0,False
2025,6,CHI,00-0034827,D.Moore,WR,WAS,24.9,Fringe,0.0,False
2025,6,CLE,00-0040162,D.Sampson,RB,PIT,24.7,Fringe,0.0,False
2025,6,TB,00-0037256,R.White,RB,SF,24.7,Fringe,1.0,True
2025,6,DEN,00-0039732,B.Nix,QB,NYJ,24.6,Fringe,0.0,False
2025,6,CLE,00-0040663,H.Fannin,TE,PIT,24.6,Fringe,0.0,False
2025,6,CLE,00-0039920,M.Corley,WR,PIT,24.5,Fringe,0.0,False
2025,6,NE,00-0038608,K.Boutte,WR,NO,24.5,Fringe,2.0,True
2025,6,BAL,00-0036630,T.Wallace,WR,LA,24.5,Fringe,0.0,False
2025,6,WAS,00-0037524,T.Martin,WR,CHI,24.4,Fringe,0.0,False
2025,6,ATL,00-0039917,M.Penix,QB,BUF,24.4,Fringe,0.0,False
2025,6,ATL,00-0036970,K.Pitts,TE,BUF,24.4,Fringe,0.0,False
2025,6,LAC,00-0040189,O.Gadsden,TE,MIA,24.3,Fringe,0.0,False
2025,6,CLE,00-0033885,D.Njoku,TE,PIT,24.3,Fringe,0.0,False
2025,6,LAC,00-0038544,Q.Johnston,WR,MIA,24.2,Fringe,0.0,False
2025,6,GB,00-0039146,J.Reed,WR,CIN,24.2,Fringe,0.0,False
2025,6,ATL,00-0037238,D.London,WR,BUF,24.1,Fringe,1.0,True
2025,6,KC,00-0039894,X.Worthy,WR,DET,24.0,Fringe,1.0,True
2025,6,GB,00-0038996,T.Kraft,TE,CIN,23.9,Fringe,1.0,True
2025,6,NE,00-0031588,S.Diggs,WR,NO,23.9,Fringe,0.0,False
2025,6,SF,00-0036887,L.Farrell,TE,TB,23.8,Fringe,0.0,False
2025,6,BUF,00-0037261,K.Shakir,WR,ATL,23.8,Fringe,0.0,False
2025,6,CIN,00-0035644,N.Fant,TE,GB,23.7,Fringe,0.0,False
2025,6,WAS,00-0030061,Z.Ertz,TE,CHI,23.7,Fringe,1.0,True
2025,6,LV,00-0040729,J.Bech,WR,TEN,23.7,Fringe,0.0,False
2025,6,WAS,00-0032398,C.Moore,WR,CHI,23.6,Fringe,1.0,True
2025,6,LA,00-0038359,X.Smith,WR,BAL,23.6,Fringe,0.0,False
2025,6,NE,00-0038621,D.Douglas,WR,NO,23.6,Fringe,1.0,True
2025,6,TEN,00-0034837,C.Ridley,WR,LV,23.5,Fringe,0.0,False
2025,6,BAL,00-0038454,K.Mitchell,RB,LA,23.5,Fringe,0.0,False
2025,6,DEN,00-0034487,T.Sherfield,WR,NYJ,23.5,Fringe,0.0,False
2025,6,BAL,00-0034975,J.Hill,RB,LA,23.4,Fringe,0.0,False
2025,6,JAX,00-0038606,P.Washington,WR,SEA,23.4,Fringe,0.0,False
2025,6,NYJ,00-0036945,J.Fields,QB,DEN,23.4,Fringe,0.0,False
2025,6,ARI,00-0039041,E.Higgins,TE,IND,23.4,Fringe,0.0,False
2025,6,NE,00-0039851,D.Maye,QB,NO,23.4,Fringe,0.0,False
2025,6,NO,00-0031236,B.Cooks,WR,NE,23.4,Fringe,0.0,False
2025,6,CIN,00-0034829,M.Gesicki,TE,GB,23.3,Fringe,0.0,False
2025,6,LA,00-0039074,D.Allen,TE,BAL,23.3,Fringe,0.0,False
2025,6,TEN,00-0040170,E.Ayomanor,WR,LV,23.3,Fringe,0.0,False
2025,6,NYG,00-0039847,T.Johnson,TE,PHI,23.2,Fringe,0.0,False
2025,6,JAX,00-0040719,B.Tuten,RB,SEA,23.2,Fringe,0.0,False
2025,6,CLE,00-0037267,J.Ford,RB,PIT,23.2,Fringe,0.0,False
2025,6,TEN,00-0040584,G.Helm,TE,LV,23.2,Fringe,0.0,False
2025,6,LAC,00-0036893,N.Harris,RB,MIA,23.1,Fringe,0.0,False
2025,6,LA,00-0033110,T.Higbee,TE,BAL,23.0,Fringe,1.0,True
2025,6,BAL,00-0034753,M.Andrews,TE,LA,23.0,Fringe,0.0,False
2025,6,DET,00-0040669,I.TeSlaa,WR,KC,22.9,Fringe,0.0,False
2025,6,LAC,00-0034270,T.Conklin,TE,MIA,22.9,Fringe,0.0,False
2025,6,JAX,00-0036626,D.Brown,WR,SEA,22.9,Fringe,0.0,False
2025,6,LAC,00-0039915,L.McConkey,WR,MIA,22.9,Fringe,1.0,True
2025,6,CLE,00-0036407,J.Jeudy,WR,PIT,22.8,Fringe,0.0,False
2025,6,CAR,00-0039356,J.Sanders,TE,DAL,22.7,Fringe,0.0,False
2025,6,LA,00-0036849,T.Atwell,WR,BAL,22.5,Fringe,0.0,False
2025,6,SEA,00-0037093,D.Young,WR,JAX,22.4,Fringe,0.0,False
2025,6,SF,00-0037112,J.Tonges,TE,TB,22.3,Fringe,0.0,False
2025,6,CAR,00-0037282,J.Mitchell,TE,DAL,22.2,Fringe,0.0,False
2025,6,SF,00-0036259,J.Jennings,WR,TB,22.2,Fringe,0.0,False
2025,6,SF,00-0033288,G.Kittle,TE,TB,22.2,Fringe,0.0,False
2025,6,DET,00-0038896,J.Saylors,RB,KC,22.2,Fringe,0.0,False
2025,6,CHI,00-0038416,T.Bagent,QB,WAS,22.1,Fringe,0.0,False
2025,6,BUF,00-0036988,J.Palmer,WR,ATL,22.1,Fringe,0.0,False
2025,6,PIT,00-0036862,B.Skowronek,WR,CLE,22.0,Fringe,0.0,False
2025,6,SF,00-0037746,B.Robinson,RB,TB,22.0,Fringe,0.0,False
2025,6,LAC,00-0040727,T.Harris,WR,MIA,21.9,Fringe,0.0,False
2025,6,BAL,00-0037838,I.Likely,TE,LA,21.9,Fringe,0.0,False
2025,6,PIT,00-0037837,C.Austin,WR,CLE,21.9,Fringe,0.0,False
2025,6,DEN,00-0038976,M.Mims,WR,NYJ,21.9,Fringe,0.0,False
2025,6,PIT,00-0036919,K.Gainwell,RB,CLE,21.8,Fringe,0.0,False
2025,6,LAC,00-0037012,T.Lance,QB,MIA,21.8,Fringe,0.0,False
2025,6,CLE,00-0039379,J.Thrash,WR,PIT,21.8,Fringe,0.0,False
2025,6,JAX,00-0036971,T.Lawrence,QB,SEA,21.7,Fringe,0.0,False
2025,6,SEA,00-0038543,J.Smith-Njigba,WR,JAX,21.7,Fringe,1.0,True
2025,6,LV,00-0040581,D.Thornton,WR,TEN,21.7,Fringe,0.0,False
2025,6,DEN,00-0040134,P.Bryant,WR,NYJ,21.6,Fringe,0.0,False
2025,6,BAL,00-0039064,Z.Flowers,WR,LA,21.5,Fade,0.0,False
2025,6,NE,00-0033555,M.Hollins,WR,NO,21.5,Fade,0.0,False
2025,6,SEA,00-0038752,J.Bobo,WR,JAX,21.5,Fade,0.0,False
2025,6,IND,00-0036252,M.Pittman,WR,ARI,21.5,Fade,0.0,False
2025,6,KC,00-0037197,I.Pacheco,RB,DET,21.5,Fade,0.0,False
2025,6,TEN,00-0037809,C.Okonkwo,TE,LV,21.4,Fade,0.0,False
2025,6,BUF,00-0039901,K.Coleman,WR,ATL,21.2,Fade,0.0,False
2025,6,CIN,00-0039631,C.Grandy,TE,GB,21.2,Fade,0.0,False
2025,6,NYJ,00-0037740,G.Wilson,WR,DEN,21.2,Fade,0.0,False
2025,6,CHI,00-0040126,C.Loveland,TE,WAS,21.2,Fade,0.0,False
2025,6,NYG,00-0039337,M.Nabers,WR,PHI,21.1,Fade,0.0,False
2025,6,LA,00-0039738,B.Corum,RB,BAL,21.1,Fade,0.0,False
2025,6,MIA,00-0037348,T.Conner,TE,LAC,21.1,Fade,0.0,False
2025,6,NO,00-0039376,S.Rattler,QB,NE,21.1,Fade,0.0,False
2025,6,LV,00-0039066,M.Mayer,TE,TEN,21.0,Fade,1.0,True
2025,6,CIN,00-0038619,A.Iosivas,WR,GB,21.0,Fade,0.0,False
2025,6,GB,00-0040667,M.Golden,WR,CIN,21.0,Fade,0.0,False
2025,6,CHI,00-0040236,K.Monangai,RB,WAS,20.9,Fade,0.0,False
2025,6,NE,00-0040734,T.Henderson,RB,NO,20.9,Fade,0.0,False
2025,6,WAS,00-0040164,J.Lane,WR,CHI,20.9,Fade,0.0,False
2025,6,IND,00-0035710,D.Jones,QB,ARI,20.8,Fade,1.0,True
2025,6,GB,00-0038797,E.Wilson,RB,CIN,20.8,Fade,0.0,False
2025,6,NYJ,00-0037805,J.Ruckert,TE,DEN,20.8,Fade,0.0,False
2025,6,CIN,00-0036900,J.Chase,WR,GB,20.8,Fade,1.0,True
2025,6,IND,00-0035021,A.Dulin,WR,ARI,20.7,Fade,0.0,False
2025,6,NYJ,00-0040736,M.Taylor,TE,DEN,20.7,Fade,0.0,False
2025,6,BUF,00-0038933,D.Kincaid,TE,ATL,20.7,Fade,0.0,False
2025,6,TEN,00-0037594,J.Chestnut,RB,LV,20.6,Fade,0.0,False
2025,6,JAX,00-0038555,T.Bigsby,RB,SEA,20.6,Fade,0.0,False
2025,6,TEN,00-0040676,C.Ward,QB,LV,20.5,Fade,0.0,False
2025,6,MIA,00-0033040,T.Hill,WR,LAC,20.3,Fade,0.0,False
2025,6,DET,00-0037240,J.Williams,WR,KC,20.3,Fade,1.0,True
2025,6,JAX,00-0039893,B.Thomas,WR,SEA,20.3,Fade,1.0,True
2025,6,NYG,00-0038115,D.Bellinger,TE,PHI,20.2,Fade,0.0,False
2025,6,JAX,00-0038935,B.Strange,TE,SEA,20.2,Fade,0.0,False
2025,6,GB,00-0038393,D.Wicks,WR,CIN,20.1,Fade,0.0,False
2025,6,BUF,00-0040194,J.Hawes,TE,ATL,20.1,Fade,0.0,False
2025,6,CAR,00-0036555,C.Hubbard,RB,DAL,20.1,Fade,0.0,False
2025,6,PHI,00-0037741,J.Dotson,WR,NYG,20.0,Fade,0.0,False
2025,6,CAR,00-0039150,B.Young,QB,DAL,20.0,Fade,0.0,False
2025,6,NYG,00-0038117,W.Robinson,WR,PHI,20.0,Fade,1.0,True
2025,6,BUF,00-0036980,E.Moore,WR,ATL,20.0,Fade,0.0,False
2025,6,ARI,00-0035228,K.Murray,QB,IND,19.9,Fade,0.0,False
2025,6,DAL,00-0038547,L.Schoonmaker,TE,CAR,19.9,Fade,0.0,False
2025,6,PHI,00-0034351,D.Goedert,TE,NYG,19.9,Fade,1.0,True
2025,6,LV,00-0035602,A.Bachman,WR,TEN,19.9,Fade,0.0,False
2025,6,IND,00-0037664,A.Pierce,WR,ARI,19.9,Fade,0.0,False
2025,6,GB,00-0037306,J.FitzPatrick,TE,CIN,19.8,Fade,0.0,False
2025,6,LAC,00-0037617,H.Haskins,RB,MIA,19.8,Fade,0.0,False
2025,6,BAL,00-0036550,R.Bateman,WR,LA,19.8,Fade,0.0,False
2025,6,ATL,00-0034407,R.McCloud,WR,BUF,19.7,Fade,0.0,False
2025,6,DAL,00-0039530,B.Spann-Ford,TE,CAR,19.7,Fade,0.0,False
2025,6,ARI,00-0038559,Mi.Wilson,WR,IND,19.7,Fade,0.0,False
2025,6,ATL,00-0040547,N.Carter,RB,BUF,19.7,Fade,0.0,False
2025,6,CIN,00-0035100,J.Browning,QB,GB,19.6,Fade,0.0,False
2025,6,DET,00-0035567,C.Reynolds,RB,KC,19.6,Fade,0.0,False
2025,6,SEA,00-0040648,T.Horton,WR,JAX,19.6,Fade,0.0,False
2025,6,MIA,00-0038720,J.Hill,TE,LAC,19.5,Fade,0.0,False
2025,6,BAL,00-0039792,D.Walker,WR,LA,19.5,Fade,0.0,False
2025,6,ATL,00-0039394,Cas.Washington,WR,BUF,19.5,Fade,0.0,False
2025,6,BAL,00-0038046,C.Kolar,TE,LA,19.5,Fade,0.0,False
2025,6,TB,00-0032385,S.Shepard,WR,SF,19.4,Fade,0.0,False
2025,6,TB,00-0038824,R.Miller,WR,SF,19.4,Fade,0.0,False
2025,6,SF,00-0033307,K.Bourne,WR,TB,19.4,Fade,0.0,False
2025,6,KC,00-0040078,B.Smith,RB,DET,19.4,Fade,0.0,False
2025,6,IND,00-0032104,A.Abdullah,RB,ARI,19.4,Fade,0.0,False
2025,6,CLE,00-0026158,J.Flacco,QB,PIT,19.4,Fade,0.0,False
2025,6,LA,00-0039751,J.Whittington,WR,BAL,19.3,Fade,0.0,False
2025,6,SEA,00-0040673,J.Milroe,QB,JAX,19.3,Fade,0.0,False
2025,6,MIA,00-0036212,T.Tagovailoa,QB,LAC,19.2,Fade,0.0,False
2025,6,LA,00-0036244,C.Parkinson,TE,BAL,19.1,Fade,0.0,False
2025,6,BAL,00-0034796,L.Jackson,QB,LA,19.1,Fade,0.0,False
2025,6,NYG,00-0035250,D.Singletary,RB,PHI,19.0,Fade,0.0,False
2025,6,NO,00-0037231,K.Austin,WR,NE,19.0,Fade,0.0,False
2025,6,DET,00-0033106,J.Goff,QB,KC,18.9,Fade,0.0,False
2025,6,BAL,00-0037340,Z.Mitchell-Paden,TE,LA,18.9,Fade,0.0,False
2025,6,SF,00-0032775,D.Robinson,WR,TB,18.9,Fade,0.0,False
2025,6,DAL,00-0038738,H.Luepke,RB,CAR,18.9,Fade,1.0,True
2025,6,ATL,00-0035359,D.Sills,WR,BUF,18.9,Fade,0.0,False
2025,6,LV,00-0036423,A.Okwuegbunam,TE,TEN,18.8,Fade,0.0,False
2025,6,BUF,00-0033282,C.Samuel,WR,ATL,18.7,Fade,0.0,False
2025,6,PHI,00-0035676,A.Brown,WR,NYG,18.7,Fade,0.0,False
2025,6,MIA,00-0037013,Z.Wilson,QB,LAC,18.7,Fade,0.0,False
2025,6,GB,00-0038685,C.Brooks,RB,CIN,18.6,Fade,0.0,False
2025,6,TB,00-0040237,T.Johnson,WR,SF,18.5,Fade,1.0,True
2025,6,WAS,00-0036628,J.Bates,TE,CHI,18.5,Fade,0.0,False
2025,6,PHI,00-0039746,W.Shipley,RB,NYG,18.5,Fade,0.0,False
2025,6,GB,00-0040009,S.Williams,WR,CIN,18.5,Fade,0.0,False
2025,6,NYG,00-0039384,T.Tracy,RB,PHI,18.5,Fade,0.0,False
2025,6,KC,00-0036637,N.Gray,TE,DET,18.5,Fade,0.0,False
2025,6,GB,00-0039144,L.Musgrave,TE,CIN,18.5,Fade,0.0,False
2025,6,NE,00-0040131,K.Williams,WR,NO,18.4,Fade,0.0,False
2025,6,CIN,00-0038839,M.Tinsley,WR,GB,18.4,Fade,0.0,False
2025,6,TB,00-0034855,B.Mayfield,QB,SF,18.2,Fade,0.0,False
2025,6,PIT,00-0038558,D.Washington,TE,CLE,18.1,Fade,0.0,False
2025,6,LV,00-0039407,D.Laube,RB,TEN,18.1,Fade,0.0,False
2025,6,NO,00-0038551,K.Miller,RB,NE,18.0,Fade,0.0,False
2025,6,ARI,00-0039737,T.Reiman,TE,IND,18.0,Fade,0.0,False
2025,6,LV,00-0038040,Z.White,RB,TEN,17.9,Fade,0.0,False
2025,6,SEA,00-0035704,D.Lock,QB,JAX,17.9,Fade,0.0,False
2025,6,MIA,00-0039880,M.Washington,WR,LAC,17.9,Fade,0.0,False
2025,6,SEA,00-0033908,C.Kupp,WR,JAX,17.9,Fade,1.0,True
2025,6,JAX,00-0040238,L.Allen,RB,SEA,17.9,Fade,0.0,False
2025,6,CIN,00-0033526,S.Perine,RB,GB,17.6,Fade,0.0,False
2025,6,DEN,00-0040730,R.Harvey,RB,NYJ,17.4,Fade,0.0,False
2025,6,LAC,00-0037654,T.Fisk,TE,MIA,17.4,Fade,0.0,False
2025,6,JAX,00-0033246,J.Mundt,TE,SEA,17.4,Fade,0.0,False
2025,6,CLE,00-0038710,B.Whiteheart,TE,PIT,17.3,Fade,0.0,False
2025,6,WAS,00-0039912,B.Sinnott,TE,CHI,17.3,Fade,0.0,False
2025,6,BUF,00-0033869,M.Trubisky,QB,ATL,17.3,Fade,0.0,False
2025,6,TEN,00-0032211,T.Lockett,WR,LV,17.3,Fade,0.0,False
2025,6,DAL,00-0035243,M.Sanders,RB,CAR,17.3,Fade,0.0,False
2025,6,SF,00-0036972,M.Jones,QB,TB,17.1,Fade,0.0,False
2025,6,LV,00-0039338,B.Bowers,TE,TEN,17.0,Fade,0.0,False
2025,6,NYJ,00-0036427,T.Johnson,WR,DEN,17.0,Fade,0.0,False
2025,6,DAL,00-0037666,J.Tolbert,WR,CAR,16.9,Fade,0.0,False
2025,6,ARI,00-0039521,X.Weaver,WR,IND,16.9,Fade,0.0,False
2025,6,ARI,00-0033891,Z.Jones,WR,IND,16.8,Fade,0.0,False
2025,6,DAL,00-0040586,J.Blue,RB,CAR,16.7,Fade,0.0,False
2025,6,PIT,00-0035298,S.Miller,WR,CLE,16.6,Fade,0.0,False
2025,6,PHI,00-0037614,J.Metchie,WR,NYG,16.5,Fade,0.0,False
2025,6,SEA,00-0040067,J.Wright,RB,JAX,16.5,Fade,0.0,False
2025,6,CLE,00-0040704,D.Gabriel,QB,PIT,16.3,Fade,0.0,False
2025,6,IND,00-0040179,D.Giddens,RB,ARI,16.3,Fade,0.0,False
2025,6,PIT,00-0036894,P.Freiermuth,TE,CLE,16.3,Fade,0.0,False
2025,6,TEN,00-0036415,V.Jefferson,WR,LV,16.2,Fade,0.0,False
2025,6,TB,00-0038129,C.Otton,TE,SF,16.2,Fade,0.0,False
2025,6,ATL,00-0034854,K.Hodge,WR,BUF,16.2,Fade,0.0,False
2025,6,SEA,00-0039299,G.Holani,RB,JAX,16.1,Fade,0.0,False
2025,6,DET,00-0032464,K.Raymond,WR,KC,16.1,Fade,0.0,False
2025,6,JAX,00-0033375,T.Patrick,WR,SEA,16.1,Fade,1.0,True
2025,6,TB,00-0038951,S.Tucker,RB,SF,16.0,Fade,1.0,True
2025,6,BUF,00-0038679,T.Shavers,WR,ATL,16.0,Fade,0.0,False
2025,6,NYJ,00-0033943,J.Reynolds,WR,DEN,16.0,Fade,0.0,False
2025,6,DAL,00-0039410,R.Flournoy,WR,CAR,15.9,Fade,0.0,False
2025,6,LAC,00-0040184,K.Lambert-Smith,WR,MIA,15.9,Fade,0.0,False
2025,6,TB,00-0031408,M.Evans,WR,SF,15.9,Fade,0.0,False
2025,6,MIA,00-0036620,D.Eskridge,WR,LAC,15.6,Fade,0.0,False
2025,6,IND,00-0039890,A.Mitchell,WR,ARI,15.6,Fade,0.0,False
2025,6,DEN,00-0033881,E.Engram,TE,NYJ,15.6,Fade,0.0,False
2025,6,DAL,00-0033077,D.Prescott,QB,CAR,15.5,Fade,0.0,False
2025,6,DET,00-0034577,K.Allen,QB,KC,15.4,Fade,0.0,False
2025,6,ARI,00-0033119,J.Brissett,QB,IND,15.3,Fade,0.0,False
2025,6,PIT,00-0039739,R.Wilson,WR,CLE,15.3,Fade,0.0,False
2025,6,BUF,00-0035537,Ty.Johnson,RB,ATL,15.3,Fade,0.0,False
2025,6,SF,00-0038643,B.Willis,TE,TB,15.3,Fade,0.0,False
2025,6,DEN,00-0036422,A.Trautman,TE,NYJ,15.2,Fade,0.0,False
2025,6,ATL,00-0036429,C.Woerner,TE,BUF,15.1,Fade,0.0,False
2025,6,LV,00-0034365,I.Thomas,TE,TEN,14.9,Fade,0.0,False
2025,6,SF,00-0038090,S.Moore,WR,TB,14.9,Fade,0.0,False
2025,6,SF,00-0034272,M.Valdes-Scantling,WR,TB,14.8,Fade,0.0,False
2025,6,PIT,00-0033858,J.Smith,TE,CLE,14.7,Fade,0.0,False
2025,6,BUF,00-0035689,D.Knox,TE,ATL,14.7,Fade,1.0,True
2025,6,MIA,00-0036182,N.Westbrook-Ikhine,WR,LAC,14.7,Fade,0.0,False
2025,6,NE,00-0033949,J.Dobbs,QB,NO,14.7,Fade,0.0,False
2025,6,NYG,00-0031484,C.Manhertz,TE,PHI,14.6,Fade,0.0,False
2025,6,TB,00-0033921,C.Godwin,WR,SF,14.6,Fade,0.0,False
2025,6,CIN,00-0040208,T.Brooks,RB,GB,14.5,Fade,0.0,False
2025,6,CAR,00-0027973,A.Dalton,QB,DAL,14.4,Fade,0.0,False
2025,6,NYJ,00-0028118,T.Taylor,QB,DEN,14.4,Fade,0.0,False
2025,6,TB,00-0039589,K.Johnson,WR,SF,14.4,Fade,1.0,True
2025,6,IND,00-0038997,J.Downs,WR,ARI,14.3,Fade,1.0,True
2025,6,NO,00-0040202,D.Neal,RB,NE,14.2,Fade,0.0,False
2025,6,LV,00-0030565,G.Smith,QB,TEN,14.1,Fade,0.0,False
2025,6,TEN,00-0039032,T.Spears,RB,LV,14.1,Fade,0.0,False
2025,6,BUF,00-0039875,R.Davis,RB,ATL,14.1,Fade,1.0,True
2025,6,DEN,00-0037085,T.Badie,RB,NYJ,14.1,Fade,0.0,False
2025,6,CIN,00-0036442,J.Burrow,QB,GB,13.8,Fade,0.0,False
2025,6,SF,00-0039916,R.Pearsall,WR,TB,13.5,Fade,0.0,False
2025,6,KC,00-0035289,G.Minshew,QB,DET,13.5,Fade,0.0,False
2025,6,NYJ,00-0034521,A.Lazard,WR,DEN,13.1,Fade,0.0,False
2025,6,BAL,00-0033662,C.Rush,QB,LA,13.0,Fade,0.0,False
2025,6,WAS,00-0035659,T.McLaurin,WR,CHI,12.9,Fade,0.0,False
2025,6,GB,00-0036264,J.Love,QB,CIN,12.8,Fade,0.0,False
2025,6,SF,00-0034867,M.Turner,WR,TB,12.8,Fade,0.0,False
2025,6,IND,00-0039164,A.Richardson,QB,ARI,12.5,Fade,0.0,False
2025,6,NYG,00-0040432,B.Collins,WR,PHI,12.4,Fade,0.0,False
2025,6,DAL,00-0037801,K.Turpin,WR,CAR,12.4,Fade,0.0,False
2025,6,LA,00-0026498,M.Stafford,QB,BAL,12.3,Fade,0.0,False
2025,6,DAL,00-0036358,C.Lamb,WR,CAR,12.2,Fade,0.0,False
2025,6,IND,00-0040476,U.Bentley,RB,ARI,12.2,Fade,0.0,False
2025,6,NYG,00-0035535,D.Slayton,WR,PHI,12.1,Fade,0.0,False
2025,6,NYJ,00-0040582,A.Smith,WR,DEN,12.1,Fade,0.0,False
2025,6,NYG,00-0038938,J.Hyatt,WR,PHI,11.0,Fade,0.0,False
2025,6,DEN,00-0037539,L.Krull,TE,NYJ,10.9,Fade,0.0,False
2025,6,TB,00-0039050,P.Durham,TE,SF,10.7,Fade,0.0,False
2025,6,WAS,00-0033591,N.Brown,WR,CHI,10.5,Fade,0.0,False
2025,6,NE,00-0036328,A.Gibson,RB,NO,10.5,Fade,0.0,False
2025,6,PIT,00-0040142,K.Johnson,RB,CLE,10.5,Fade,0.0,False
2025,6,SF,00-0037834,B.Purdy,QB,TB,9.7,Fade,0.0,False
2025,6,ATL,00-0036309,D.Mooney,WR,BUF,9.5,Fade,0.0,False
2025,6,DEN,00-0038783,N.Adkins,TE,NYJ,9.4,Fade,1.0,True
2025,6,PHI,00-0036876,K.Granson,TE,NYG,9.1,Fade,0.0,False
2025,6,TEN,00-0039650,B.Oliver,WR,LV,9.0,Fade,0.0,False
2025,6,PIT,00-0023459,A.Rodgers,QB,CLE,8.5,Fade,0.0,False
2025,6,PHI,00-0037086,G.Calcaterra,TE,NYG,8.1,Fade,0.0,False
2025,6,LAC,00-0038573,D.Davis,WR,MIA,5.7,Fade,0.0,False
2025,6,IND,00-0037120,T.Goodson,RB,ARI,5.4,Fade,0.0,False
2025,7,PIT,00-0037228,J.Warren,RB,CIN,49.0,Lock,0.0,False
2025,7,LV,00-0040122,A.Jeanty,RB,KC,46.7,Lock,0.0,False
2025,7,SF,00-0033280,C.McCaffrey,RB,ATL,45.1,Lock,2.0,True
2025,7,DAL,00-0036997,J.Williams,RB,WAS,44.5,Lock,1.0,True
2025,7,DET,00-0039139,J.Gibbs,RB,TB,42.3,Lock,2.0,True
2025,7,GB,00-0035700,J.Jacobs,RB,ARI,41.9,Lock,2.0,True
2025,7,IND,00-0036223,J.Taylor,RB,LAC,41.1,Lock,3.0,True
2025,7,NYG,00-0040715,C.Skattebo,RB,DEN,40.5,Lock,1.0,True
2025,7,NO,00-0033906,A.Kamara,RB,CHI,40.1,Lock,0.0,False
2025,7,WAS,00-0038611,C.Rodriguez,RB,DAL,39.6,Lock,1.0,True
2025,7,LAC,00-0039391,K.Vidal,RB,IND,37.0,Lock,0.0,False
2025,7,WAS,00-0039355,L.McCaffrey,WR,DAL,36.5,Lock,0.0,False
2025,7,DEN,00-0036158,J.Dobbins,RB,NYG,36.0,Lock,0.0,False
2025,7,WAS,00-0040242,J.Croskey-Merritt,RB,DAL,35.8,Lock,0.0,False
2025,7,TB,00-0037256,R.White,RB,DET,34.9,Lock,0.0,False
2025,7,CLE,00-0040784,Q.Judkins,RB,MIA,33.7,Lock,3.0,True
2025,7,CIN,00-0038597,C.Brown,RB,PIT,33.6,Lock,0.0,False
2025,7,NYJ,00-0039794,B.Allen,RB,CAR,33.3,Lock,0.0,False
2025,7,MIA,00-0036613,J.Waddle,WR,CLE,33.1,Lock,0.0,False
2025,7,TB,00-0039361,B.Irving,RB,DET,32.9,Lock,0.0,False
2025,7,PHI,00-0036389,J.Hurts,QB,MIN,32.5,Lock,0.0,False
2025,7,PHI,00-0034844,S.Barkley,RB,MIN,32.5,Lock,0.0,False
2025,7,DAL,00-0037247,G.Pickens,WR,WAS,32.3,Lock,0.0,False
2025,7,MIN,00-0037525,J.Mason,RB,PHI,32.3,Lock,1.0,True
2025,7,SEA,00-0039165,Z.Charbonnet,RB,HOU,32.0,Lock,2.0,True
2025,7,ATL,00-0038542,B.Robinson,RB,SF,31.9,Lock,1.0,True
2025,7,LA,00-0037840,K.Williams,RB,JAX,31.8,Lock,0.0,False
2025,7,DAL,00-0035243,M.Sanders,RB,WAS,31.4,Lock,0.0,False
2025,7,DAL,00-0038041,J.Ferguson,TE,WAS,31.2,Lock,2.0,True
2025,7,LAC,00-0040666,O.Hampton,RB,IND,31.1,Lock,0.0,False
2025,7,NYG,00-0029263,R.Wilson,QB,DEN,30.8,Lock,0.0,False
2025,7,DET,00-0035685,D.Montgomery,RB,TB,30.6,Lock,0.0,False
2025,7,CLE,00-0040466,R.Sanders,RB,MIA,30.4,Lock,0.0,False
2025,7,DET,00-0036963,A.St. Brown,WR,TB,30.3,Lock,1.0,True
2025,7,WAS,00-0033699,A.Ekeler,RB,DAL,30.0,Lock,0.0,False
2025,7,NO,00-0037239,C.Olave,WR,CHI,30.0,Lock,2.0,True
2025,7,NYJ,00-0036427,T.Johnson,WR,CAR,29.9,Lock,0.0,False
2025,7,NE,00-0036875,R.Stevenson,RB,TEN,29.9,Lock,1.0,True
2025,7,LA,00-0031381,D.Adams,WR,JAX,29.7,Lock,3.0,True
2025,7,LV,00-0039066,M.Mayer,TE,KC,29.5,Lock,0.0,False
2025,7,WAS,00-0030061,Z.Ertz,TE,DAL,29.4,Lock,1.0,True
2025,7,CHI,00-0039919,R.Odunze,WR,NO,29.4,Lock,0.0,False
2025,7,TB,00-0039589,K.Johnson,WR,DET,29.3,Lean,0.0,False
2025,7,PIT,00-0036919,K.Gainwell,RB,CIN,29.2,Lean,0.0,False
2025,7,CIN,00-0036410,T.Higgins,WR,PIT,29.2,Lean,1.0,True
2025,7,JAX,00-0040719,B.Tuten,RB,LA,29.1,Lean,0.0,False
2025,7,TB,00-0031408,M.Evans,WR,DET,29.0,Lean,0.0,False
2025,7,NO,00-0037545,R.Shaheed,WR,CHI,28.8,Lean,0.0,False
2025,7,LV,00-0031687,R.Mostert,RB,KC,28.5,Lean,0.0,False
2025,7,CAR,00-0036555,C.Hubbard,RB,NYJ,28.3,Lean,0.0,False
2025,7,WAS,00-0037524,T.Martin,WR,DAL,28.3,Lean,0.0,False
2025,7,GB,00-0038996,T.Kraft,TE,ARI,28.3,Lean,1.0,True
2025,7,WAS,00-0032268,M.Mariota,QB,DAL,28.2,Lean,0.0,False
2025,7,JAX,00-0036973,T.Etienne,RB,LA,28.2,Lean,0.0,False
2025,7,TB,00-0040129,E.Egbuka,WR,DET,28.1,Lean,0.0,False
2025,7,NO,00-0039424,D.Vele,WR,CHI,27.9,Lean,0.0,False
2025,7,ATL,00-0037263,T.Allgeier,RB,SF,27.9,Lean,0.0,False
2025,7,CAR,00-0040124,T.McMillan,WR,NYJ,27.8,Lean,0.0,False
2025,7,WAS,00-0033591,N.Brown,WR,DAL,27.8,Lean,0.0,False
2025,7,LV,00-0036423,A.Okwuegbunam,TE,KC,27.8,Lean,0.0,False
2025,7,WAS,00-0032398,C.Moore,WR,DAL,27.7,Lean,0.0,False
2025,7,TB,00-0040237,T.Johnson,WR,DET,27.6,Lean,1.0,True
2025,7,TB,00-0032385,S.Shepard,WR,DET,27.5,Lean,0.0,False
2025,7,HOU,00-0040583,W.Marks,RB,SEA,27.5,Lean,1.0,True
2025,7,LAC,00-0036355,J.Herbert,QB,IND,27.4,Lean,0.0,False
2025,7,CHI,00-0039918,C.Williams,QB,NO,27.3,Lean,0.0,False
2025,7,ARI,00-0037744,T.McBride,TE,GB,27.3,Lean,2.0,True
2025,7,TB,00-0038824,R.Miller,WR,DET,27.3,Lean,0.0,False
2025,7,LAC,00-0038544,Q.Johnston,WR,IND,27.2,Lean,1.0,True
2025,7,IND,00-0035710,D.Jones,QB,LAC,27.1,Lean,0.0,False
2025,7,NO,00-0039376,S.Rattler,QB,CHI,27.0,Lean,0.0,False
2025,7,IND,00-0040128,T.Warren,TE,LAC,27.0,Lean,1.0,True
2025,7,WAS,00-0033955,J.McNichols,RB,DAL,26.9,Lean,0.0,False
2025,7,PIT,00-0035640,D.Metcalf,WR,CIN,26.9,Lean,0.0,False
2025,7,LAC,00-0030279,K.Allen,WR,IND,26.8,Lean,1.0,True
2025,7,ATL,00-0037238,D.London,WR,SF,26.8,Lean,0.0,False
2025,7,CHI,00-0040735,L.Burden,WR,NO,26.7,Lean,0.0,False
2025,7,CIN,00-0036900,J.Chase,WR,PIT,26.7,Lean,1.0,True
2025,7,ARI,00-0033553,J.Conner,RB,GB,26.6,Lean,0.0,False
2025,7,HOU,00-0036554,N.Collins,WR,SEA,26.6,Lean,0.0,False
2025,7,TEN,00-0039648,D.Martin-Robinson,TE,NE,26.5,Lean,0.0,False
2025,7,DEN,00-0039868,T.Franklin,WR,NYG,26.3,Lean,1.0,True
2025,7,MIN,00-0036322,J.Jefferson,WR,PHI,26.3,Lean,0.0,False
2025,7,NYJ,00-0037805,J.Ruckert,TE,CAR,26.0,Lean,0.0,False
2025,7,CAR,00-0040218,Ji.Horn,WR,NYJ,25.9,Lean,0.0,False
2025,7,SEA,00-0038134,K.Walker,RB,HOU,25.8,Lean,0.0,False
2025,7,DAL,00-0037801,K.Turpin,WR,WAS,25.8,Lean,0.0,False
2025,7,LA,00-0040737,T.Ferguson,TE,JAX,25.8,Lean,1.0,True
2025,7,WAS,00-0040164,J.Lane,WR,DAL,25.8,Lean,0.0,False
2025,7,MIN,00-0038994,J.Addison,WR,PHI,25.7,Lean,0.0,False
2025,7,CAR,00-0039342,X.Legette,WR,NYJ,25.7,Lean,1.0,True
2025,7,CIN,00-0035631,D.Sample,TE,PIT,25.6,Lean,0.0,False
2025,7,LA,00-0033110,T.Higbee,TE,JAX,25.5,Lean,0.0,False
2025,7,NE,00-0038608,K.Boutte,WR,TEN,25.4,Lean,1.0,True
2025,7,DAL,00-0036358,C.Lamb,WR,WAS,25.4,Lean,1.0,True
2025,7,ARI,00-0037157,Z.Knight,RB,GB,25.4,Lean,0.0,False
2025,7,NO,00-0038551,K.Miller,RB,CHI,25.3,Lean,0.0,False
2025,7,CAR,00-0036139,R.Dowdle,RB,NYJ,25.2,Lean,0.0,False
2025,7,DET,00-0039065,S.LaPorta,TE,TB,25.2,Lean,0.0,False
2025,7,LV,00-0038563,T.Tucker,WR,KC,25.2,Lean,0.0,False
2025,7,NYJ,00-0040736,M.Taylor,TE,CAR,25.1,Lean,0.0,False
2025,7,MIA,00-0031610,D.Waller,TE,CLE,25.1,Lean,0.0,False
2025,7,TEN,00-0040705,C.Dike,WR,NE,25.1,Lean,1.0,True
2025,7,CLE,00-0040162,D.Sampson,RB,MIA,25.0,Fringe,0.0,False
2025,7,SEA,00-0034869,S.Darnold,QB,HOU,25.0,Fringe,0.0,False
2025,7,DEN,00-0034348,C.Sutton,WR,NYG,25.0,Fringe,0.0,False
2025,7,LA,00-0036849,T.Atwell,WR,JAX,24.9,Fringe,0.0,False
2025,7,PIT,00-0036862,B.Skowronek,WR,CIN,24.8,Fringe,0.0,False
2025,7,HOU,00-0034386,J.Watson,WR,SEA,24.8,Fringe,0.0,False
2025,7,CHI,00-0035208,O.Zaccheaus,WR,NO,24.7,Fringe,0.0,False
2025,7,MIN,00-0037291,J.Nailor,WR,PHI,24.6,Fringe,0.0,False
2025,7,KC,00-0030506,T.Kelce,TE,LV,24.6,Fringe,0.0,False
2025,7,TEN,00-0036415,V.Jefferson,WR,NE,24.5,Fringe,0.0,False
2025,7,MIA,00-0039040,D.Achane,RB,CLE,24.4,Fringe,0.0,False
2025,7,DET,00-0036754,B.Wright,TE,TB,24.4,Fringe,0.0,False
2025,7,DET,00-0040669,I.TeSlaa,WR,TB,24.3,Fringe,0.0,False
2025,7,PHI,00-0034351,D.Goedert,TE,MIN,24.3,Fringe,0.0,False
2025,7,CLE,00-0037267,J.Ford,RB,MIA,24.3,Fringe,0.0,False
2025,7,NE,00-0038621,D.Douglas,WR,TEN,24.2,Fringe,0.0,False
2025,7,SEA,00-0033576,E.Saubert,TE,HOU,24.2,Fringe,0.0,False
2025,7,TEN,00-0035261,T.Pollard,RB,NE,24.1,Fringe,0.0,False
2025,7,LAC,00-0039915,L.McConkey,WR,IND,24.1,Fringe,0.0,False
2025,7,WAS,00-0039910,J.Daniels,QB,DAL,24.0,Fringe,1.0,True
2025,7,LA,00-0038359,X.Smith,WR,JAX,24.0,Fringe,0.0,False
2025,7,WAS,00-0036628,J.Bates,TE,DAL,24.0,Fringe,0.0,False
2025,7,KC,00-0038104,T.Thornton,WR,LV,23.9,Fringe,0.0,False
2025,7,TEN,00-0040584,G.Helm,TE,NE,23.7,Fringe,0.0,False
2025,7,DAL,00-0037666,J.Tolbert,WR,WAS,23.6,Fringe,0.0,False
2025,7,TB,00-0038129,C.Otton,TE,DET,23.6,Fringe,0.0,False
2025,7,TEN,00-0040170,E.Ayomanor,WR,NE,23.5,Fringe,0.0,False
2025,7,CIN,00-0035644,N.Fant,TE,PIT,23.5,Fringe,1.0,True
2025,7,HOU,00-0034383,D.Schultz,TE,SEA,23.5,Fringe,0.0,False
2025,7,LV,00-0034365,I.Thomas,TE,KC,23.5,Fringe,0.0,False
2025,7,CIN,00-0035100,J.Browning,QB,PIT,23.4,Fringe,0.0,False
2025,7,NE,00-0033090,H.Henry,TE,TEN,23.4,Fringe,0.0,False
2025,7,NO,00-0036741,J.Stoll,TE,CHI,23.4,Fringe,0.0,False
2025,7,CIN,00-0038619,A.Iosivas,WR,PIT,23.4,Fringe,0.0,False
2025,7,NE,00-0031588,S.Diggs,WR,TEN,23.3,Fringe,0.0,False
2025,7,CHI,00-0034827,D.Moore,WR,NO,23.3,Fringe,0.0,False
2025,7,PIT,00-0038558,D.Washington,TE,CIN,23.3,Fringe,1.0,True
2025,7,SEA,00-0039793,A.Barner,TE,HOU,23.3,Fringe,0.0,False
2025,7,DEN,00-0040134,P.Bryant,WR,NYG,23.3,Fringe,0.0,False
2025,7,NO,00-0036040,J.Johnson,TE,CHI,23.3,Fringe,0.0,False
2025,7,ARI,00-0039921,T.Benson,RB,GB,23.2,Fringe,0.0,False
2025,7,DAL,00-0039410,R.Flournoy,WR,WAS,23.2,Fringe,0.0,False
2025,7,PHI,00-0036912,D.Smith,WR,MIN,23.2,Fringe,1.0,True
2025,7,IND,00-0032104,A.Abdullah,RB,LAC,23.1,Fringe,0.0,False
2025,7,LAC,00-0040189,O.Gadsden,TE,IND,23.1,Fringe,1.0,True
2025,7,CAR,00-0038840,B.Tremayne,WR,NYJ,23.1,Fringe,0.0,False
2025,7,NO,00-0031236,B.Cooks,WR,CHI,23.0,Fringe,0.0,False
2025,7,IND,00-0036252,M.Pittman,WR,LAC,23.0,Fringe,1.0,True
2025,7,CAR,00-0034983,H.Renfrow,WR,NYJ,22.9,Fringe,0.0,False
2025,7,CAR,00-0033589,D.Moore,WR,NYJ,22.9,Fringe,0.0,False
2025,7,MIN,00-0039923,J.McCarthy,QB,PHI,22.8,Fringe,0.0,False
2025,7,LA,00-0039074,D.Allen,TE,JAX,22.8,Fringe,0.0,False
2025,7,WAS,00-0039912,B.Sinnott,TE,DAL,22.8,Fringe,0.0,False
2025,7,GB,00-0037306,J.FitzPatrick,TE,ARI,22.7,Fringe,0.0,False
2025,7,CLE,00-0038979,C.Tillman,WR,MIA,22.6,Fringe,0.0,False
2025,7,LA,00-0036244,C.Parkinson,TE,JAX,22.6,Fringe,0.0,False
2025,7,MIN,00-0038440,Z.Scott,RB,PHI,22.6,Fringe,0.0,False
2025,7,DAL,00-0038547,L.Schoonmaker,TE,WAS,22.5,Fringe,0.0,False
2025,7,TEN,00-0037809,C.Okonkwo,TE,NE,22.4,Fringe,0.0,False
2025,7,KC,00-0033923,K.Hunt,RB,LV,22.3,Fringe,0.0,False
2025,7,NYG,00-0039847,T.Johnson,TE,DEN,22.3,Fringe,1.0,True
2025,7,CAR,00-0039150,B.Young,QB,NYJ,22.2,Fringe,0.0,False
2025,7,NO,00-0040202,D.Neal,RB,CHI,22.2,Fringe,0.0,False
2025,7,DAL,00-0033077,D.Prescott,QB,WAS,22.2,Fringe,0.0,False
2025,7,NYJ,00-0038120,B.Hall,RB,CAR,22.2,Fringe,0.0,False
2025,7,MIN,00-0032950,C.Wentz,QB,PHI,22.1,Fringe,0.0,False
2025,7,PHI,00-0036265,A.Dillon,RB,MIN,22.1,Fringe,0.0,False
2025,7,HOU,00-0034791,N.Chubb,RB,SEA,22.0,Fringe,0.0,False
2025,7,TEN,00-0040676,C.Ward,QB,NE,22.0,Fringe,0.0,False
2025,7,MIA,00-0033040,T.Hill,WR,CLE,22.0,Fringe,0.0,False
2025,7,TB,00-0034855,B.Mayfield,QB,DET,21.9,Fringe,0.0,False
2025,7,NYG,00-0035406,L.Humphrey,WR,DEN,21.9,Fringe,0.0,False
2025,7,CIN,00-0039631,C.Grandy,TE,PIT,21.8,Fringe,0.0,False
2025,7,HOU,00-0039163,C.Stroud,QB,SEA,21.8,Fringe,0.0,False
2025,7,CHI,00-0036275,D.Swift,RB,NO,21.8,Fringe,1.0,True
2025,7,CLE,00-0040663,H.Fannin,TE,MIA,21.7,Fringe,0.0,False
2025,7,DET,00-0037240,J.Williams,WR,TB,21.7,Fringe,0.0,False
2025,7,HOU,00-0037258,D.Pierce,RB,SEA,21.7,Fringe,0.0,False
2025,7,JAX,00-0038606,P.Washington,WR,LA,21.6,Fringe,0.0,False
2025,7,ARI,00-0039041,E.Higgins,TE,GB,21.6,Fringe,0.0,False
2025,7,DAL,00-0039530,B.Spann-Ford,TE,WAS,21.5,Fringe,0.0,False
2025,7,IND,00-0037664,A.Pierce,WR,LAC,21.5,Fringe,0.0,False
2025,7,SEA,00-0037093,D.Young,WR,HOU,21.5,Fringe,0.0,False
2025,7,TB,00-0038951,S.Tucker,RB,DET,21.5,Fringe,0.0,False
2025,7,DAL,00-0038738,H.Luepke,RB,WAS,21.4,Fringe,0.0,False
2025,7,ATL,00-0036970,K.Pitts,TE,SF,21.4,Fringe,0.0,False
2025,7,KC,00-0035662,M.Brown,WR,LV,21.3,Fringe,1.0,True
2025,7,ARI,00-0039849,M.Harrison,WR,GB,21.3,Fringe,0.0,False
2025,7,DEN,00-0040730,R.Harvey,RB,NYG,21.3,Fringe,1.0,True
2025,7,ARI,00-0035500,G.Dortch,WR,GB,21.3,Fringe,0.0,False
2025,7,LV,00-0030565,G.Smith,QB,KC,21.2,Fringe,0.0,False
2025,7,MIA,00-0039880,M.Washington,WR,CLE,21.2,Fringe,0.0,False
2025,7,LAC,00-0034159,W.Dissly,TE,IND,21.1,Fringe,0.0,False
2025,7,NYG,00-0038115,D.Bellinger,TE,DEN,21.1,Fringe,1.0,True
2025,7,NO,00-0033357,T.Hill,TE,CHI,21.1,Fringe,0.0,False
2025,7,LV,00-0039407,D.Laube,RB,KC,21.1,Fringe,0.0,False
2025,7,IND,00-0040179,D.Giddens,RB,LAC,21.1,Fringe,0.0,False
2025,7,KC,00-0033857,J.Smith-Schuster,WR,LV,21.1,Fringe,0.0,False
2025,7,CIN,00-0038839,M.Tinsley,WR,PIT,21.0,Fringe,0.0,False
2025,7,NYJ,00-0034521,A.Lazard,WR,CAR,21.0,Fringe,0.0,False
2025,7,HOU,00-0039458,B.Bates,TE,SEA,21.0,Fringe,0.0,False
2025,7,DET,00-0033106,J.Goff,QB,TB,21.0,Fringe,0.0,False
2025,7,JAX,00-0036971,T.Lawrence,QB,LA,21.0,Fringe,0.0,False
2025,7,IND,00-0033217,M.Alie-Cox,TE,LAC,21.0,Fringe,0.0,False
2025,7,KC,00-0038519,N.Remigio,WR,LV,21.0,Fringe,0.0,False
2025,7,LV,00-0038040,Z.White,RB,KC,20.9,Fade,0.0,False
2025,7,SF,00-0036972,M.Jones,QB,ATL,20.9,Fade,0.0,False
2025,7,NYJ,00-0036945,J.Fields,QB,CAR,20.8,Fade,0.0,False
2025,7,LAC,00-0040727,T.Harris,WR,IND,20.8,Fade,0.0,False
2025,7,LV,00-0039338,B.Bowers,TE,KC,20.8,Fade,0.0,False
2025,7,NYG,00-0039384,T.Tracy,RB,DEN,20.8,Fade,1.0,True
2025,7,MIN,00-0035249,J.Oliver,TE,PHI,20.8,Fade,0.0,False
2025,7,LA,00-0026498,M.Stafford,QB,JAX,20.7,Fade,0.0,False
2025,7,CAR,00-0040644,T.Etienne,RB,NYJ,20.7,Fade,0.0,False
2025,7,NE,00-0033555,M.Hollins,WR,TEN,20.7,Fade,0.0,False
2025,7,LV,00-0034960,J.Meyers,WR,KC,20.7,Fade,0.0,False
2025,7,PIT,00-0036894,P.Freiermuth,TE,CIN,20.7,Fade,2.0,True
2025,7,KC,00-0037197,I.Pacheco,RB,LV,20.7,Fade,1.0,True
2025,7,SEA,00-0038752,J.Bobo,WR,HOU,20.6,Fade,0.0,False
2025,7,GB,00-0037816,R.Doubs,WR,ARI,20.6,Fade,0.0,False
2025,7,KC,00-0033873,P.Mahomes,QB,LV,20.5,Fade,0.0,False
2025,7,SF,00-0033307,K.Bourne,WR,ATL,20.4,Fade,0.0,False
2025,7,CHI,00-0036290,C.Kmet,TE,NO,20.4,Fade,0.0,False
2025,7,NYG,00-0040691,J.Dart,QB,DEN,20.4,Fade,1.0,True
2025,7,PHI,00-0037741,J.Dotson,WR,MIN,20.3,Fade,0.0,False
2025,7,LAC,00-0034270,T.Conklin,TE,IND,20.3,Fade,0.0,False
2025,7,NYG,00-0035250,D.Singletary,RB,DEN,20.3,Fade,0.0,False
2025,7,MIA,00-0038720,J.Hill,TE,CLE,20.3,Fade,0.0,False
2025,7,DEN,00-0034487,T.Sherfield,WR,NYG,20.2,Fade,0.0,False
2025,7,SF,00-0036259,J.Jennings,WR,ATL,20.2,Fade,0.0,False
2025,7,SEA,00-0038543,J.Smith-Njigba,WR,HOU,20.2,Fade,1.0,True
2025,7,CAR,00-0039356,J.Sanders,TE,NYJ,20.2,Fade,0.0,False
2025,7,DET,00-0038896,J.Saylors,RB,TB,20.1,Fade,0.0,False
2025,7,GB,00-0039146,J.Reed,WR,ARI,20.1,Fade,0.0,False
2025,7,JAX,00-0037004,H.Long,TE,LA,20.1,Fade,0.0,False
2025,7,GB,00-0039144,L.Musgrave,TE,ARI,20.0,Fade,0.0,False
2025,7,PIT,00-0040142,K.Johnson,RB,CIN,20.0,Fade,0.0,False
2025,7,NYG,00-0039337,M.Nabers,WR,DEN,20.0,Fade,0.0,False
2025,7,GB,00-0038465,M.Heath,WR,ARI,20.0,Fade,0.0,False
2025,7,DET,00-0032464,K.Raymond,WR,TB,19.9,Fade,0.0,False
2025,7,NE,00-0040734,T.Henderson,RB,TEN,19.9,Fade,0.0,False
2025,7,MIN,00-0033293,A.Jones,RB,PHI,19.9,Fade,0.0,False
2025,7,LAC,00-0037012,T.Lance,QB,IND,19.8,Fade,0.0,False
2025,7,JAX,00-0039893,B.Thomas,WR,LA,19.8,Fade,0.0,False
2025,7,PIT,00-0039739,R.Wilson,WR,CIN,19.8,Fade,0.0,False
2025,7,CIN,00-0033526,S.Perine,RB,PIT,19.7,Fade,0.0,False
2025,7,ARI,00-0036924,M.Carter,RB,GB,19.7,Fade,0.0,False
2025,7,JAX,00-0036626,D.Brown,WR,LA,19.7,Fade,0.0,False
2025,7,HOU,00-0038618,X.Hutchinson,WR,SEA,19.7,Fade,0.0,False
2025,7,CHI,00-0040126,C.Loveland,TE,NO,19.6,Fade,0.0,False
2025,7,PIT,00-0035298,S.Miller,WR,CIN,19.5,Fade,0.0,False
2025,7,NYG,00-0038117,W.Robinson,WR,DEN,19.5,Fade,0.0,False
2025,7,ATL,00-0039394,Cas.Washington,WR,SF,19.4,Fade,0.0,False
2025,7,HOU,00-0040130,J.Higgins,WR,SEA,19.4,Fade,0.0,False
2025,7,ATL,00-0035359,D.Sills,WR,SF,19.4,Fade,0.0,False
2025,7,ATL,00-0036309,D.Mooney,WR,SF,19.4,Fade,0.0,False
2025,7,CAR,00-0040187,M.Evans,TE,NYJ,19.3,Fade,0.0,False
2025,7,TEN,00-0037594,J.Chestnut,RB,NE,19.3,Fade,0.0,False
2025,7,NO,00-0034981,F.Moreau,TE,CHI,19.3,Fade,0.0,False
2025,7,NE,00-0036328,A.Gibson,RB,TEN,19.3,Fade,0.0,False
2025,7,KC,00-0038492,J.Brownlee,WR,LV,19.2,Fade,0.0,False
2025,7,LAC,00-0036893,N.Harris,RB,IND,19.2,Fade,0.0,False
2025,7,IND,00-0039164,A.Richardson,QB,LAC,19.1,Fade,0.0,False
2025,7,LA,00-0039738,B.Corum,RB,JAX,19.1,Fade,0.0,False
2025,7,PIT,00-0033858,J.Smith,TE,CIN,19.1,Fade,1.0,True
2025,7,DEN,00-0039732,B.Nix,QB,NYG,19.1,Fade,2.0,True
2025,7,CLE,00-0040782,I.Bond,WR,MIA,19.0,Fade,0.0,False
2025,7,LV,00-0040729,J.Bech,WR,KC,18.9,Fade,0.0,False
2025,7,LA,00-0039751,J.Whittington,WR,JAX,18.9,Fade,0.0,False
2025,7,KC,00-0039894,X.Worthy,WR,LV,18.9,Fade,0.0,False
2025,7,JAX,00-0038555,T.Bigsby,RB,LA,18.8,Fade,0.0,False
2025,7,CLE,00-0036407,J.Jeudy,WR,MIA,18.8,Fade,0.0,False
2025,7,CAR,00-0037005,T.Tremble,TE,NYJ,18.8,Fade,0.0,False
2025,7,PHI,00-0035676,A.Brown,WR,MIN,18.8,Fade,2.0,True
2025,7,MIA,00-0037348,T.Conner,TE,CLE,18.7,Fade,0.0,False
2025,7,JAX,00-0033375,T.Patrick,WR,LA,18.7,Fade,0.0,False
2025,7,CIN,00-0034613,T.Hudson,TE,PIT,18.6,Fade,0.0,False
2025,7,IND,00-0039890,A.Mitchell,WR,LAC,18.5,Fade,0.0,False
2025,7,DEN,00-0038976,M.Mims,WR,NYG,18.5,Fade,0.0,False
2025,7,DEN,00-0037085,T.Badie,RB,NYG,18.5,Fade,0.0,False
2025,7,GB,00-0038797,E.Wilson,RB,ARI,18.5,Fade,0.0,False
2025,7,SF,00-0036887,L.Farrell,TE,ATL,18.4,Fade,0.0,False
2025,7,MIN,00-0036414,C.Akers,RB,PHI,18.4,Fade,0.0,False
2025,7,NE,00-0032392,A.Hooper,TE,TEN,18.4,Fade,1.0,True
2025,7,NO,00-0037231,K.Austin,WR,CHI,18.3,Fade,0.0,False
2025,7,TB,00-0039050,P.Durham,TE,DET,18.3,Fade,0.0,False
2025,7,SEA,00-0040739,E.Arroyo,TE,HOU,18.2,Fade,0.0,False
2025,7,CLE,00-0039920,M.Corley,WR,MIA,18.2,Fade,0.0,False
2025,7,CHI,00-0040236,K.Monangai,RB,NO,18.2,Fade,1.0,True
2025,7,TEN,00-0032211,T.Lockett,WR,NE,18.0,Fade,0.0,False
2025,7,SF,00-0032775,D.Robinson,WR,ATL,18.0,Fade,0.0,False
2025,7,LA,00-0039075,P.Nacua,WR,JAX,17.9,Fade,0.0,False
2025,7,LV,00-0040581,D.Thornton,WR,KC,17.9,Fade,0.0,False
2025,7,NYJ,00-0039798,I.Davis,RB,CAR,17.8,Fade,0.0,False
2025,7,SEA,00-0033908,C.Kupp,WR,HOU,17.8,Fade,0.0,False
2025,7,ARI,00-0035228,K.Murray,QB,GB,17.7,Fade,0.0,False
2025,7,SEA,00-0040648,T.Horton,WR,HOU,17.7,Fade,0.0,False
2025,7,TEN,00-0039032,T.Spears,RB,NE,17.7,Fade,0.0,False
2025,7,SF,00-0037746,B.Robinson,RB,ATL,17.7,Fade,0.0,False
2025,7,DAL,00-0040586,J.Blue,RB,WAS,17.6,Fade,0.0,False
2025,7,CIN,00-0036442,J.Burrow,QB,PIT,17.6,Fade,0.0,False
2025,7,KC,00-0036637,N.Gray,TE,LV,17.6,Fade,0.0,False
2025,7,MIN,00-0035229,T.Hockenson,TE,PHI,17.6,Fade,0.0,False
2025,7,MIN,00-0040494,M.Brosmer,QB,PHI,17.6,Fade,0.0,False
2025,7,DET,00-0035567,C.Reynolds,RB,TB,17.6,Fade,0.0,False
2025,7,NE,00-0039851,D.Maye,QB,TEN,17.5,Fade,0.0,False
2025,7,CIN,00-0040208,T.Brooks,RB,PIT,17.4,Fade,0.0,False
2025,7,HOU,00-0039359,C.Stover,TE,SEA,17.4,Fade,0.0,False
2025,7,SEA,00-0040673,J.Milroe,QB,HOU,17.1,Fade,0.0,False
2025,7,ARI,00-0038705,E.Demercado,RB,GB,17.1,Fade,0.0,False
2025,7,SF,00-0033288,G.Kittle,TE,ATL,17.0,Fade,0.0,False
2025,7,IND,00-0040476,U.Bentley,RB,LAC,17.0,Fade,0.0,False
2025,7,CAR,00-0036425,D.Dallas,RB,NYJ,17.0,Fade,0.0,False
2025,7,LAC,00-0040184,K.Lambert-Smith,WR,IND,16.9,Fade,0.0,False
2025,7,NE,00-0040131,K.Williams,WR,TEN,16.9,Fade,0.0,False
2025,7,ATL,00-0040547,N.Carter,RB,SF,16.8,Fade,0.0,False
2025,7,ATL,00-0034854,K.Hodge,WR,SF,16.7,Fade,0.0,False
2025,7,NYJ,00-0033943,J.Reynolds,WR,CAR,16.7,Fade,0.0,False
2025,7,GB,00-0038685,C.Brooks,RB,ARI,16.6,Fade,0.0,False
2025,7,SF,00-0037112,J.Tonges,TE,ATL,16.6,Fade,0.0,False
2025,7,GB,00-0040667,M.Golden,WR,ARI,16.5,Fade,0.0,False
2025,7,CLE,00-0026158,J.Flacco,QB,MIA,16.5,Fade,0.0,False
2025,7,ATL,00-0039917,M.Penix,QB,SF,16.3,Fade,0.0,False
2025,7,CAR,00-0037282,J.Mitchell,TE,NYJ,16.2,Fade,0.0,False
2025,7,DET,00-0034577,K.Allen,QB,TB,16.2,Fade,0.0,False
2025,7,PHI,00-0039746,W.Shipley,RB,MIN,16.2,Fade,0.0,False
2025,7,KC,00-0040078,B.Smith,RB,LV,16.1,Fade,0.0,False
2025,7,IND,00-0035021,A.Dulin,WR,LAC,16.0,Fade,0.0,False
2025,7,CLE,00-0039379,J.Thrash,WR,MIA,16.0,Fade,0.0,False
2025,7,MIA,00-0036620,D.Eskridge,WR,CLE,16.0,Fade,0.0,False
2025,7,ARI,00-0033119,J.Brissett,QB,GB,15.9,Fade,0.0,False
2025,7,JAX,00-0038935,B.Strange,TE,LA,15.9,Fade,0.0,False
2025,7,MIN,00-0040154,T.Felton,WR,PHI,15.8,Fade,0.0,False
2025,7,GB,00-0036264,J.Love,QB,ARI,15.8,Fade,0.0,False
2025,7,SEA,00-0035704,D.Lock,QB,HOU,15.8,Fade,0.0,False
2025,7,HOU,00-0039603,B.Brooks,RB,SEA,15.8,Fade,0.0,False
2025,7,DEN,00-0038794,J.McLaughlin,RB,NYG,15.7,Fade,0.0,False
2025,7,ARI,00-0039737,T.Reiman,TE,GB,15.7,Fade,0.0,False
2025,7,MIA,00-0036182,N.Westbrook-Ikhine,WR,CLE,15.6,Fade,0.0,False
2025,7,MIN,00-0030035,A.Thielen,WR,PHI,15.4,Fade,0.0,False
2025,7,NYG,00-0031484,C.Manhertz,TE,DEN,15.4,Fade,0.0,False
2025,7,MIA,00-0040198,O.Gordon,RB,CLE,15.4,Fade,0.0,False
2025,7,CAR,00-0027973,A.Dalton,QB,NYJ,15.3,Fade,0.0,False
2025,7,HOU,00-0033854,D.Ogunbowale,RB,SEA,15.2,Fade,0.0,False
2025,7,HOU,00-0040138,J.Noel,WR,SEA,15.2,Fade,0.0,False
2025,7,JAX,00-0040238,L.Allen,RB,LA,15.2,Fade,0.0,False
2025,7,HOU,00-0036232,H.Bryant,TE,SEA,15.1,Fade,0.0,False
2025,7,ARI,00-0038559,Mi.Wilson,WR,GB,15.1,Fade,0.0,False
2025,7,PHI,00-0037614,J.Metchie,WR,MIN,15.1,Fade,0.0,False
2025,7,CHI,00-0038416,T.Bagent,QB,NO,15.1,Fade,0.0,False
2025,7,HOU,00-0036898,D.Mills,QB,SEA,15.0,Fade,0.0,False
2025,7,LA,00-0040590,K.Mumpfield,WR,JAX,15.0,Fade,1.0,True
2025,7,DEN,00-0038783,N.Adkins,TE,NYG,14.7,Fade,0.0,False
2025,7,LAC,00-0037654,T.Fisk,TE,IND,14.7,Fade,0.0,False
2025,7,ARI,00-0033891,Z.Jones,WR,GB,14.7,Fade,0.0,False
2025,7,LAC,00-0037617,H.Haskins,RB,IND,14.6,Fade,0.0,False
2025,7,TB,00-0033921,C.Godwin,WR,DET,14.5,Fade,0.0,False
2025,7,SF,00-0034272,M.Valdes-Scantling,WR,ATL,14.3,Fade,0.0,False
2025,7,WAS,00-0035719,D.Samuel,WR,DAL,14.2,Fade,0.0,False
2025,7,LAC,00-0038573,D.Davis,WR,IND,14.0,Fade,0.0,False
2025,7,NYJ,00-0037740,G.Wilson,WR,CAR,13.9,Fade,0.0,False
2025,7,DEN,00-0036422,A.Trautman,TE,NYG,13.8,Fade,0.0,False
2025,7,LV,00-0035602,A.Bachman,WR,KC,13.8,Fade,0.0,False
2025,7,DEN,00-0033881,E.Engram,TE,NYG,13.7,Fade,0.0,False
2025,7,CLE,00-0038710,B.Whiteheart,TE,MIA,13.7,Fade,0.0,False
2025,7,JAX,00-0033246,J.Mundt,TE,LA,13.7,Fade,0.0,False
2025,7,SF,00-0039916,R.Pearsall,WR,ATL,13.7,Fade,0.0,False
2025,7,NYJ,00-0028118,T.Taylor,QB,CAR,13.7,Fade,0.0,False
2025,7,SF,00-0038090,S.Moore,WR,ATL,13.6,Fade,0.0,False
2025,7,HOU,00-0034775,C.Kirk,WR,SEA,13.6,Fade,0.0,False
2025,7,GB,00-0038393,D.Wicks,WR,ARI,13.6,Fade,0.0,False
2025,7,CHI,00-0039021,R.Johnson,RB,NO,13.5,Fade,0.0,False
2025,7,CLE,00-0040704,D.Gabriel,QB,MIA,13.3,Fade,0.0,False
2025,7,GB,00-0040009,S.Williams,WR,ARI,13.2,Fade,0.0,False
2025,7,CLE,00-0040259,G.Larvadain,WR,MIA,13.0,Fade,0.0,False
2025,7,PIT,00-0037837,C.Austin,WR,CIN,12.9,Fade,0.0,False
2025,7,WAS,00-0035659,T.McLaurin,WR,DAL,12.9,Fade,0.0,False
2025,7,NYJ,00-0040582,A.Smith,WR,CAR,12.7,Fade,0.0,False
2025,7,CLE,00-0033885,D.Njoku,TE,MIA,12.7,Fade,0.0,False
2025,7,ATL,00-0036825,F.Franks,TE,SF,12.2,Fade,0.0,False
2025,7,NYG,00-0035535,D.Slayton,WR,DEN,12.2,Fade,0.0,False
2025,7,PHI,00-0036876,K.Granson,TE,MIN,12.1,Fade,0.0,False
2025,7,IND,00-0038997,J.Downs,WR,LAC,11.9,Fade,0.0,False
2025,7,TEN,00-0034837,C.Ridley,WR,NE,11.8,Fade,0.0,False
2025,7,SEA,00-0040067,J.Wright,RB,HOU,11.5,Fade,0.0,False
2025,7,SF,00-0034867,M.Turner,WR,ATL,11.4,Fade,0.0,False
2025,7,NYG,00-0040432,B.Collins,WR,DEN,11.3,Fade,0.0,False
2025,7,ARI,00-0039521,X.Weaver,WR,GB,11.1,Fade,0.0,False
2025,7,SEA,00-0039299,G.Holani,RB,HOU,11.1,Fade,0.0,False
2025,7,NYG,00-0038938,J.Hyatt,WR,DEN,11.1,Fade,0.0,False
2025,7,GB,00-0037091,B.Melton,WR,ARI,10.8,Fade,0.0,False
2025,7,ATL,00-0036429,C.Woerner,TE,SF,10.3,Fade,0.0,False
2025,7,SF,00-0037834,B.Purdy,QB,ATL,10.1,Fade,0.0,False
2025,7,CIN,00-0034829,M.Gesicki,TE,PIT,9.9,Fade,0.0,False
2025,7,PIT,00-0023459,A.Rodgers,QB,CIN,9.8,Fade,0.0,False
2025,7,SF,00-0038643,B.Willis,TE,ATL,9.8,Fade,0.0,False
2025,7,MIA,00-0036212,T.Tagovailoa,QB,CLE,9.7,Fade,0.0,False
2025,7,DEN,00-0037539,L.Krull,TE,NYG,9.4,Fade,0.0,False
2025,7,MIA,00-0037013,Z.Wilson,QB,CLE,9.2,Fade,0.0,False
2025,7,PIT,00-0034771,M.Rudolph,QB,CIN,9.1,Fade,0.0,False
2025,7,TEN,00-0039650,B.Oliver,WR,NE,9.0,Fade,0.0,False
2025,7,PHI,00-0037086,G.Calcaterra,TE,MIN,8.1,Fade,0.0,False
2025,7,KC,00-0035289,G.Minshew,QB,LV,8.0,Fade,0.0,False
2025,7,ATL,00-0034407,R.McCloud,WR,SF,7.9,Fade,0.0,False
2025,7,NE,00-0033949,J.Dobbs,QB,TEN,7.5,Fade,0.0,False
2025,7,IND,00-0037120,T.Goodson,RB,LAC,5.4,Fade,0.0,False
2025,8,SF,00-0033280,C.McCaffrey,RB,HOU,48.0,Lock,0.0,False
2025,8,DAL,00-0036997,J.Williams,RB,DEN,45.3,Lock,2.0,True
2025,8,ATL,00-0038542,B.Robinson,RB,MIA,44.9,Lock,0.0,False
2025,8,GB,00-0035700,J.Jacobs,RB,PIT,44.4,Lock,1.0,True
2025,8,NYJ,00-0039794,B.Allen,RB,CIN,43.9,Lock,0.0,False
2025,8,BAL,00-0032764,D.Henry,RB,CHI,42.2,Lock,2.0,True
2025,8,NO,00-0033906,A.Kamara,RB,TB,39.7,Lock,0.0,False
2025,8,BAL,00-0039796,R.Ali,RB,CHI,39.7,Lock,0.0,False
2025,8,NYG,00-0029263,R.Wilson,QB,PHI,39.6,Lock,0.0,False
2025,8,PIT,00-0037228,J.Warren,RB,GB,39.2,Lock,0.0,False
2025,8,IND,00-0036223,J.Taylor,RB,TEN,38.3,Lock,3.0,True
2025,8,DEN,00-0036158,J.Dobbins,RB,DAL,38.1,Lock,0.0,False
2025,8,PHI,00-0034844,S.Barkley,RB,NYG,37.7,Lock,2.0,True
2025,8,NYG,00-0040715,C.Skattebo,RB,PHI,37.4,Lock,1.0,True
2025,8,WAS,00-0038611,C.Rodriguez,RB,KC,36.0,Lock,0.0,False
2025,8,NYJ,00-0036427,T.Johnson,WR,CIN,35.9,Lock,1.0,True
2025,8,CAR,00-0036555,C.Hubbard,RB,BUF,35.7,Lock,1.0,True
2025,8,BUF,00-0037248,J.Cook,RB,CAR,35.1,Lock,2.0,True
2025,8,LAC,00-0039391,K.Vidal,RB,MIN,33.8,Lock,1.0,True
2025,8,TB,00-0039361,B.Irving,RB,NO,33.5,Lock,0.0,False
2025,8,WAS,00-0040242,J.Croskey-Merritt,RB,KC,33.2,Lock,0.0,False
2025,8,DAL,00-0035243,M.Sanders,RB,DEN,33.2,Lock,0.0,False
2025,8,CAR,00-0036139,R.Dowdle,RB,BUF,32.8,Lock,0.0,False
2025,8,WAS,00-0030061,Z.Ertz,TE,KC,32.6,Lock,0.0,False
2025,8,NYJ,00-0038120,B.Hall,RB,CIN,32.5,Lock,2.0,True
2025,8,MIN,00-0037525,J.Mason,RB,LAC,32.5,Lock,0.0,False
2025,8,TB,00-0037256,R.White,RB,NO,32.2,Lock,0.0,False
2025,8,NYG,00-0040691,J.Dart,QB,PHI,32.1,Lock,1.0,True
2025,8,DEN,00-0039868,T.Franklin,WR,DAL,32.0,Lock,2.0,True
2025,8,BAL,00-0035993,T.Huntley,QB,CHI,32.0,Lock,0.0,False
2025,8,BAL,00-0039792,D.Walker,WR,CHI,31.9,Lock,0.0,False
2025,8,KC,00-0039067,R.Rice,WR,WAS,31.8,Lock,1.0,True
2025,8,CLE,00-0040784,Q.Judkins,RB,NE,31.7,Lock,0.0,False
2025,8,TEN,00-0039648,D.Martin-Robinson,TE,IND,31.3,Lock,0.0,False
2025,8,WAS,00-0032268,M.Mariota,QB,KC,31.3,Lock,0.0,False
2025,8,MIA,00-0039040,D.Achane,RB,ATL,31.1,Lock,1.0,True
2025,8,PHI,00-0036389,J.Hurts,QB,NYG,31.0,Lock,0.0,False
2025,8,LAC,00-0040666,O.Hampton,RB,MIN,30.9,Lean,0.0,False
2025,8,BAL,00-0038454,K.Mitchell,RB,CHI,30.7,Lean,0.0,False
2025,8,DEN,00-0034348,C.Sutton,WR,DAL,30.6,Lean,0.0,False
2025,8,DAL,00-0038041,J.Ferguson,TE,DEN,30.4,Lean,0.0,False
2025,8,LAC,00-0030279,K.Allen,WR,MIN,30.3,Lean,0.0,False
2025,8,CLE,00-0038979,C.Tillman,WR,NE,30.0,Lean,0.0,False
2025,8,CHI,00-0036275,D.Swift,RB,BAL,29.7,Lean,1.0,True
2025,8,CAR,00-0040644,T.Etienne,RB,BUF,29.6,Lean,0.0,False
2025,8,LAC,00-0038544,Q.Johnston,WR,MIN,29.6,Lean,0.0,False
2025,8,GB,00-0038996,T.Kraft,TE,PIT,29.5,Lean,2.0,True
2025,8,CIN,00-0036410,T.Higgins,WR,NYJ,29.5,Lean,1.0,True
2025,8,MIA,00-0036613,J.Waddle,WR,ATL,29.4,Lean,1.0,True
2025,8,IND,00-0035021,A.Dulin,WR,TEN,29.3,Lean,0.0,False
2025,8,HOU,00-0040583,W.Marks,RB,SF,29.2,Lean,0.0,False
2025,8,NO,00-0037239,C.Olave,WR,TB,29.2,Lean,0.0,False
2025,8,CAR,00-0039342,X.Legette,WR,BUF,29.0,Lean,0.0,False
2025,8,CIN,00-0026158,J.Flacco,QB,NYJ,28.8,Lean,1.0,True
2025,8,TEN,00-0035261,T.Pollard,RB,IND,28.7,Lean,0.0,False
2025,8,CIN,00-0036900,J.Chase,WR,NYJ,28.6,Lean,0.0,False
2025,8,BAL,00-0034975,J.Hill,RB,CHI,28.6,Lean,0.0,False
2025,8,TB,00-0040129,E.Egbuka,WR,NO,28.4,Lean,0.0,False
2025,8,KC,00-0030506,T.Kelce,TE,WAS,28.4,Lean,1.0,True
2025,8,KC,00-0038104,T.Thornton,WR,WAS,28.3,Lean,0.0,False
2025,8,IND,00-0036252,M.Pittman,WR,TEN,28.3,Lean,1.0,True
2025,8,DEN,00-0040134,P.Bryant,WR,DAL,28.2,Lean,1.0,True
2025,8,TEN,00-0040584,G.Helm,TE,IND,28.1,Lean,1.0,True
2025,8,WAS,00-0033699,A.Ekeler,RB,KC,28.1,Lean,0.0,False
2025,8,HOU,00-0034386,J.Watson,WR,SF,28.1,Lean,0.0,False
2025,8,BUF,00-0040194,J.Hawes,TE,CAR,28.1,Lean,0.0,False
2025,8,LAC,00-0039915,L.McConkey,WR,MIN,28.1,Lean,1.0,True
2025,8,CIN,00-0038597,C.Brown,RB,NYJ,27.9,Lean,2.0,True
2025,8,MIN,00-0038994,J.Addison,WR,LAC,27.9,Lean,1.0,True
2025,8,ATL,00-0037263,T.Allgeier,RB,MIA,27.5,Lean,1.0,True
2025,8,NE,00-0036875,R.Stevenson,RB,CLE,27.5,Lean,0.0,False
2025,8,BUF,00-0038933,D.Kincaid,TE,CAR,27.3,Lean,0.0,False
2025,8,NO,00-0037545,R.Shaheed,WR,TB,26.9,Lean,0.0,False
2025,8,MIA,00-0031610,D.Waller,TE,ATL,26.8,Lean,0.0,False
2025,8,CAR,00-0040124,T.McMillan,WR,BUF,26.7,Lean,0.0,False
2025,8,TEN,00-0037809,C.Okonkwo,TE,IND,26.7,Lean,0.0,False
2025,8,TEN,00-0040676,C.Ward,QB,IND,26.7,Lean,0.0,False
2025,8,MIN,00-0036322,J.Jefferson,WR,LAC,26.7,Lean,0.0,False
2025,8,KC,00-0035662,M.Brown,WR,WAS,26.6,Lean,0.0,False
2025,8,CHI,00-0040236,K.Monangai,RB,BAL,26.5,Lean,0.0,False
2025,8,BAL,00-0036630,T.Wallace,WR,CHI,26.5,Lean,0.0,False
2025,8,CAR,00-0039356,J.Sanders,TE,BUF,26.3,Lean,0.0,False
2025,8,CLE,00-0040782,I.Bond,WR,NE,26.2,Lean,0.0,False
2025,8,KC,00-0038519,N.Remigio,WR,WAS,26.2,Lean,0.0,False
2025,8,CLE,00-0036407,J.Jeudy,WR,NE,26.2,Lean,0.0,False
2025,8,KC,00-0033857,J.Smith-Schuster,WR,WAS,26.1,Lean,0.0,False
2025,8,TEN,00-0040705,C.Dike,WR,IND,26.1,Lean,0.0,False
2025,8,TB,00-0031408,M.Evans,WR,NO,26.1,Lean,0.0,False
2025,8,GB,00-0039146,J.Reed,WR,PIT,26.0,Lean,0.0,False
2025,8,WAS,00-0033955,J.McNichols,RB,KC,25.9,Lean,0.0,False
2025,8,GB,00-0038465,M.Heath,WR,PIT,25.9,Lean,0.0,False
2025,8,NYJ,00-0034521,A.Lazard,WR,CIN,25.6,Fringe,0.0,False
2025,8,BUF,00-0035689,D.Knox,TE,CAR,25.6,Fringe,0.0,False
2025,8,BAL,00-0039064,Z.Flowers,WR,CHI,25.6,Fringe,0.0,False
2025,8,DEN,00-0034487,T.Sherfield,WR,DAL,25.6,Fringe,0.0,False
2025,8,MIN,00-0037291,J.Nailor,WR,LAC,25.6,Fringe,0.0,False
2025,8,GB,00-0037816,R.Doubs,WR,PIT,25.5,Fringe,0.0,False
2025,8,NO,00-0039376,S.Rattler,QB,TB,25.4,Fringe,0.0,False
2025,8,DAL,00-0037247,G.Pickens,WR,DEN,25.4,Fringe,0.0,False
2025,8,WAS,00-0039355,L.McCaffrey,WR,KC,25.4,Fringe,0.0,False
2025,8,CLE,00-0040466,R.Sanders,RB,NE,25.4,Fringe,0.0,False
2025,8,PHI,00-0036912,D.Smith,WR,NYG,25.3,Fringe,0.0,False
2025,8,CHI,00-0039919,R.Odunze,WR,BAL,25.3,Fringe,0.0,False
2025,8,BAL,00-0030564,D.Hopkins,WR,CHI,25.3,Fringe,0.0,False
2025,8,TEN,00-0037594,J.Chestnut,RB,IND,25.3,Fringe,0.0,False
2025,8,CLE,00-0040663,H.Fannin,TE,NE,25.3,Fringe,1.0,True
2025,8,MIA,00-0036212,T.Tagovailoa,QB,ATL,25.2,Fringe,0.0,False
2025,8,CIN,00-0038619,A.Iosivas,WR,NYJ,25.1,Fringe,0.0,False
2025,8,NE,00-0038608,K.Boutte,WR,CLE,25.0,Fringe,1.0,True
2025,8,DEN,00-0039732,B.Nix,QB,DAL,25.0,Fringe,0.0,False
2025,8,KC,00-0033923,K.Hunt,RB,WAS,24.9,Fringe,2.0,True
2025,8,WAS,00-0036628,J.Bates,TE,KC,24.9,Fringe,0.0,False
2025,8,MIN,00-0035249,J.Oliver,TE,LAC,24.9,Fringe,0.0,False
2025,8,CHI,00-0039918,C.Williams,QB,BAL,24.9,Fringe,0.0,False
2025,8,DEN,00-0038976,M.Mims,WR,DAL,24.9,Fringe,0.0,False
2025,8,CHI,00-0040126,C.Loveland,TE,BAL,24.8,Fringe,0.0,False
2025,8,NO,00-0039424,D.Vele,WR,TB,24.8,Fringe,0.0,False
2025,8,NE,00-0031588,S.Diggs,WR,CLE,24.8,Fringe,1.0,True
2025,8,TEN,00-0036415,V.Jefferson,WR,IND,24.8,Fringe,0.0,False
2025,8,DEN,00-0040730,R.Harvey,RB,DAL,24.8,Fringe,3.0,True
2025,8,LAC,00-0036355,J.Herbert,QB,MIN,24.7,Fringe,0.0,False
2025,8,PHI,00-0036265,A.Dillon,RB,NYG,24.7,Fringe,0.0,False
2025,8,IND,00-0037664,A.Pierce,WR,TEN,24.7,Fringe,0.0,False
2025,8,CAR,00-0036425,D.Dallas,RB,BUF,24.7,Fringe,0.0,False
2025,8,KC,00-0039894,X.Worthy,WR,WAS,24.4,Fringe,0.0,False
2025,8,KC,00-0038492,J.Brownlee,WR,WAS,24.4,Fringe,0.0,False
2025,8,CLE,00-0039920,M.Corley,WR,NE,24.4,Fringe,0.0,False
2025,8,KC,00-0037197,I.Pacheco,RB,WAS,24.3,Fringe,0.0,False
2025,8,IND,00-0038997,J.Downs,WR,TEN,24.3,Fringe,1.0,True
2025,8,NYJ,00-0039798,I.Davis,RB,CIN,24.2,Fringe,0.0,False
2025,8,NO,00-0036040,J.Johnson,TE,TB,24.2,Fringe,0.0,False
2025,8,KC,00-0033873,P.Mahomes,QB,WAS,24.1,Fringe,0.0,False
2025,8,NYJ,00-0037805,J.Ruckert,TE,CIN,24.1,Fringe,0.0,False
2025,8,TB,00-0032385,S.Shepard,WR,NO,24.1,Fringe,0.0,False
2025,8,LAC,00-0040727,T.Harris,WR,MIN,24.1,Fringe,1.0,True
2025,8,NO,00-0038551,K.Miller,RB,TB,24.1,Fringe,0.0,False
2025,8,NYG,00-0038115,D.Bellinger,TE,PHI,24.0,Fringe,0.0,False
2025,8,MIA,00-0040198,O.Gordon,RB,ATL,23.9,Fringe,1.0,True
2025,8,CAR,00-0040218,Ji.Horn,WR,BUF,23.9,Fringe,0.0,False
2025,8,CAR,00-0040187,M.Evans,TE,BUF,23.9,Fringe,0.0,False
2025,8,CIN,00-0034613,T.Hudson,TE,NYJ,23.8,Fringe,0.0,False
2025,8,NYG,00-0039337,M.Nabers,WR,PHI,23.8,Fringe,0.0,False
2025,8,TEN,00-0040170,E.Ayomanor,WR,IND,23.7,Fringe,0.0,False
2025,8,CLE,00-0039379,J.Thrash,WR,NE,23.7,Fringe,0.0,False
2025,8,CLE,00-0033885,D.Njoku,TE,NE,23.6,Fringe,1.0,True
2025,8,DAL,00-0038738,H.Luepke,RB,DEN,23.6,Fringe,0.0,False
2025,8,KC,00-0040078,B.Smith,RB,WAS,23.5,Fringe,0.0,False
2025,8,NYG,00-0038117,W.Robinson,WR,PHI,23.5,Fringe,0.0,False
2025,8,IND,00-0040128,T.Warren,TE,TEN,23.4,Fringe,0.0,False
2025,8,NE,00-0033090,H.Henry,TE,CLE,23.3,Fringe,1.0,True
2025,8,PIT,00-0035640,D.Metcalf,WR,GB,23.2,Fringe,1.0,True
2025,8,ATL,00-0036970,K.Pitts,TE,MIA,23.2,Fringe,0.0,False
2025,8,NE,00-0038621,D.Douglas,WR,CLE,23.1,Fringe,0.0,False
2025,8,TB,00-0039589,K.Johnson,WR,NO,23.1,Fringe,0.0,False
2025,8,GB,00-0037306,J.FitzPatrick,TE,PIT,23.1,Fringe,0.0,False
2025,8,WAS,00-0039912,B.Sinnott,TE,KC,23.1,Fringe,0.0,False
2025,8,HOU,00-0038618,X.Hutchinson,WR,SF,23.0,Fringe,1.0,True
2025,8,TB,00-0040237,T.Johnson,WR,NO,23.0,Fringe,0.0,False
2025,8,DEN,00-0037085,T.Badie,RB,DAL,23.0,Fringe,0.0,False
2025,8,PIT,00-0036894,P.Freiermuth,TE,GB,23.0,Fringe,0.0,False
2025,8,TB,00-0038824,R.Miller,WR,NO,23.0,Fringe,0.0,False
2025,8,CHI,00-0040735,L.Burden,WR,BAL,23.0,Fringe,0.0,False
2025,8,WAS,00-0035719,D.Samuel,WR,KC,22.9,Fringe,0.0,False
2025,8,IND,00-0039890,A.Mitchell,WR,TEN,22.7,Fringe,0.0,False
2025,8,CAR,00-0038840,B.Tremayne,WR,BUF,22.6,Fringe,0.0,False
2025,8,CAR,00-0033589,D.Moore,WR,BUF,22.5,Fringe,0.0,False
2025,8,CAR,00-0034983,H.Renfrow,WR,BUF,22.5,Fringe,0.0,False
2025,8,MIN,00-0035229,T.Hockenson,TE,LAC,22.4,Fringe,0.0,False
2025,8,PIT,00-0038558,D.Washington,TE,GB,22.4,Fringe,0.0,False
2025,8,MIN,00-0039923,J.McCarthy,QB,LAC,22.3,Fringe,0.0,False
2025,8,MIN,00-0032950,C.Wentz,QB,LAC,22.3,Fringe,0.0,False
2025,8,CIN,00-0035100,J.Browning,QB,NYJ,22.3,Fringe,0.0,False
2025,8,KC,00-0036637,N.Gray,TE,WAS,22.3,Fringe,0.0,False
2025,8,CIN,00-0038839,M.Tinsley,WR,NYJ,22.2,Fringe,0.0,False
2025,8,LAC,00-0040189,O.Gadsden,TE,MIN,22.2,Fringe,1.0,True
2025,8,TEN,00-0039032,T.Spears,RB,IND,22.1,Fringe,1.0,True
2025,8,CAR,00-0037005,T.Tremble,TE,BUF,22.1,Fringe,0.0,False
2025,8,NO,00-0036741,J.Stoll,TE,TB,22.1,Fringe,0.0,False
2025,8,CHI,00-0035208,O.Zaccheaus,WR,BAL,22.1,Fringe,0.0,False
2025,8,PHI,00-0037741,J.Dotson,WR,NYG,21.9,Fringe,1.0,True
2025,8,DEN,00-0038783,N.Adkins,TE,DAL,21.9,Fringe,0.0,False
2025,8,HOU,00-0040130,J.Higgins,WR,SF,21.9,Fringe,1.0,True
2025,8,HOU,00-0037258,D.Pierce,RB,SF,21.9,Fringe,0.0,False
2025,8,DEN,00-0036422,A.Trautman,TE,DAL,21.7,Fringe,0.0,False
2025,8,NYG,00-0035535,D.Slayton,WR,PHI,21.7,Fringe,0.0,False
2025,8,WAS,00-0035659,T.McLaurin,WR,KC,21.6,Fade,1.0,True
2025,8,ATL,00-0040547,N.Carter,RB,MIA,21.6,Fade,0.0,False
2025,8,SF,00-0033307,K.Bourne,WR,HOU,21.6,Fade,0.0,False
2025,8,MIA,00-0037013,Z.Wilson,QB,ATL,21.4,Fade,0.0,False
2025,8,CLE,00-0040259,G.Larvadain,WR,NE,21.4,Fade,0.0,False
2025,8,NYG,00-0039847,T.Johnson,TE,PHI,21.3,Fade,0.0,False
2025,8,GB,00-0039144,L.Musgrave,TE,PIT,21.3,Fade,0.0,False
2025,8,SF,00-0036259,J.Jennings,WR,HOU,21.3,Fade,0.0,False
2025,8,HOU,00-0040138,J.Noel,WR,SF,21.3,Fade,0.0,False
2025,8,PIT,00-0036919,K.Gainwell,RB,GB,21.3,Fade,0.0,False
2025,8,BAL,00-0036550,R.Bateman,WR,CHI,21.2,Fade,0.0,False
2025,8,HOU,00-0034791,N.Chubb,RB,SF,21.1,Fade,0.0,False
2025,8,TB,00-0038129,C.Otton,TE,NO,21.1,Fade,0.0,False
2025,8,PIT,00-0036862,B.Skowronek,WR,GB,21.1,Fade,0.0,False
2025,8,PIT,00-0037837,C.Austin,WR,GB,21.0,Fade,0.0,False
2025,8,NE,00-0033555,M.Hollins,WR,CLE,20.9,Fade,0.0,False
2025,8,NYG,00-0035406,L.Humphrey,WR,PHI,20.9,Fade,0.0,False
2025,8,NO,00-0040202,D.Neal,RB,TB,20.9,Fade,0.0,False
2025,8,BAL,00-0034753,M.Andrews,TE,CHI,20.9,Fade,0.0,False
2025,8,MIN,00-0038440,Z.Scott,RB,LAC,20.9,Fade,0.0,False
2025,8,CHI,00-0034827,D.Moore,WR,BAL,20.8,Fade,0.0,False
2025,8,DEN,00-0033881,E.Engram,TE,DAL,20.8,Fade,0.0,False
2025,8,NYJ,00-0040736,M.Taylor,TE,CIN,20.8,Fade,1.0,True
2025,8,MIA,00-0033040,T.Hill,WR,ATL,20.7,Fade,0.0,False
2025,8,BUF,00-0039901,K.Coleman,WR,CAR,20.7,Fade,0.0,False
2025,8,MIA,00-0039880,M.Washington,WR,ATL,20.7,Fade,1.0,True
2025,8,BUF,00-0037261,K.Shakir,WR,CAR,20.7,Fade,1.0,True
2025,8,NO,00-0034981,F.Moreau,TE,TB,20.5,Fade,0.0,False
2025,8,CAR,00-0027973,A.Dalton,QB,BUF,20.5,Fade,0.0,False
2025,8,CAR,00-0037282,J.Mitchell,TE,BUF,20.5,Fade,0.0,False
2025,8,NO,00-0033357,T.Hill,TE,TB,20.4,Fade,0.0,False
2025,8,PHI,00-0034351,D.Goedert,TE,NYG,20.4,Fade,2.0,True
2025,8,NYJ,00-0036945,J.Fields,QB,CIN,20.4,Fade,0.0,False
2025,8,HOU,00-0034383,D.Schultz,TE,SF,20.2,Fade,0.0,False
2025,8,HOU,00-0034419,B.Berrios,WR,SF,20.2,Fade,0.0,False
2025,8,IND,00-0032104,A.Abdullah,RB,TEN,20.1,Fade,0.0,False
2025,8,BUF,00-0034857,J.Allen,QB,CAR,20.1,Fade,2.0,True
2025,8,LAC,00-0040184,K.Lambert-Smith,WR,MIN,20.0,Fade,0.0,False
2025,8,GB,00-0038797,E.Wilson,RB,PIT,20.0,Fade,0.0,False
2025,8,CLE,00-0026158,J.Flacco,QB,NE,20.0,Fade,1.0,True
2025,8,ATL,00-0037238,D.London,WR,MIA,20.0,Fade,0.0,False
2025,8,MIN,00-0036414,C.Akers,RB,LAC,19.9,Fade,0.0,False
2025,8,LAC,00-0038573,D.Davis,WR,MIN,19.9,Fade,0.0,False
2025,8,DAL,00-0040586,J.Blue,RB,DEN,19.9,Fade,0.0,False
2025,8,NE,00-0032392,A.Hooper,TE,CLE,19.9,Fade,0.0,False
2025,8,CLE,00-0040162,D.Sampson,RB,NE,19.8,Fade,0.0,False
2025,8,DAL,00-0038547,L.Schoonmaker,TE,DEN,19.8,Fade,0.0,False
2025,8,NO,00-0031236,B.Cooks,WR,TB,19.7,Fade,0.0,False
2025,8,WAS,00-0037524,T.Martin,WR,KC,19.6,Fade,0.0,False
2025,8,MIA,00-0040234,Q.Ewers,QB,ATL,19.6,Fade,0.0,False
2025,8,BAL,00-0034796,L.Jackson,QB,CHI,19.6,Fade,0.0,False
2025,8,DAL,00-0036358,C.Lamb,WR,DEN,19.6,Fade,0.0,False
2025,8,NYG,00-0039384,T.Tracy,RB,PHI,19.5,Fade,0.0,False
2025,8,GB,00-0040667,M.Golden,WR,PIT,19.4,Fade,0.0,False
2025,8,DAL,00-0037801,K.Turpin,WR,DEN,19.4,Fade,0.0,False
2025,8,CLE,00-0037267,J.Ford,RB,NE,19.4,Fade,0.0,False
2025,8,WAS,00-0032398,C.Moore,WR,KC,19.3,Fade,0.0,False
2025,8,PHI,00-0038555,T.Bigsby,RB,NYG,19.3,Fade,0.0,False
2025,8,BUF,00-0033282,C.Samuel,WR,CAR,19.2,Fade,0.0,False
2025,8,TB,00-0038951,S.Tucker,RB,NO,19.2,Fade,1.0,True
2025,8,ATL,00-0036309,D.Mooney,WR,MIA,19.2,Fade,0.0,False
2025,8,DEN,00-0038794,J.McLaughlin,RB,DAL,19.2,Fade,0.0,False
2025,8,CLE,00-0040704,D.Gabriel,QB,NE,19.2,Fade,0.0,False
2025,8,GB,00-0040009,S.Williams,WR,PIT,19.1,Fade,1.0,True
2025,8,PHI,00-0039746,W.Shipley,RB,NYG,19.0,Fade,0.0,False
2025,8,TEN,00-0032211,T.Lockett,WR,IND,19.0,Fade,0.0,False
2025,8,CLE,00-0038710,B.Whiteheart,TE,NE,19.0,Fade,0.0,False
2025,8,WAS,00-0033591,N.Brown,WR,KC,19.0,Fade,0.0,False
2025,8,NYJ,00-0040582,A.Smith,WR,CIN,18.9,Fade,0.0,False
2025,8,SF,00-0032775,D.Robinson,WR,HOU,18.9,Fade,0.0,False
2025,8,DAL,00-0039530,B.Spann-Ford,TE,DEN,18.8,Fade,0.0,False
2025,8,NYG,00-0035250,D.Singletary,RB,PHI,18.6,Fade,0.0,False
2025,8,BUF,00-0039875,R.Davis,RB,CAR,18.5,Fade,0.0,False
2025,8,LAC,00-0037012,T.Lance,QB,MIN,18.5,Fade,0.0,False
2025,8,TB,00-0034855,B.Mayfield,QB,NO,18.5,Fade,0.0,False
2025,8,PIT,00-0033858,J.Smith,TE,GB,18.5,Fade,0.0,False
2025,8,GB,00-0038685,C.Brooks,RB,PIT,18.4,Fade,0.0,False
2025,8,IND,00-0039816,A.Gould,WR,TEN,18.4,Fade,0.0,False
2025,8,MIA,00-0037348,T.Conner,TE,ATL,18.4,Fade,0.0,False
2025,8,SF,00-0036887,L.Farrell,TE,HOU,18.2,Fade,0.0,False
2025,8,WAS,00-0032688,R.Chosen,WR,KC,18.0,Fade,0.0,False
2025,8,GB,00-0036264,J.Love,QB,PIT,18.0,Fade,0.0,False
2025,8,MIA,00-0036620,D.Eskridge,WR,ATL,17.9,Fade,0.0,False
2025,8,LAC,00-0036893,N.Harris,RB,MIN,17.9,Fade,0.0,False
2025,8,BAL,00-0033662,C.Rush,QB,CHI,17.9,Fade,0.0,False
2025,8,MIN,00-0033293,A.Jones,RB,LAC,17.9,Fade,0.0,False
2025,8,HOU,00-0039458,B.Bates,TE,SF,17.8,Fade,0.0,False
2025,8,SF,00-0037112,J.Tonges,TE,HOU,17.7,Fade,1.0,True
2025,8,HOU,00-0039163,C.Stroud,QB,SF,17.6,Fade,0.0,False
2025,8,WAS,00-0040164,J.Lane,WR,KC,17.6,Fade,0.0,False
2025,8,DAL,00-0037666,J.Tolbert,WR,DEN,17.4,Fade,1.0,True
2025,8,ATL,00-0034407,R.McCloud,WR,MIA,17.4,Fade,0.0,False
2025,8,CAR,00-0039491,J.Coker,WR,BUF,17.4,Fade,0.0,False
2025,8,DEN,00-0037539,L.Krull,TE,DAL,17.4,Fade,0.0,False
2025,8,DAL,00-0039410,R.Flournoy,WR,DEN,17.4,Fade,0.0,False
2025,8,MIN,00-0040154,T.Felton,WR,LAC,17.2,Fade,0.0,False
2025,8,ATL,00-0036825,F.Franks,TE,MIA,17.1,Fade,0.0,False
2025,8,NE,00-0039851,D.Maye,QB,CLE,17.1,Fade,0.0,False
2025,8,SF,00-0038090,S.Moore,WR,HOU,17.0,Fade,0.0,False
2025,8,IND,00-0033217,M.Alie-Cox,TE,TEN,17.0,Fade,0.0,False
2025,8,MIN,00-0030035,A.Thielen,WR,LAC,16.9,Fade,0.0,False
2025,8,BUF,00-0036980,E.Moore,WR,CAR,16.9,Fade,0.0,False
2025,8,CIN,00-0035631,D.Sample,TE,NYJ,16.8,Fade,0.0,False
2025,8,PHI,00-0037614,J.Metchie,WR,NYG,16.8,Fade,0.0,False
2025,8,IND,00-0040179,D.Giddens,RB,TEN,16.8,Fade,0.0,False
2025,8,MIN,00-0040494,M.Brosmer,QB,LAC,16.8,Fade,0.0,False
2025,8,GB,00-0037091,B.Melton,WR,PIT,16.7,Fade,0.0,False
2025,8,SF,00-0036972,M.Jones,QB,HOU,16.6,Fade,0.0,False
2025,8,PIT,00-0039739,R.Wilson,WR,GB,16.6,Fade,1.0,True
2025,8,LAC,00-0034270,T.Conklin,TE,MIN,16.5,Fade,0.0,False
2025,8,HOU,00-0036554,N.Collins,WR,SF,16.5,Fade,0.0,False
2025,8,CIN,00-0036442,J.Burrow,QB,NYJ,16.5,Fade,0.0,False
2025,8,BAL,00-0037340,Z.Mitchell-Paden,TE,CHI,16.5,Fade,0.0,False
2025,8,BUF,00-0035537,Ty.Johnson,RB,CAR,16.5,Fade,0.0,False
2025,8,ATL,00-0039394,Cas.Washington,WR,MIA,16.4,Fade,0.0,False
2025,8,IND,00-0035710,D.Jones,QB,TEN,16.2,Fade,0.0,False
2025,8,DAL,00-0033077,D.Prescott,QB,DEN,16.2,Fade,0.0,False
2025,8,ATL,00-0035359,D.Sills,WR,MIA,16.1,Fade,0.0,False
2025,8,BAL,00-0038046,C.Kolar,TE,CHI,16.1,Fade,1.0,True
2025,8,SF,00-0034272,M.Valdes-Scantling,WR,HOU,16.0,Fade,0.0,False
2025,8,HOU,00-0039603,B.Brooks,RB,SF,16.0,Fade,0.0,False
2025,8,LAC,00-0034159,W.Dissly,TE,MIN,16.0,Fade,0.0,False
2025,8,BAL,00-0037838,I.Likely,TE,CHI,15.9,Fade,0.0,False
2025,8,CIN,00-0035644,N.Fant,TE,NYJ,15.7,Fade,0.0,False
2025,8,NE,00-0040131,K.Williams,WR,CLE,15.5,Fade,0.0,False
2025,8,ATL,00-0039917,M.Penix,QB,MIA,15.4,Fade,0.0,False
2025,8,CIN,00-0033526,S.Perine,RB,NYJ,15.3,Fade,1.0,True
2025,8,SF,00-0033288,G.Kittle,TE,HOU,15.3,Fade,1.0,True
2025,8,NO,00-0037231,K.Austin,WR,TB,15.1,Fade,0.0,False
2025,8,CIN,00-0034829,M.Gesicki,TE,NYJ,15.1,Fade,0.0,False
2025,8,NO,00-0039623,M.Tipton,WR,TB,15.1,Fade,0.0,False
2025,8,TB,00-0039050,P.Durham,TE,NO,14.9,Fade,0.0,False
2025,8,NYG,00-0040432,B.Collins,WR,PHI,14.8,Fade,0.0,False
2025,8,NYG,00-0038938,J.Hyatt,WR,PHI,14.8,Fade,0.0,False
2025,8,NYG,00-0031484,C.Manhertz,TE,PHI,14.8,Fade,0.0,False
2025,8,SF,00-0037746,B.Robinson,RB,HOU,14.8,Fade,0.0,False
2025,8,TB,00-0033921,C.Godwin,WR,NO,14.7,Fade,0.0,False
2025,8,HOU,00-0033854,D.Ogunbowale,RB,SF,14.5,Fade,0.0,False
2025,8,BUF,00-0038679,T.Shavers,WR,CAR,14.4,Fade,0.0,False
2025,8,ATL,00-0036429,C.Woerner,TE,MIA,14.4,Fade,0.0,False
2025,8,NE,00-0036328,A.Gibson,RB,CLE,14.3,Fade,0.0,False
2025,8,HOU,00-0039359,C.Stover,TE,SF,14.1,Fade,0.0,False
2025,8,MIA,00-0036182,N.Westbrook-Ikhine,WR,ATL,14.0,Fade,0.0,False
2025,8,SF,00-0039916,R.Pearsall,WR,HOU,14.0,Fade,0.0,False
2025,8,IND,00-0037120,T.Goodson,RB,TEN,13.8,Fade,0.0,False
2025,8,PIT,00-0040142,K.Johnson,RB,GB,13.8,Fade,0.0,False
2025,8,BUF,00-0036988,J.Palmer,WR,CAR,13.8,Fade,0.0,False
2025,8,WAS,00-0039910,J.Daniels,QB,KC,13.6,Fade,0.0,False
2025,8,HOU,00-0034775,C.Kirk,WR,SF,13.6,Fade,0.0,False
2025,8,NE,00-0040734,T.Henderson,RB,CLE,13.5,Fade,0.0,False
2025,8,ATL,00-0034854,K.Hodge,WR,MIA,13.4,Fade,0.0,False
2025,8,CHI,00-0038416,T.Bagent,QB,BAL,13.2,Fade,0.0,False
2025,8,SF,00-0034867,M.Turner,WR,HOU,13.1,Fade,0.0,False
2025,8,CIN,00-0039631,C.Grandy,TE,NYJ,13.0,Fade,0.0,False
2025,8,KC,00-0035289,G.Minshew,QB,WAS,13.0,Fade,0.0,False
2025,8,NYJ,00-0037740,G.Wilson,WR,CIN,12.8,Fade,0.0,False
2025,8,PIT,00-0023459,A.Rodgers,QB,GB,12.6,Fade,0.0,False
2025,8,CAR,00-0039150,B.Young,QB,BUF,12.6,Fade,0.0,False
2025,8,IND,00-0040476,U.Bentley,RB,TEN,12.6,Fade,0.0,False
2025,8,CIN,00-0040208,T.Brooks,RB,NYJ,12.6,Fade,0.0,False
2025,8,PHI,00-0037086,G.Calcaterra,TE,NYG,12.4,Fade,0.0,False
2025,8,MIA,00-0038720,J.Hill,TE,ATL,12.0,Fade,0.0,False
2025,8,TEN,00-0034837,C.Ridley,WR,IND,11.9,Fade,0.0,False
2025,8,HOU,00-0036232,H.Bryant,TE,SF,11.8,Fade,0.0,False
2025,8,TB,00-0031237,T.Bridgewater,QB,NO,11.8,Fade,0.0,False
2025,8,PIT,00-0034771,M.Rudolph,QB,GB,11.7,Fade,0.0,False
2025,8,PHI,00-0035676,A.Brown,WR,NYG,11.4,Fade,0.0,False
2025,8,HOU,00-0036898,D.Mills,QB,SF,11.1,Fade,0.0,False
2025,8,LAC,00-0037654,T.Fisk,TE,MIN,10.9,Fade,0.0,False
2025,8,SF,00-0038643,B.Willis,TE,HOU,10.9,Fade,0.0,False
2025,8,GB,00-0038393,D.Wicks,WR,PIT,10.3,Fade,0.0,False
2025,8,PHI,00-0036876,K.Granson,TE,NYG,10.3,Fade,0.0,False
2025,8,CHI,00-0036290,C.Kmet,TE,BAL,10.2,Fade,0.0,False
2025,8,SF,00-0037834,B.Purdy,QB,HOU,10.1,Fade,0.0,False
2025,8,BUF,00-0033869,M.Trubisky,QB,CAR,9.9,Fade,0.0,False
2025,8,IND,00-0039164,A.Richardson,QB,TEN,9.4,Fade,0.0,False
2025,8,NE,00-0039757,T.Jennings,RB,CLE,9.4,Fade,0.0,False
2025,8,CHI,00-0039021,R.Johnson,RB,BAL,9.3,Fade,0.0,False
2025,8,TEN,00-0039650,B.Oliver,WR,IND,9.0,Fade,0.0,False
2025,8,PIT,00-0035298,S.Miller,WR,GB,8.6,Fade,0.0,False
2025,8,NYJ,00-0033943,J.Reynolds,WR,CIN,8.4,Fade,0.0,False
2025,8,NYJ,00-0028118,T.Taylor,QB,CIN,7.5,Fade,0.0,False
2025,8,NE,00-0033949,J.Dobbs,QB,CLE,6.7,Fade,0.0,False
2025,8,LAC,00-0037617,H.Haskins,RB,MIN,6.6,Fade,0.0,False
2025,9,SF,00-0033280,C.McCaffrey,RB,NYG,54.1,Lock,2.0,True
2025,9,BAL,00-0032764,D.Henry,RB,MIA,42.6,Lock,0.0,False
2025,9,IND,00-0036223,J.Taylor,RB,PIT,42.4,Lock,0.0,False
2025,9,GB,00-0035700,J.Jacobs,RB,CAR,40.9,Lock,1.0,True
2025,9,NO,00-0039623,M.Tipton,WR,LA,40.5,Lock,0.0,False
2025,9,DAL,00-0036997,J.Williams,RB,ARI,40.1,Lock,0.0,False
2025,9,PIT,00-0037228,J.Warren,RB,IND,40.0,Lock,2.0,True
2025,9,BAL,00-0039796,R.Ali,RB,MIA,39.3,Lock,0.0,False
2025,9,BUF,00-0037248,J.Cook,RB,KC,39.2,Lock,0.0,False
2025,9,LAC,00-0039391,K.Vidal,RB,TEN,38.6,Lock,0.0,False
2025,9,CIN,00-0038597,C.Brown,RB,CHI,38.6,Lock,0.0,False
2025,9,DET,00-0039139,J.Gibbs,RB,MIN,37.7,Lock,0.0,False
2025,9,MIA,00-0031610,D.Waller,TE,BAL,37.5,Lock,0.0,False
2025,9,ARI,00-0037157,Z.Knight,RB,DAL,37.4,Lock,0.0,False
2025,9,SEA,00-0039165,Z.Charbonnet,RB,WAS,37.3,Lock,0.0,False
2025,9,MIA,00-0039040,D.Achane,RB,BAL,37.0,Lock,0.0,False
2025,9,ATL,00-0038542,B.Robinson,RB,NE,36.5,Lock,0.0,False
2025,9,ARI,00-0033553,J.Conner,RB,DAL,36.5,Lock,0.0,False
2025,9,MIN,00-0038994,J.Addison,WR,DET,35.7,Lock,0.0,False
2025,9,ARI,00-0038705,E.Demercado,RB,DAL,34.9,Lock,0.0,False
2025,9,LAC,00-0040666,O.Hampton,RB,TEN,34.8,Lock,0.0,False
2025,9,LV,00-0040122,A.Jeanty,RB,JAX,34.4,Lock,1.0,True
2025,9,NYG,00-0029263,R.Wilson,QB,SF,33.9,Lock,0.0,False
2025,9,KC,00-0039067,R.Rice,WR,BUF,33.9,Lock,1.0,True
2025,9,NYG,00-0040715,C.Skattebo,RB,SF,33.8,Lock,0.0,False
2025,9,MIA,00-0036613,J.Waddle,WR,BAL,33.6,Lock,0.0,False
2025,9,ARI,00-0039921,T.Benson,RB,DAL,33.1,Lock,0.0,False
2025,9,LV,00-0039338,B.Bowers,TE,JAX,32.5,Lock,3.0,True
2025,9,CIN,00-0036900,J.Chase,WR,CHI,32.1,Lock,0.0,False
2025,9,HOU,00-0040583,W.Marks,RB,DEN,31.9,Lock,0.0,False
2025,9,ARI,00-0037744,T.McBride,TE,DAL,31.9,Lock,1.0,True
2025,9,IND,00-0040128,T.Warren,TE,PIT,31.8,Lock,0.0,False
2025,9,CIN,00-0036410,T.Higgins,WR,CHI,31.7,Lock,2.0,True
2025,9,BAL,00-0034796,L.Jackson,QB,MIA,31.4,Lock,0.0,False
2025,9,SEA,00-0038134,K.Walker,RB,WAS,31.3,Lock,0.0,False
2025,9,GB,00-0038996,T.Kraft,TE,CAR,31.2,Lock,0.0,False
2025,9,WAS,00-0032268,M.Mariota,QB,SEA,31.2,Lock,0.0,False
2025,9,ARI,00-0039849,M.Harrison,WR,DAL,30.9,Lock,1.0,True
2025,9,DET,00-0036963,A.St. Brown,WR,MIN,30.9,Lock,0.0,False
2025,9,CHI,00-0039919,R.Odunze,WR,CIN,30.7,Lock,0.0,False
2025,9,MIN,00-0036322,J.Jefferson,WR,DET,30.5,Lock,1.0,True
2025,9,SEA,00-0039793,A.Barner,TE,WAS,30.3,Lock,1.0,True
2025,9,DET,00-0040669,I.TeSlaa,WR,MIN,30.1,Lean,0.0,False
2025,9,PIT,00-0038558,D.Washington,TE,IND,30.0,Lean,0.0,False
2025,9,TEN,00-0035261,T.Pollard,RB,LAC,30.0,Lean,0.0,False
2025,9,DAL,00-0035243,M.Sanders,RB,ARI,29.9,Lean,0.0,False
2025,9,KC,00-0033873,P.Mahomes,QB,BUF,29.9,Lean,0.0,False
2025,9,ARI,00-0036924,M.Carter,RB,DAL,29.8,Lean,0.0,False
2025,9,LA,00-0037840,K.Williams,RB,NO,29.8,Lean,1.0,True
2025,9,ARI,00-0035500,G.Dortch,WR,DAL,29.8,Lean,0.0,False
2025,9,KC,00-0038104,T.Thornton,WR,BUF,29.7,Lean,0.0,False
2025,9,TEN,00-0039032,T.Spears,RB,LAC,29.5,Lean,0.0,False
2025,9,BUF,00-0038933,D.Kincaid,TE,KC,29.4,Lean,1.0,True
2025,9,MIN,00-0037291,J.Nailor,WR,DET,29.3,Lean,0.0,False
2025,9,ATL,00-0037238,D.London,WR,NE,29.1,Lean,3.0,True
2025,9,BAL,00-0039792,D.Walker,WR,MIA,29.0,Lean,0.0,False
2025,9,BAL,00-0038454,K.Mitchell,RB,MIA,28.9,Lean,0.0,False
2025,9,LA,00-0031381,D.Adams,WR,NO,28.9,Lean,2.0,True
2025,9,MIA,00-0040198,O.Gordon,RB,BAL,28.9,Lean,0.0,False
2025,9,PIT,00-0036894,P.Freiermuth,TE,IND,28.8,Lean,1.0,True
2025,9,PIT,00-0035640,D.Metcalf,WR,IND,28.8,Lean,0.0,False
2025,9,NO,00-0033906,A.Kamara,RB,LA,28.7,Lean,0.0,False
2025,9,KC,00-0033923,K.Hunt,RB,BUF,28.7,Lean,1.0,True
2025,9,DEN,00-0036158,J.Dobbins,RB,HOU,28.7,Lean,0.0,False
2025,9,CHI,00-0040236,K.Monangai,RB,CIN,28.5,Lean,0.0,False
2025,9,BAL,00-0035993,T.Huntley,QB,MIA,28.5,Lean,0.0,False
2025,9,LAC,00-0038544,Q.Johnston,WR,TEN,28.3,Lean,1.0,True
2025,9,ARI,00-0033891,Z.Jones,WR,DAL,28.3,Lean,0.0,False
2025,9,IND,00-0035021,A.Dulin,WR,PIT,28.3,Lean,0.0,False
2025,9,SEA,00-0040739,E.Arroyo,TE,WAS,28.2,Lean,1.0,True
2025,9,WAS,00-0039910,J.Daniels,QB,SEA,28.1,Lean,1.0,True
2025,9,BUF,00-0040194,J.Hawes,TE,KC,28.1,Lean,0.0,False
2025,9,CIN,00-0035100,J.Browning,QB,CHI,28.0,Lean,0.0,False
2025,9,WAS,00-0030061,Z.Ertz,TE,SEA,28.0,Lean,0.0,False
2025,9,SEA,00-0038543,J.Smith-Njigba,WR,WAS,28.0,Lean,0.0,False
2025,9,MIA,00-0037348,T.Conner,TE,BAL,27.9,Lean,0.0,False
2025,9,NYG,00-0040691,J.Dart,QB,SF,27.9,Lean,1.0,True
2025,9,LAC,00-0030279,K.Allen,WR,TEN,27.8,Lean,0.0,False
2025,9,NYG,00-0039337,M.Nabers,WR,SF,27.8,Lean,0.0,False
2025,9,CAR,00-0036555,C.Hubbard,RB,GB,27.8,Lean,0.0,False
2025,9,PIT,00-0033858,J.Smith,TE,IND,27.4,Lean,0.0,False
2025,9,MIN,00-0033293,A.Jones,RB,DET,27.4,Lean,0.0,False
2025,9,BAL,00-0034975,J.Hill,RB,MIA,27.2,Lean,0.0,False
2025,9,NE,00-0039851,D.Maye,QB,ATL,27.2,Lean,0.0,False
2025,9,NO,00-0037239,C.Olave,WR,LA,27.2,Lean,0.0,False
2025,9,LA,00-0039075,P.Nacua,WR,NO,27.1,Lean,1.0,True
2025,9,IND,00-0036252,M.Pittman,WR,PIT,27.1,Lean,0.0,False
2025,9,CAR,00-0039342,X.Legette,WR,GB,27.0,Lean,0.0,False
2025,9,DAL,00-0038041,J.Ferguson,TE,ARI,27.0,Lean,0.0,False
2025,9,CIN,00-0026158,J.Flacco,QB,CHI,27.0,Lean,0.0,False
2025,9,ATL,00-0037263,T.Allgeier,RB,NE,27.0,Lean,0.0,False
2025,9,NYG,00-0038117,W.Robinson,WR,SF,26.9,Lean,0.0,False
2025,9,BUF,00-0034857,J.Allen,QB,KC,26.9,Lean,2.0,True
2025,9,JAX,00-0040719,B.Tuten,RB,LV,26.8,Lean,1.0,True
2025,9,JAX,00-0036973,T.Etienne,RB,LV,26.8,Lean,0.0,False
2025,9,CIN,00-0038619,A.Iosivas,WR,CHI,26.6,Lean,1.0,True
2025,9,CHI,00-0034827,D.Moore,WR,CIN,26.5,Lean,1.0,True
2025,9,KC,00-0040078,B.Smith,RB,BUF,26.5,Lean,0.0,False
2025,9,CHI,00-0035208,O.Zaccheaus,WR,CIN,26.5,Lean,1.0,True
2025,9,ARI,00-0038559,Mi.Wilson,WR,DAL,26.5,Lean,0.0,False
2025,9,IND,00-0033217,M.Alie-Cox,TE,PIT,26.5,Lean,0.0,False
2025,9,ATL,00-0036309,D.Mooney,WR,NE,26.5,Lean,0.0,False
2025,9,CAR,00-0040124,T.McMillan,WR,GB,26.3,Lean,0.0,False
2025,9,KC,00-0038519,N.Remigio,WR,BUF,26.3,Lean,0.0,False
2025,9,CIN,00-0033526,S.Perine,RB,CHI,26.0,Fringe,0.0,False
2025,9,IND,00-0038997,J.Downs,WR,PIT,25.9,Fringe,1.0,True
2025,9,KC,00-0033857,J.Smith-Schuster,WR,BUF,25.9,Fringe,0.0,False
2025,9,LV,00-0039066,M.Mayer,TE,JAX,25.9,Fringe,0.0,False
2025,9,TEN,00-0037594,J.Chestnut,RB,LAC,25.8,Fringe,0.0,False
2025,9,LAC,00-0039915,L.McConkey,WR,TEN,25.8,Fringe,0.0,False
2025,9,KC,00-0035662,M.Brown,WR,BUF,25.8,Fringe,0.0,False
2025,9,BUF,00-0035689,D.Knox,TE,KC,25.7,Fringe,0.0,False
2025,9,TEN,00-0040676,C.Ward,QB,LAC,25.7,Fringe,0.0,False
2025,9,MIN,00-0037525,J.Mason,RB,DET,25.6,Fringe,0.0,False
2025,9,DEN,00-0039732,B.Nix,QB,HOU,25.5,Fringe,0.0,False
2025,9,BAL,00-0034753,M.Andrews,TE,MIA,25.5,Fringe,2.0,True
2025,9,LV,00-0036423,A.Okwuegbunam,TE,JAX,25.4,Fringe,0.0,False
2025,9,CIN,00-0034613,T.Hudson,TE,CHI,25.4,Fringe,0.0,False
2025,9,BUF,00-0039875,R.Davis,RB,KC,25.4,Fringe,0.0,False
2025,9,DAL,00-0037247,G.Pickens,WR,ARI,25.3,Fringe,0.0,False
2025,9,MIA,00-0033040,T.Hill,WR,BAL,25.3,Fringe,0.0,False
2025,9,SEA,00-0040648,T.Horton,WR,WAS,25.1,Fringe,2.0,True
2025,9,CIN,00-0038839,M.Tinsley,WR,CHI,25.1,Fringe,0.0,False
2025,9,HOU,00-0037258,D.Pierce,RB,DEN,25.0,Fringe,0.0,False
2025,9,KC,00-0030506,T.Kelce,TE,BUF,25.0,Fringe,0.0,False
2025,9,NE,00-0031588,S.Diggs,WR,ATL,25.0,Fringe,1.0,True
2025,9,JAX,00-0037004,H.Long,TE,LV,24.9,Fringe,0.0,False
2025,9,MIA,00-0039880,M.Washington,WR,BAL,24.9,Fringe,0.0,False
2025,9,TEN,00-0039648,D.Martin-Robinson,TE,LAC,24.9,Fringe,0.0,False
2025,9,CAR,00-0036139,R.Dowdle,RB,GB,24.9,Fringe,2.0,True
2025,9,NYG,00-0035406,L.Humphrey,WR,SF,24.9,Fringe,0.0,False
2025,9,NYG,00-0035535,D.Slayton,WR,SF,24.6,Fringe,0.0,False
2025,9,ATL,00-0036970,K.Pitts,TE,NE,24.6,Fringe,0.0,False
2025,9,KC,00-0039894,X.Worthy,WR,BUF,24.6,Fringe,0.0,False
2025,9,WAS,00-0039912,B.Sinnott,TE,SEA,24.5,Fringe,0.0,False
2025,9,KC,00-0038492,J.Brownlee,WR,BUF,24.5,Fringe,0.0,False
2025,9,WAS,00-0038611,C.Rodriguez,RB,SEA,24.4,Fringe,1.0,True
2025,9,IND,00-0037664,A.Pierce,WR,PIT,24.4,Fringe,0.0,False
2025,9,SF,00-0036259,J.Jennings,WR,NYG,24.3,Fringe,1.0,True
2025,9,LA,00-0036849,T.Atwell,WR,NO,24.3,Fringe,0.0,False
2025,9,NE,00-0038608,K.Boutte,WR,ATL,24.3,Fringe,0.0,False
2025,9,NO,00-0039376,S.Rattler,QB,LA,24.2,Fringe,0.0,False
2025,9,SF,00-0033307,K.Bourne,WR,NYG,24.2,Fringe,0.0,False
2025,9,WAS,00-0035719,D.Samuel,WR,SEA,24.1,Fringe,0.0,False
2025,9,MIN,00-0035229,T.Hockenson,TE,DET,24.1,Fringe,1.0,True
2025,9,HOU,00-0034791,N.Chubb,RB,DEN,24.0,Fringe,0.0,False
2025,9,SF,00-0037746,B.Robinson,RB,NYG,23.8,Fringe,1.0,True
2025,9,CHI,00-0036331,D.Duvernay,WR,CIN,23.7,Fringe,0.0,False
2025,9,CHI,00-0039918,C.Williams,QB,CIN,23.7,Fringe,1.0,True
2025,9,DEN,00-0039868,T.Franklin,WR,HOU,23.7,Fringe,0.0,False
2025,9,NYG,00-0040432,B.Collins,WR,SF,23.6,Fringe,0.0,False
2025,9,ARI,00-0039041,E.Higgins,TE,DAL,23.6,Fringe,0.0,False
2025,9,PIT,00-0036919,K.Gainwell,RB,IND,23.5,Fringe,0.0,False
2025,9,NE,00-0036875,R.Stevenson,RB,ATL,23.5,Fringe,0.0,False
2025,9,LAC,00-0040727,T.Harris,WR,TEN,23.4,Fringe,0.0,False
2025,9,WAS,00-0040242,J.Croskey-Merritt,RB,SEA,23.4,Fringe,0.0,False
2025,9,CAR,00-0039356,J.Sanders,TE,GB,23.4,Fringe,0.0,False
2025,9,CHI,00-0036290,C.Kmet,TE,CIN,23.4,Fringe,0.0,False
2025,9,PIT,00-0036862,B.Skowronek,WR,IND,23.3,Fringe,0.0,False
2025,9,DET,00-0037240,J.Williams,WR,MIN,23.2,Fringe,1.0,True
2025,9,TEN,00-0040584,G.Helm,TE,LAC,23.1,Fringe,0.0,False
2025,9,ATL,00-0034407,R.McCloud,WR,NE,22.9,Fringe,0.0,False
2025,9,MIN,00-0039923,J.McCarthy,QB,DET,22.9,Fringe,1.0,True
2025,9,NE,00-0038621,D.Douglas,WR,ATL,22.8,Fringe,1.0,True
2025,9,DAL,00-0036358,C.Lamb,WR,ARI,22.8,Fringe,0.0,False
2025,9,NO,00-0037545,R.Shaheed,WR,LA,22.8,Fringe,0.0,False
2025,9,LAC,00-0036355,J.Herbert,QB,TEN,22.8,Fringe,1.0,True
2025,9,CHI,00-0040126,C.Loveland,TE,CIN,22.8,Fringe,2.0,True
2025,9,MIN,00-0040154,T.Felton,WR,DET,22.7,Fringe,0.0,False
2025,9,WAS,00-0039355,L.McCaffrey,WR,SEA,22.7,Fringe,0.0,False
2025,9,SEA,00-0034869,S.Darnold,QB,WAS,22.6,Fringe,0.0,False
2025,9,SF,00-0032775,D.Robinson,WR,NYG,22.5,Fringe,0.0,False
2025,9,PIT,00-0037837,C.Austin,WR,IND,22.5,Fringe,0.0,False
2025,9,BAL,00-0039064,Z.Flowers,WR,MIA,22.5,Fringe,0.0,False
2025,9,DET,00-0035685,D.Montgomery,RB,MIN,22.5,Fringe,1.0,True
2025,9,BAL,00-0030564,D.Hopkins,WR,MIA,22.4,Fringe,0.0,False
2025,9,LV,00-0038563,T.Tucker,WR,JAX,22.3,Fringe,0.0,False
2025,9,BUF,00-0037261,K.Shakir,WR,KC,22.3,Fringe,0.0,False
2025,9,CAR,00-0040187,M.Evans,TE,GB,22.3,Fringe,0.0,False
2025,9,CIN,00-0035631,D.Sample,TE,CHI,22.3,Fringe,0.0,False
2025,9,DET,00-0032464,K.Raymond,WR,MIN,22.1,Fringe,0.0,False
2025,9,BAL,00-0038046,C.Kolar,TE,MIA,22.1,Fringe,1.0,True
2025,9,LAC,00-0040189,O.Gadsden,TE,TEN,22.1,Fringe,0.0,False
2025,9,GB,00-0037306,J.FitzPatrick,TE,CAR,22.0,Fringe,0.0,False
2025,9,IND,00-0039890,A.Mitchell,WR,PIT,22.0,Fringe,0.0,False
2025,9,DEN,00-0034348,C.Sutton,WR,HOU,22.0,Fringe,1.0,True
2025,9,BAL,00-0036630,T.Wallace,WR,MIA,21.9,Fringe,0.0,False
2025,9,TEN,00-0040705,C.Dike,WR,LAC,21.9,Fringe,0.0,False
2025,9,SEA,00-0033908,C.Kupp,WR,WAS,21.9,Fringe,0.0,False
2025,9,JAX,00-0036626,D.Brown,WR,LV,21.9,Fringe,0.0,False
2025,9,JAX,00-0038935,B.Strange,TE,LV,21.8,Fringe,0.0,False
2025,9,CHI,00-0036275,D.Swift,RB,CIN,21.8,Fringe,0.0,False
2025,9,NE,00-0036328,A.Gibson,RB,ATL,21.8,Fringe,0.0,False
2025,9,NYG,00-0039847,T.Johnson,TE,SF,21.8,Fringe,1.0,True
2025,9,HOU,00-0039458,B.Bates,TE,DEN,21.8,Fringe,0.0,False
2025,9,ARI,00-0035228,K.Murray,QB,DAL,21.8,Fringe,0.0,False
2025,9,CIN,00-0036442,J.Burrow,QB,CHI,21.7,Fringe,0.0,False
2025,9,LA,00-0038359,X.Smith,WR,NO,21.7,Fringe,0.0,False
2025,9,ATL,00-0035359,D.Sills,WR,NE,21.6,Fringe,0.0,False
2025,9,CIN,00-0040208,T.Brooks,RB,CHI,21.6,Fringe,0.0,False
2025,9,BUF,00-0035537,Ty.Johnson,RB,KC,21.6,Fringe,1.0,True
2025,9,PIT,00-0039739,R.Wilson,WR,IND,21.5,Fringe,0.0,False
2025,9,MIA,00-0039874,J.Wright,RB,BAL,21.4,Fringe,0.0,False
2025,9,GB,00-0039146,J.Reed,WR,CAR,21.4,Fringe,0.0,False
2025,9,ARI,00-0039521,X.Weaver,WR,DAL,21.3,Fringe,0.0,False
2025,9,JAX,00-0038606,P.Washington,WR,LV,21.3,Fringe,0.0,False
2025,9,NO,00-0036040,J.Johnson,TE,LA,21.3,Fringe,1.0,True
2025,9,CIN,00-0035644,N.Fant,TE,CHI,21.3,Fringe,1.0,True
2025,9,HOU,00-0034386,J.Watson,WR,DEN,21.2,Fade,0.0,False
2025,9,NE,00-0033555,M.Hollins,WR,ATL,21.2,Fade,0.0,False
2025,9,GB,00-0038124,C.Watson,WR,CAR,21.2,Fade,0.0,False
2025,9,LV,00-0034960,J.Meyers,WR,JAX,21.2,Fade,0.0,False
2025,9,LV,00-0034365,I.Thomas,TE,JAX,21.1,Fade,0.0,False
2025,9,BAL,00-0037340,Z.Mitchell-Paden,TE,MIA,21.1,Fade,0.0,False
2025,9,DET,00-0039065,S.LaPorta,TE,MIN,21.1,Fade,1.0,True
2025,9,IND,00-0032104,A.Abdullah,RB,PIT,21.1,Fade,0.0,False
2025,9,MIN,00-0030035,A.Thielen,WR,DET,21.1,Fade,0.0,False
2025,9,ARI,00-0035628,D.Johnson,RB,DAL,21.0,Fade,0.0,False
2025,9,CAR,00-0040218,Ji.Horn,WR,GB,20.9,Fade,0.0,False
2025,9,LA,00-0040737,T.Ferguson,TE,NO,20.9,Fade,0.0,False
2025,9,HOU,00-0034383,D.Schultz,TE,DEN,20.9,Fade,0.0,False
2025,9,BAL,00-0037838,I.Likely,TE,MIA,20.9,Fade,0.0,False
2025,9,NO,00-0039424,D.Vele,WR,LA,20.8,Fade,0.0,False
2025,9,CAR,00-0038840,B.Tremayne,WR,GB,20.8,Fade,0.0,False
2025,9,ATL,00-0034854,K.Hodge,WR,NE,20.8,Fade,0.0,False
2025,9,MIA,00-0034418,C.Wilson,WR,BAL,20.7,Fade,0.0,False
2025,9,GB,00-0039144,L.Musgrave,TE,CAR,20.7,Fade,0.0,False
2025,9,CIN,00-0034829,M.Gesicki,TE,CHI,20.6,Fade,0.0,False
2025,9,NE,00-0033090,H.Henry,TE,ATL,20.6,Fade,0.0,False
2025,9,CAR,00-0033589,D.Moore,WR,GB,20.6,Fade,0.0,False
2025,9,BUF,00-0039901,K.Coleman,WR,KC,20.6,Fade,0.0,False
2025,9,HOU,00-0036554,N.Collins,WR,DEN,20.6,Fade,0.0,False
2025,9,GB,00-0038797,E.Wilson,RB,CAR,20.6,Fade,0.0,False
2025,9,CAR,00-0034983,H.Renfrow,WR,GB,20.6,Fade,0.0,False
2025,9,NO,00-0040743,T.Shough,QB,LA,20.5,Fade,0.0,False
2025,9,TEN,00-0037809,C.Okonkwo,TE,LAC,20.5,Fade,0.0,False
2025,9,WAS,00-0036628,J.Bates,TE,SEA,20.5,Fade,0.0,False
2025,9,WAS,00-0033699,A.Ekeler,RB,SEA,20.4,Fade,0.0,False
2025,9,ARI,00-0033119,J.Brissett,QB,DAL,20.4,Fade,1.0,True
2025,9,LA,00-0036244,C.Parkinson,TE,NO,20.3,Fade,0.0,False
2025,9,LAC,00-0036893,N.Harris,RB,TEN,20.3,Fade,0.0,False
2025,9,GB,00-0037816,R.Doubs,WR,CAR,20.3,Fade,0.0,False
2025,9,IND,00-0035710,D.Jones,QB,PIT,20.3,Fade,1.0,True
2025,9,NE,00-0040734,T.Henderson,RB,ATL,20.2,Fade,0.0,False
2025,9,HOU,00-0033854,D.Ogunbowale,RB,DEN,20.1,Fade,0.0,False
2025,9,JAX,00-0039893,B.Thomas,WR,LV,20.1,Fade,0.0,False
2025,9,CAR,00-0040644,T.Etienne,RB,GB,20.0,Fade,0.0,False
2025,9,LV,00-0030565,G.Smith,QB,JAX,20.0,Fade,0.0,False
2025,9,MIA,00-0036182,N.Westbrook-Ikhine,WR,BAL,19.9,Fade,0.0,False
2025,9,BUF,00-0033282,C.Samuel,WR,KC,19.8,Fade,0.0,False
2025,9,DET,00-0036754,B.Wright,TE,MIN,19.8,Fade,0.0,False
2025,9,LV,00-0031687,R.Mostert,RB,JAX,19.8,Fade,0.0,False
2025,9,ATL,00-0039917,M.Penix,QB,NE,19.7,Fade,0.0,False
2025,9,CAR,00-0037005,T.Tremble,TE,GB,19.7,Fade,0.0,False
2025,9,KC,00-0035289,G.Minshew,QB,BUF,19.7,Fade,0.0,False
2025,9,LA,00-0033110,T.Higbee,TE,NO,19.6,Fade,1.0,True
2025,9,SF,00-0037112,J.Tonges,TE,NYG,19.6,Fade,0.0,False
2025,9,MIN,00-0032950,C.Wentz,QB,DET,19.6,Fade,0.0,False
2025,9,DAL,00-0038547,L.Schoonmaker,TE,ARI,19.5,Fade,0.0,False
2025,9,MIA,00-0036620,D.Eskridge,WR,BAL,19.5,Fade,0.0,False
2025,9,IND,00-0040179,D.Giddens,RB,PIT,19.4,Fade,0.0,False
2025,9,LV,00-0040488,C.Runyon,TE,JAX,19.4,Fade,0.0,False
2025,9,NO,00-0038551,K.Miller,RB,LA,19.3,Fade,0.0,False
2025,9,NYG,00-0038115,D.Bellinger,TE,SF,19.3,Fade,0.0,False
2025,9,DAL,00-0038738,H.Luepke,RB,ARI,19.2,Fade,0.0,False
2025,9,BAL,00-0036550,R.Bateman,WR,MIA,19.2,Fade,1.0,True
2025,9,SF,00-0038090,S.Moore,WR,NYG,19.2,Fade,0.0,False
2025,9,DAL,00-0033077,D.Prescott,QB,ARI,19.2,Fade,0.0,False
2025,9,IND,00-0037292,A.Ogletree,TE,PIT,19.2,Fade,0.0,False
2025,9,ATL,00-0036825,F.Franks,TE,NE,19.1,Fade,0.0,False
2025,9,HOU,00-0039603,B.Brooks,RB,DEN,19.1,Fade,0.0,False
2025,9,TEN,00-0040170,E.Ayomanor,WR,LAC,19.1,Fade,0.0,False
2025,9,GB,00-0038465,M.Heath,WR,CAR,19.1,Fade,0.0,False
2025,9,SF,00-0034272,M.Valdes-Scantling,WR,NYG,19.0,Fade,0.0,False
2025,9,CAR,00-0039491,J.Coker,WR,GB,19.0,Fade,0.0,False
2025,9,NO,00-0031236,B.Cooks,WR,LA,19.0,Fade,0.0,False
2025,9,KC,00-0036637,N.Gray,TE,BUF,19.0,Fade,0.0,False
2025,9,JAX,00-0033246,J.Mundt,TE,LV,19.0,Fade,0.0,False
2025,9,DEN,00-0040134,P.Bryant,WR,HOU,18.9,Fade,0.0,False
2025,9,CAR,00-0039150,B.Young,QB,GB,18.9,Fade,0.0,False
2025,9,NYG,00-0038938,J.Hyatt,WR,SF,18.8,Fade,0.0,False
2025,9,DAL,00-0037666,J.Tolbert,WR,ARI,18.8,Fade,0.0,False
2025,9,SF,00-0033288,G.Kittle,TE,NYG,18.8,Fade,0.0,False
2025,9,MIN,00-0038440,Z.Scott,RB,DET,18.7,Fade,0.0,False
2025,9,LAC,00-0040184,K.Lambert-Smith,WR,TEN,18.7,Fade,0.0,False
2025,9,NYG,00-0039384,T.Tracy,RB,SF,18.6,Fade,0.0,False
2025,9,CAR,00-0037282,J.Mitchell,TE,GB,18.6,Fade,0.0,False
2025,9,MIA,00-0036212,T.Tagovailoa,QB,BAL,18.6,Fade,0.0,False
2025,9,LAC,00-0038573,D.Davis,WR,TEN,18.6,Fade,0.0,False
2025,9,DET,00-0033106,J.Goff,QB,MIN,18.6,Fade,0.0,False
2025,9,TEN,00-0036415,V.Jefferson,WR,LAC,18.6,Fade,0.0,False
2025,9,DEN,00-0040730,R.Harvey,RB,HOU,18.5,Fade,1.0,True
2025,9,CIN,00-0039631,C.Grandy,TE,CHI,18.5,Fade,0.0,False
2025,9,JAX,00-0038555,T.Bigsby,RB,LV,18.4,Fade,0.0,False
2025,9,ARI,00-0039737,T.Reiman,TE,DAL,18.4,Fade,0.0,False
2025,9,DAL,00-0037801,K.Turpin,WR,ARI,18.3,Fade,0.0,False
2025,9,NO,00-0036741,J.Stoll,TE,LA,18.2,Fade,0.0,False
2025,9,SF,00-0040172,J.Watkins,WR,NYG,18.2,Fade,0.0,False
2025,9,DAL,00-0039530,B.Spann-Ford,TE,ARI,18.2,Fade,0.0,False
2025,9,HOU,00-0039359,C.Stover,TE,DEN,18.2,Fade,0.0,False
2025,9,MIN,00-0040509,B.Yurosek,TE,DET,18.1,Fade,0.0,False
2025,9,SF,00-0036887,L.Farrell,TE,NYG,18.1,Fade,0.0,False
2025,9,HOU,00-0034775,C.Kirk,WR,DEN,18.1,Fade,0.0,False
2025,9,WAS,00-0037524,T.Martin,WR,SEA,18.1,Fade,0.0,False
2025,9,WAS,00-0033955,J.McNichols,RB,SEA,18.0,Fade,0.0,False
2025,9,SEA,00-0033576,E.Saubert,TE,WAS,18.0,Fade,0.0,False
2025,9,DEN,00-0033881,E.Engram,TE,HOU,18.0,Fade,0.0,False
2025,9,LA,00-0039074,D.Allen,TE,NO,18.0,Fade,0.0,False
2025,9,LA,00-0039738,B.Corum,RB,NO,18.0,Fade,0.0,False
2025,9,PIT,00-0040142,K.Johnson,RB,IND,18.0,Fade,0.0,False
2025,9,NE,00-0032392,A.Hooper,TE,ATL,17.9,Fade,0.0,False
2025,9,SF,00-0037834,B.Purdy,QB,NYG,17.9,Fade,0.0,False
2025,9,CAR,00-0036425,D.Dallas,RB,GB,17.8,Fade,0.0,False
2025,9,WAS,00-0032398,C.Moore,WR,SEA,17.8,Fade,0.0,False
2025,9,JAX,00-0036971,T.Lawrence,QB,LV,17.7,Fade,2.0,True
2025,9,DEN,00-0036422,A.Trautman,TE,HOU,17.7,Fade,0.0,False
2025,9,WAS,00-0033591,N.Brown,WR,SEA,17.6,Fade,0.0,False
2025,9,HOU,00-0038618,X.Hutchinson,WR,DEN,17.6,Fade,0.0,False
2025,9,SEA,00-0040067,J.Wright,RB,WAS,17.5,Fade,0.0,False
2025,9,DAL,00-0039410,R.Flournoy,WR,ARI,17.5,Fade,1.0,True
2025,9,DEN,00-0034487,T.Sherfield,WR,HOU,17.5,Fade,0.0,False
2025,9,LA,00-0039751,J.Whittington,WR,NO,17.4,Fade,0.0,False
2025,9,DAL,00-0040586,J.Blue,RB,ARI,17.3,Fade,0.0,False
2025,9,NO,00-0033357,T.Hill,TE,LA,17.3,Fade,0.0,False
2025,9,SEA,00-0039299,G.Holani,RB,WAS,17.1,Fade,0.0,False
2025,9,ATL,00-0029604,K.Cousins,QB,NE,17.0,Fade,0.0,False
2025,9,LA,00-0040590,K.Mumpfield,WR,NO,16.9,Fade,0.0,False
2025,9,SEA,00-0040673,J.Milroe,QB,WAS,16.9,Fade,0.0,False
2025,9,LV,00-0038102,K.Pickett,QB,JAX,16.9,Fade,0.0,False
2025,9,WAS,00-0035659,T.McLaurin,WR,SEA,16.8,Fade,0.0,False
2025,9,LV,00-0040729,J.Bech,WR,JAX,16.8,Fade,0.0,False
2025,9,DEN,00-0035264,J.Stidham,QB,HOU,16.8,Fade,0.0,False
2025,9,SF,00-0036972,M.Jones,QB,NYG,16.8,Fade,0.0,False
2025,9,LAC,00-0036755,J.Patterson,RB,TEN,16.8,Fade,0.0,False
2025,9,NE,00-0033949,J.Dobbs,QB,ATL,16.8,Fade,0.0,False
2025,9,BUF,00-0036980,E.Moore,WR,KC,16.7,Fade,0.0,False
2025,9,GB,00-0040667,M.Golden,WR,CAR,16.7,Fade,0.0,False
2025,9,HOU,00-0034419,B.Berrios,WR,DEN,16.5,Fade,0.0,False
2025,9,PIT,00-0023459,A.Rodgers,QB,IND,16.5,Fade,0.0,False
2025,9,WAS,00-0032688,R.Chosen,WR,SEA,16.5,Fade,0.0,False
2025,9,GB,00-0038685,C.Brooks,RB,CAR,16.5,Fade,0.0,False
2025,9,ATL,00-0036429,C.Woerner,TE,NE,16.4,Fade,0.0,False
2025,9,NYG,00-0035250,D.Singletary,RB,SF,16.3,Fade,0.0,False
2025,9,NYG,00-0031484,C.Manhertz,TE,SF,16.3,Fade,0.0,False
2025,9,GB,00-0040009,S.Williams,WR,CAR,16.1,Fade,0.0,False
2025,9,IND,00-0037120,T.Goodson,RB,PIT,16.1,Fade,0.0,False
2025,9,MIN,00-0035249,J.Oliver,TE,DET,16.1,Fade,0.0,False
2025,9,SF,00-0034867,M.Turner,WR,NYG,16.1,Fade,0.0,False
2025,9,NO,00-0040202,D.Neal,RB,LA,16.1,Fade,0.0,False
2025,9,JAX,00-0040238,L.Allen,RB,LV,15.9,Fade,0.0,False
2025,9,NE,00-0039757,T.Jennings,RB,ATL,15.7,Fade,1.0,True
2025,9,HOU,00-0040130,J.Higgins,WR,DEN,15.7,Fade,0.0,False
2025,9,LV,00-0040581,D.Thornton,WR,JAX,15.6,Fade,0.0,False
2025,9,NO,00-0034981,F.Moreau,TE,LA,15.6,Fade,0.0,False
2025,9,PIT,00-0034771,M.Rudolph,QB,IND,15.6,Fade,0.0,False
2025,9,ATL,00-0040547,N.Carter,RB,NE,15.6,Fade,0.0,False
2025,9,WAS,00-0040164,J.Lane,WR,SEA,15.6,Fade,0.0,False
2025,9,HOU,00-0036232,H.Bryant,TE,DEN,15.6,Fade,0.0,False
2025,9,LAC,00-0037012,T.Lance,QB,TEN,15.6,Fade,0.0,False
2025,9,BUF,00-0033869,M.Trubisky,QB,KC,15.5,Fade,0.0,False
2025,9,LAC,00-0034270,T.Conklin,TE,TEN,15.5,Fade,0.0,False
2025,9,SEA,00-0035704,D.Lock,QB,WAS,15.5,Fade,0.0,False
2025,9,DAL,00-0037563,M.Davis,RB,ARI,15.5,Fade,0.0,False
2025,9,DET,00-0034577,K.Allen,QB,MIN,15.3,Fade,0.0,False
2025,9,SEA,00-0037093,D.Young,WR,WAS,15.3,Fade,0.0,False
2025,9,IND,00-0040476,U.Bentley,RB,PIT,15.2,Fade,0.0,False
2025,9,TEN,00-0039650,B.Oliver,WR,LAC,15.1,Fade,0.0,False
2025,9,NE,00-0040131,K.Williams,WR,ATL,15.0,Fade,0.0,False
2025,9,MIN,00-0036414,C.Akers,RB,DET,15.0,Fade,0.0,False
2025,9,BUF,00-0038679,T.Shavers,WR,KC,15.0,Fade,0.0,False
2025,9,HOU,00-0039163,C.Stroud,QB,DEN,14.8,Fade,0.0,False
2025,9,NO,00-0037231,K.Austin,WR,LA,14.8,Fade,0.0,False
2025,9,KC,00-0037197,I.Pacheco,RB,BUF,14.8,Fade,0.0,False
2025,9,MIA,00-0037013,Z.Wilson,QB,BAL,14.8,Fade,0.0,False
2025,9,HOU,00-0040138,J.Noel,WR,DEN,14.7,Fade,0.0,False
2025,9,LAC,00-0034367,N.Miller-Hines,RB,TEN,14.6,Fade,0.0,False
2025,9,HOU,00-0038728,J.Wayne,WR,DEN,14.3,Fade,0.0,False
2025,9,LV,00-0035602,A.Bachman,WR,JAX,14.3,Fade,0.0,False
2025,9,MIN,00-0040494,M.Brosmer,QB,DET,14.2,Fade,0.0,False
2025,9,DEN,00-0037085,T.Badie,RB,HOU,14.2,Fade,0.0,False
2025,9,TEN,00-0032211,T.Lockett,WR,LAC,14.2,Fade,0.0,False
2025,9,BUF,00-0036988,J.Palmer,WR,KC,14.2,Fade,0.0,False
2025,9,IND,00-0039164,A.Richardson,QB,PIT,14.2,Fade,0.0,False
2025,9,DET,00-0038896,J.Saylors,RB,MIN,14.2,Fade,0.0,False
2025,9,SF,00-0039916,R.Pearsall,WR,NYG,14.0,Fade,0.0,False
2025,9,BAL,00-0033662,C.Rush,QB,MIA,14.0,Fade,0.0,False
2025,9,IND,00-0040206,R.Leonard,QB,PIT,13.9,Fade,0.0,False
2025,9,LV,00-0038040,Z.White,RB,JAX,13.9,Fade,0.0,False
2025,9,LV,00-0039407,D.Laube,RB,JAX,13.7,Fade,0.0,False
2025,9,LAC,00-0034159,W.Dissly,TE,TEN,13.6,Fade,0.0,False
2025,9,DEN,00-0037539,L.Krull,TE,HOU,13.3,Fade,0.0,False
2025,9,MIA,00-0040234,Q.Ewers,QB,BAL,13.0,Fade,0.0,False
2025,9,CHI,00-0040735,L.Burden,WR,CIN,12.9,Fade,0.0,False
2025,9,GB,00-0036264,J.Love,QB,CAR,12.8,Fade,0.0,False
2025,9,LA,00-0026498,M.Stafford,QB,NO,12.7,Fade,0.0,False
2025,9,MIA,00-0038720,J.Hill,TE,BAL,12.4,Fade,0.0,False
2025,9,CHI,00-0038416,T.Bagent,QB,CIN,12.3,Fade,0.0,False
2025,9,GB,00-0037091,B.Melton,WR,CAR,12.0,Fade,0.0,False
2025,9,TEN,00-0034837,C.Ridley,WR,LAC,11.9,Fade,0.0,False
2025,9,JAX,00-0033375,T.Patrick,WR,LV,11.3,Fade,0.0,False
2025,9,DEN,00-0038783,N.Adkins,TE,HOU,11.1,Fade,0.0,False
2025,9,SF,00-0038643,B.Willis,TE,NYG,10.5,Fade,0.0,False
2025,9,DEN,00-0038794,J.McLaughlin,RB,HOU,10.5,Fade,0.0,False
2025,9,GB,00-0038393,D.Wicks,WR,CAR,10.3,Fade,0.0,False
2025,9,CAR,00-0027973,A.Dalton,QB,GB,10.3,Fade,0.0,False
2025,9,SEA,00-0038752,J.Bobo,WR,WAS,10.2,Fade,0.0,False
2025,9,LAC,00-0037654,T.Fisk,TE,TEN,9.9,Fade,0.0,False
2025,9,LA,00-0031345,J.Garoppolo,QB,NO,9.5,Fade,0.0,False
2025,9,DEN,00-0038976,M.Mims,WR,HOU,9.5,Fade,0.0,False
2025,9,CHI,00-0039021,R.Johnson,RB,CIN,9.3,Fade,0.0,False
2025,9,HOU,00-0036898,D.Mills,QB,DEN,9.2,Fade,0.0,False
2025,9,PIT,00-0035298,S.Miller,WR,IND,8.7,Fade,0.0,False
2025,9,ATL,00-0039394,Cas.Washington,WR,NE,8.1,Fade,0.0,False
2025,9,LAC,00-0037617,H.Haskins,RB,TEN,6.6,Fade,0.0,False
2025,9,IND,00-0039816,A.Gould,WR,PIT,6.0,Fade,0.0,False
2025,9,DET,00-0035567,C.Reynolds,RB,MIN,5.0,Fade,0.0,False
2025,10,SF,00-0033280,C.McCaffrey,RB,LA,45.6,Lock,0.0,False
2025,10,PIT,00-0037228,J.Warren,RB,LAC,40.9,Lock,0.0,False
2025,10,GB,00-0035700,J.Jacobs,RB,PHI,40.9,Lock,1.0,True
2025,10,NYG,00-0029263,R.Wilson,QB,CHI,40.4,Lock,0.0,False
2025,10,DET,00-0039139,J.Gibbs,RB,WAS,39.8,Lock,3.0,True
2025,10,NYG,00-0040715,C.Skattebo,RB,CHI,39.5,Lock,0.0,False
2025,10,NO,00-0039623,M.Tipton,WR,CAR,39.4,Lock,0.0,False
2025,10,BUF,00-0037248,J.Cook,RB,MIA,39.2,Lock,0.0,False
2025,10,IND,00-0036223,J.Taylor,RB,ATL,38.2,Lock,3.0,True
2025,10,LV,00-0040122,A.Jeanty,RB,DEN,37.9,Lock,1.0,True
2025,10,ATL,00-0038542,B.Robinson,RB,IND,37.9,Lock,0.0,False
2025,10,MIA,00-0039040,D.Achane,RB,BUF,37.9,Lock,2.0,True
2025,10,NE,00-0036875,R.Stevenson,RB,TB,36.7,Lock,0.0,False
2025,10,CHI,00-0036275,D.Swift,RB,NYG,36.7,Lock,0.0,False
2025,10,LV,00-0039338,B.Bowers,TE,DEN,35.9,Lock,0.0,False
2025,10,NYG,00-0040691,J.Dart,QB,CHI,35.6,Lock,2.0,True
2025,10,MIA,00-0036613,J.Waddle,WR,BUF,34.6,Lock,1.0,True
2025,10,LAC,00-0039391,K.Vidal,RB,PIT,34.2,Lock,1.0,True
2025,10,PHI,00-0034844,S.Barkley,RB,GB,33.7,Lock,0.0,False
2025,10,TB,00-0039361,B.Irving,RB,NE,33.5,Lock,0.0,False
2025,10,MIN,00-0037525,J.Mason,RB,BAL,33.5,Lock,0.0,False
2025,10,MIA,00-0031610,D.Waller,TE,BUF,33.4,Lock,0.0,False
2025,10,LAC,00-0040666,O.Hampton,RB,PIT,33.3,Lock,0.0,False
2025,10,NYJ,00-0039794,B.Allen,RB,CLE,33.2,Lock,0.0,False
2025,10,BAL,00-0039792,D.Walker,WR,MIN,33.2,Lock,0.0,False
2025,10,NYJ,00-0036427,T.Johnson,WR,CLE,32.9,Lock,0.0,False
2025,10,LA,00-0031381,D.Adams,WR,SF,32.9,Lock,1.0,True
2025,10,BAL,00-0032764,D.Henry,RB,MIN,32.7,Lock,0.0,False
2025,10,ARI,00-0037744,T.McBride,TE,SEA,32.6,Lock,1.0,True
2025,10,BAL,00-0039796,R.Ali,RB,MIN,32.4,Lock,0.0,False
2025,10,DET,00-0036963,A.St. Brown,WR,WAS,32.0,Lock,1.0,True
2025,10,BAL,00-0035993,T.Huntley,QB,MIN,31.5,Lock,0.0,False
2025,10,CHI,00-0040236,K.Monangai,RB,NYG,31.4,Lock,1.0,True
2025,10,SEA,00-0039165,Z.Charbonnet,RB,ARI,31.2,Lock,1.0,True
2025,10,DEN,00-0039868,T.Franklin,WR,LV,31.0,Lock,1.0,True
2025,10,LA,00-0037840,K.Williams,RB,SF,31.0,Lock,2.0,True
2025,10,BAL,00-0034796,L.Jackson,QB,MIN,31.0,Lock,0.0,False
2025,10,MIN,00-0038994,J.Addison,WR,BAL,30.9,Lock,0.0,False
2025,10,DET,00-0040669,I.TeSlaa,WR,WAS,30.9,Lock,0.0,False
2025,10,NYG,00-0035645,G.Olszewski,WR,CHI,30.9,Lock,0.0,False
2025,10,SEA,00-0038134,K.Walker,RB,ARI,30.5,Lock,0.0,False
2025,10,LA,00-0039075,P.Nacua,WR,SF,30.1,Lock,1.0,True
2025,10,ATL,00-0037238,D.London,WR,IND,29.6,Lock,1.0,True
2025,10,WAS,00-0038611,C.Rodriguez,RB,DET,29.5,Lean,1.0,True
2025,10,NYG,00-0038115,D.Bellinger,TE,CHI,29.4,Lean,0.0,False
2025,10,CLE,00-0040784,Q.Judkins,RB,NYJ,29.4,Lean,0.0,False
2025,10,LAC,00-0040189,O.Gadsden,TE,PIT,29.3,Lean,0.0,False
2025,10,NYG,00-0039337,M.Nabers,WR,CHI,29.3,Lean,0.0,False
2025,10,WAS,00-0035719,D.Samuel,WR,DET,29.1,Lean,1.0,True
2025,10,TB,00-0040129,E.Egbuka,WR,NE,28.9,Lean,1.0,True
2025,10,TB,00-0037256,R.White,RB,NE,28.7,Lean,0.0,False
2025,10,MIN,00-0036322,J.Jefferson,WR,BAL,28.6,Lean,0.0,False
2025,10,WAS,00-0039355,L.McCaffrey,WR,DET,28.3,Lean,0.0,False
2025,10,BUF,00-0038933,D.Kincaid,TE,MIA,28.3,Lean,0.0,False
2025,10,NE,00-0040734,T.Henderson,RB,TB,28.1,Lean,2.0,True
2025,10,NE,00-0036328,A.Gibson,RB,TB,28.0,Lean,0.0,False
2025,10,LA,00-0036849,T.Atwell,WR,SF,28.0,Lean,0.0,False
2025,10,NO,00-0036040,J.Johnson,TE,CAR,28.0,Lean,1.0,True
2025,10,ATL,00-0037263,T.Allgeier,RB,IND,27.8,Lean,2.0,True
2025,10,MIN,00-0035229,T.Hockenson,TE,BAL,27.7,Lean,0.0,False
2025,10,ARI,00-0035228,K.Murray,QB,SEA,27.5,Lean,0.0,False
2025,10,NYG,00-0038117,W.Robinson,WR,CHI,27.5,Lean,0.0,False
2025,10,TB,00-0031408,M.Evans,WR,NE,27.5,Lean,0.0,False
2025,10,DET,00-0035685,D.Montgomery,RB,WAS,27.4,Lean,0.0,False
2025,10,CAR,00-0036555,C.Hubbard,RB,NO,27.4,Lean,0.0,False
2025,10,NO,00-0033906,A.Kamara,RB,CAR,27.4,Lean,0.0,False
2025,10,ARI,00-0037157,Z.Knight,RB,SEA,27.3,Lean,0.0,False
2025,10,MIN,00-0033293,A.Jones,RB,BAL,27.2,Lean,1.0,True
2025,10,PHI,00-0036389,J.Hurts,QB,GB,27.2,Lean,0.0,False
2025,10,HOU,00-0040583,W.Marks,RB,JAX,27.2,Lean,1.0,True
2025,10,LAC,00-0038544,Q.Johnston,WR,PIT,27.2,Lean,0.0,False
2025,10,NYG,00-0035535,D.Slayton,WR,CHI,27.1,Lean,0.0,False
2025,10,IND,00-0038997,J.Downs,WR,ATL,27.1,Lean,0.0,False
2025,10,MIA,00-0036212,T.Tagovailoa,QB,BUF,27.0,Lean,0.0,False
2025,10,CHI,00-0039919,R.Odunze,WR,NYG,26.9,Lean,1.0,True
2025,10,NO,00-0033357,T.Hill,TE,CAR,26.9,Lean,0.0,False
2025,10,NE,00-0039851,D.Maye,QB,TB,26.9,Lean,0.0,False
2025,10,NE,00-0039757,T.Jennings,RB,TB,26.8,Lean,0.0,False
2025,10,MIA,00-0033040,T.Hill,WR,BUF,26.8,Lean,0.0,False
2025,10,CLE,00-0040466,R.Sanders,RB,NYJ,26.8,Lean,0.0,False
2025,10,MIA,00-0039880,M.Washington,WR,BUF,26.8,Lean,1.0,True
2025,10,DET,00-0039065,S.LaPorta,TE,WAS,26.7,Lean,0.0,False
2025,10,LAC,00-0036355,J.Herbert,QB,PIT,26.7,Lean,0.0,False
2025,10,BAL,00-0039064,Z.Flowers,WR,MIN,26.7,Lean,0.0,False
2025,10,ARI,00-0033553,J.Conner,RB,SEA,26.6,Lean,0.0,False
2025,10,CLE,00-0038979,C.Tillman,WR,NYJ,26.6,Lean,0.0,False
2025,10,JAX,00-0040719,B.Tuten,RB,HOU,26.6,Lean,0.0,False
2025,10,NYJ,00-0038120,B.Hall,RB,CLE,26.5,Lean,1.0,True
2025,10,NYG,00-0035406,L.Humphrey,WR,CHI,26.5,Lean,0.0,False
2025,10,SEA,00-0033576,E.Saubert,TE,ARI,26.5,Lean,0.0,False
2025,10,WAS,00-0030061,Z.Ertz,TE,DET,26.4,Lean,0.0,False
2025,10,ATL,00-0036970,K.Pitts,TE,IND,26.4,Lean,0.0,False
2025,10,PIT,00-0036919,K.Gainwell,RB,LAC,26.3,Lean,0.0,False
2025,10,WAS,00-0040242,J.Croskey-Merritt,RB,DET,26.3,Lean,0.0,False
2025,10,CHI,00-0039918,C.Williams,QB,NYG,26.3,Lean,1.0,True
2025,10,IND,00-0035021,A.Dulin,WR,ATL,26.2,Lean,0.0,False
2025,10,WAS,00-0032268,M.Mariota,QB,DET,26.2,Lean,0.0,False
2025,10,BAL,00-0034753,M.Andrews,TE,MIN,26.1,Lean,1.0,True
2025,10,MIN,00-0037291,J.Nailor,WR,BAL,26.0,Lean,1.0,True
2025,10,BAL,00-0036630,T.Wallace,WR,MIN,26.0,Lean,0.0,False
2025,10,BAL,00-0030564,D.Hopkins,WR,MIN,25.9,Lean,0.0,False
2025,10,BUF,00-0034857,J.Allen,QB,MIA,25.9,Lean,0.0,False
2025,10,TB,00-0032385,S.Shepard,WR,NE,25.7,Lean,0.0,False
2025,10,BUF,00-0039875,R.Davis,RB,MIA,25.6,Lean,0.0,False
2025,10,GB,00-0038797,E.Wilson,RB,PHI,25.5,Lean,0.0,False
2025,10,JAX,00-0036973,T.Etienne,RB,HOU,25.4,Lean,1.0,True
2025,10,PIT,00-0035640,D.Metcalf,WR,LAC,25.4,Lean,0.0,False
2025,10,NYG,00-0039847,T.Johnson,TE,CHI,25.4,Lean,0.0,False
2025,10,LAC,00-0030279,K.Allen,WR,PIT,25.3,Fringe,0.0,False
2025,10,BUF,00-0040194,J.Hawes,TE,MIA,25.3,Fringe,1.0,True
2025,10,NO,00-0037239,C.Olave,WR,CAR,25.2,Fringe,1.0,True
2025,10,WAS,00-0037742,T.Burks,WR,DET,25.2,Fringe,0.0,False
2025,10,BUF,00-0035689,D.Knox,TE,MIA,25.0,Fringe,0.0,False
2025,10,DET,00-0037240,J.Williams,WR,WAS,24.9,Fringe,1.0,True
2025,10,DEN,00-0036158,J.Dobbins,RB,LV,24.8,Fringe,0.0,False
2025,10,NO,00-0037545,R.Shaheed,WR,CAR,24.7,Fringe,0.0,False
2025,10,MIA,00-0040198,O.Gordon,RB,BUF,24.7,Fringe,0.0,False
2025,10,CHI,00-0040735,L.Burden,WR,NYG,24.6,Fringe,0.0,False
2025,10,LV,00-0036423,A.Okwuegbunam,TE,DEN,24.6,Fringe,0.0,False
2025,10,JAX,00-0036971,T.Lawrence,QB,HOU,24.5,Fringe,0.0,False
2025,10,TB,00-0039589,K.Johnson,WR,NE,24.5,Fringe,0.0,False
2025,10,SF,00-0036259,J.Jennings,WR,LA,24.5,Fringe,1.0,True
2025,10,IND,00-0036252,M.Pittman,WR,ATL,24.4,Fringe,0.0,False
2025,10,NE,00-0033090,H.Henry,TE,TB,24.4,Fringe,0.0,False
2025,10,TB,00-0038824,R.Miller,WR,NE,24.4,Fringe,0.0,False
2025,10,CAR,00-0039342,X.Legette,WR,NO,24.3,Fringe,0.0,False
2025,10,LV,00-0039066,M.Mayer,TE,DEN,24.3,Fringe,0.0,False
2025,10,TB,00-0034855,B.Mayfield,QB,NE,24.2,Fringe,0.0,False
2025,10,DET,00-0036754,B.Wright,TE,WAS,24.2,Fringe,0.0,False
2025,10,CAR,00-0036139,R.Dowdle,RB,NO,24.2,Fringe,1.0,True
2025,10,WAS,00-0033699,A.Ekeler,RB,DET,24.1,Fringe,0.0,False
2025,10,MIN,00-0038440,Z.Scott,RB,BAL,24.1,Fringe,0.0,False
2025,10,WAS,00-0039912,B.Sinnott,TE,DET,23.9,Fringe,1.0,True
2025,10,WAS,00-0032398,C.Moore,WR,DET,23.9,Fringe,0.0,False
2025,10,TB,00-0040237,T.Johnson,WR,NE,23.9,Fringe,2.0,True
2025,10,IND,00-0040128,T.Warren,TE,ATL,23.9,Fringe,0.0,False
2025,10,PHI,00-0036912,D.Smith,WR,GB,23.9,Fringe,1.0,True
2025,10,CHI,00-0035208,O.Zaccheaus,WR,NYG,23.8,Fringe,0.0,False
2025,10,CHI,00-0034827,D.Moore,WR,NYG,23.8,Fringe,0.0,False
2025,10,MIA,00-0037013,Z.Wilson,QB,BUF,23.8,Fringe,0.0,False
2025,10,HOU,00-0034383,D.Schultz,TE,JAX,23.7,Fringe,1.0,True
2025,10,PIT,00-0038558,D.Washington,TE,LAC,23.7,Fringe,0.0,False
2025,10,WAS,00-0037524,T.Martin,WR,DET,23.7,Fringe,0.0,False
2025,10,CLE,00-0036407,J.Jeudy,WR,NYJ,23.7,Fringe,1.0,True
2025,10,NE,00-0031588,S.Diggs,WR,TB,23.7,Fringe,1.0,True
2025,10,BAL,00-0036550,R.Bateman,WR,MIN,23.6,Fringe,0.0,False
2025,10,GB,00-0038996,T.Kraft,TE,PHI,23.6,Fringe,0.0,False
2025,10,CHI,00-0039021,R.Johnson,RB,NYG,23.5,Fringe,0.0,False
2025,10,PHI,00-0034351,D.Goedert,TE,GB,23.4,Fringe,0.0,False
2025,10,CLE,00-0039920,M.Corley,WR,NYJ,23.4,Fringe,0.0,False
2025,10,GB,00-0039146,J.Reed,WR,PHI,23.3,Fringe,0.0,False
2025,10,ARI,00-0039041,E.Higgins,TE,SEA,23.2,Fringe,0.0,False
2025,10,ARI,00-0039921,T.Benson,RB,SEA,23.2,Fringe,0.0,False
2025,10,NYG,00-0035250,D.Singletary,RB,CHI,23.2,Fringe,0.0,False
2025,10,LAC,00-0039915,L.McConkey,WR,PIT,23.2,Fringe,1.0,True
2025,10,WAS,00-0033591,N.Brown,WR,DET,23.2,Fringe,0.0,False
2025,10,NE,00-0038621,D.Douglas,WR,TB,23.1,Fringe,0.0,False
2025,10,HOU,00-0034386,J.Watson,WR,JAX,23.1,Fringe,0.0,False
2025,10,HOU,00-0036554,N.Collins,WR,JAX,23.1,Fringe,0.0,False
2025,10,BUF,00-0035537,Ty.Johnson,RB,MIA,23.0,Fringe,0.0,False
2025,10,ARI,00-0033119,J.Brissett,QB,SEA,23.0,Fringe,0.0,False
2025,10,BAL,00-0037838,I.Likely,TE,MIN,23.0,Fringe,0.0,False
2025,10,SF,00-0033307,K.Bourne,WR,LA,23.0,Fringe,0.0,False
2025,10,GB,00-0037816,R.Doubs,WR,PHI,22.9,Fringe,0.0,False
2025,10,NYG,00-0039384,T.Tracy,RB,CHI,22.8,Fringe,0.0,False
2025,10,SEA,00-0039793,A.Barner,TE,ARI,22.8,Fringe,0.0,False
2025,10,LV,00-0031687,R.Mostert,RB,DEN,22.8,Fringe,0.0,False
2025,10,CAR,00-0040187,M.Evans,TE,NO,22.8,Fringe,0.0,False
2025,10,GB,00-0038124,C.Watson,WR,PHI,22.8,Fringe,0.0,False
2025,10,LAC,00-0034270,T.Conklin,TE,PIT,22.7,Fringe,0.0,False
2025,10,MIA,00-0037348,T.Conner,TE,BUF,22.7,Fringe,0.0,False
2025,10,ARI,00-0038705,E.Demercado,RB,SEA,22.7,Fringe,0.0,False
2025,10,NYJ,00-0034521,A.Lazard,WR,CLE,22.6,Fringe,0.0,False
2025,10,NE,00-0032392,A.Hooper,TE,TB,22.6,Fringe,0.0,False
2025,10,NYJ,00-0039451,I.Williams,WR,CLE,22.5,Fringe,0.0,False
2025,10,MIA,00-0037252,G.Dulcich,TE,BUF,22.5,Fringe,0.0,False
2025,10,BAL,00-0038046,C.Kolar,TE,MIN,22.5,Fringe,0.0,False
2025,10,HOU,00-0034791,N.Chubb,RB,JAX,22.5,Fringe,0.0,False
2025,10,HOU,00-0039458,B.Bates,TE,JAX,22.4,Fringe,0.0,False
2025,10,CHI,00-0037329,B.Brown,RB,NYG,22.4,Fringe,0.0,False
2025,10,LA,00-0038359,X.Smith,WR,SF,22.4,Fringe,0.0,False
2025,10,PIT,00-0036894,P.Freiermuth,TE,LAC,22.4,Fringe,0.0,False
2025,10,IND,00-0035710,D.Jones,QB,ATL,22.3,Fringe,0.0,False
2025,10,CLE,00-0040162,D.Sampson,RB,NYJ,22.3,Fringe,0.0,False
2025,10,NYG,00-0034407,R.McCloud,WR,CHI,22.3,Fringe,0.0,False
2025,10,TB,00-0038129,C.Otton,TE,NE,22.2,Fringe,0.0,False
2025,10,LAC,00-0034159,W.Dissly,TE,PIT,22.2,Fringe,0.0,False
2025,10,WAS,00-0032688,R.Chosen,WR,DET,22.2,Fringe,0.0,False
2025,10,DET,00-0032464,K.Raymond,WR,WAS,22.2,Fringe,0.0,False
2025,10,CAR,00-0039356,J.Sanders,TE,NO,22.1,Fringe,0.0,False
2025,10,MIA,00-0034418,C.Wilson,WR,BUF,22.1,Fringe,0.0,False
2025,10,MIA,00-0040234,Q.Ewers,QB,BUF,22.0,Fringe,0.0,False
2025,10,GB,00-0036264,J.Love,QB,PHI,22.0,Fringe,0.0,False
2025,10,DEN,00-0034348,C.Sutton,WR,LV,21.9,Fringe,0.0,False
2025,10,ARI,00-0039849,M.Harrison,WR,SEA,21.9,Fringe,1.0,True
2025,10,MIA,00-0038720,J.Hill,TE,BUF,21.9,Fringe,0.0,False
2025,10,HOU,00-0037258,D.Pierce,RB,JAX,21.8,Fringe,0.0,False
2025,10,SEA,00-0040739,E.Arroyo,TE,ARI,21.8,Fringe,0.0,False
2025,10,BAL,00-0038454,K.Mitchell,RB,MIN,21.8,Fringe,0.0,False
2025,10,WAS,00-0040164,J.Lane,WR,DET,21.8,Fringe,0.0,False
2025,10,SEA,00-0035891,C.White,WR,ARI,21.8,Fringe,0.0,False
2025,10,NO,00-0034981,F.Moreau,TE,CAR,21.7,Fringe,0.0,False
2025,10,DEN,00-0036959,M.Bandy,WR,LV,21.7,Fringe,0.0,False
2025,10,BUF,00-0037261,K.Shakir,WR,MIA,21.7,Fringe,0.0,False
2025,10,NYJ,00-0037740,G.Wilson,WR,CLE,21.7,Fringe,0.0,False
2025,10,IND,00-0037664,A.Pierce,WR,ATL,21.5,Fringe,1.0,True
2025,10,MIN,00-0040509,B.Yurosek,TE,BAL,21.4,Fringe,0.0,False
2025,10,MIA,00-0036182,N.Westbrook-Ikhine,WR,BUF,21.4,Fringe,0.0,False
2025,10,WAS,00-0033955,J.McNichols,RB,DET,21.4,Fringe,0.0,False
2025,10,PIT,00-0040142,K.Johnson,RB,LAC,21.4,Fringe,0.0,False
2025,10,SF,00-0037112,J.Tonges,TE,LA,21.3,Fringe,0.0,False
2025,10,LAC,00-0040727,T.Harris,WR,PIT,21.3,Fringe,0.0,False
2025,10,SF,00-0032775,D.Robinson,WR,LA,21.3,Fringe,0.0,False
2025,10,NO,00-0040202,D.Neal,RB,CAR,21.2,Fringe,0.0,False
2025,10,MIA,00-0039884,T.Washington,WR,BUF,21.2,Fringe,0.0,False
2025,10,CAR,00-0040124,T.McMillan,WR,NO,21.1,Fade,0.0,False
2025,10,WAS,00-0036628,J.Bates,TE,DET,21.0,Fade,0.0,False
2025,10,DEN,00-0036422,A.Trautman,TE,LV,21.0,Fade,0.0,False
2025,10,ATL,00-0036309,D.Mooney,WR,IND,21.0,Fade,0.0,False
2025,10,LV,00-0038563,T.Tucker,WR,DEN,20.9,Fade,0.0,False
2025,10,SF,00-0033288,G.Kittle,TE,LA,20.9,Fade,1.0,True
2025,10,NE,00-0038608,K.Boutte,WR,TB,20.9,Fade,0.0,False
2025,10,PHI,00-0037741,J.Dotson,WR,GB,20.8,Fade,0.0,False
2025,10,DEN,00-0033881,E.Engram,TE,LV,20.8,Fade,0.0,False
2025,10,GB,00-0038465,M.Heath,WR,PHI,20.7,Fade,0.0,False
2025,10,BUF,00-0039901,K.Coleman,WR,MIA,20.7,Fade,1.0,True
2025,10,NO,00-0036741,J.Stoll,TE,CAR,20.6,Fade,0.0,False
2025,10,MIN,00-0040154,T.Felton,WR,BAL,20.6,Fade,0.0,False
2025,10,LA,00-0040590,K.Mumpfield,WR,SF,20.6,Fade,0.0,False
2025,10,CHI,00-0036331,D.Duvernay,WR,NYG,20.6,Fade,0.0,False
2025,10,ATL,00-0036825,F.Franks,TE,IND,20.5,Fade,0.0,False
2025,10,BUF,00-0036988,J.Palmer,WR,MIA,20.5,Fade,0.0,False
2025,10,MIN,00-0036414,C.Akers,RB,BAL,20.5,Fade,0.0,False
2025,10,PIT,00-0033858,J.Smith,TE,LAC,20.5,Fade,0.0,False
2025,10,ARI,00-0036924,M.Carter,RB,SEA,20.5,Fade,0.0,False
2025,10,LV,00-0034365,I.Thomas,TE,DEN,20.4,Fade,0.0,False
2025,10,SEA,00-0034869,S.Darnold,QB,ARI,20.4,Fade,0.0,False
2025,10,NE,00-0033555,M.Hollins,WR,TB,20.4,Fade,0.0,False
2025,10,MIA,00-0039874,J.Wright,RB,BUF,20.4,Fade,0.0,False
2025,10,PHI,00-0035676,A.Brown,WR,GB,20.3,Fade,0.0,False
2025,10,TB,00-0038951,S.Tucker,RB,NE,20.3,Fade,0.0,False
2025,10,SF,00-0037834,B.Purdy,QB,LA,20.3,Fade,0.0,False
2025,10,NYG,00-0038938,J.Hyatt,WR,CHI,20.3,Fade,0.0,False
2025,10,CLE,00-0033885,D.Njoku,TE,NYJ,20.2,Fade,1.0,True
2025,10,NYJ,00-0033943,J.Reynolds,WR,CLE,20.1,Fade,0.0,False
2025,10,SF,00-0040172,J.Watkins,WR,LA,20.1,Fade,0.0,False
2025,10,LA,00-0040737,T.Ferguson,TE,SF,20.1,Fade,0.0,False
2025,10,NO,00-0038551,K.Miller,RB,CAR,20.1,Fade,0.0,False
2025,10,PIT,00-0036862,B.Skowronek,WR,LAC,20.1,Fade,0.0,False
2025,10,NYJ,00-0040736,M.Taylor,TE,CLE,20.1,Fade,0.0,False
2025,10,ARI,00-0035500,G.Dortch,WR,SEA,20.1,Fade,1.0,True
2025,10,LV,00-0034960,J.Meyers,WR,DEN,20.0,Fade,0.0,False
2025,10,LA,00-0039738,B.Corum,RB,SF,20.0,Fade,0.0,False
2025,10,GB,00-0038685,C.Brooks,RB,PHI,20.0,Fade,0.0,False
2025,10,SEA,00-0038543,J.Smith-Njigba,WR,ARI,19.9,Fade,1.0,True
2025,10,NYJ,00-0037805,J.Ruckert,TE,CLE,19.9,Fade,0.0,False
2025,10,CLE,00-0026158,J.Flacco,QB,NYJ,19.9,Fade,0.0,False
2025,10,CLE,00-0037267,J.Ford,RB,NYJ,19.9,Fade,0.0,False
2025,10,IND,00-0039890,A.Mitchell,WR,ATL,19.8,Fade,0.0,False
2025,10,CLE,00-0039379,J.Thrash,WR,NYJ,19.8,Fade,0.0,False
2025,10,BAL,00-0037340,Z.Mitchell-Paden,TE,MIN,19.7,Fade,0.0,False
2025,10,NO,00-0039424,D.Vele,WR,CAR,19.7,Fade,0.0,False
2025,10,NYG,00-0031484,C.Manhertz,TE,CHI,19.7,Fade,0.0,False
2025,10,SF,00-0036972,M.Jones,QB,LA,19.6,Fade,0.0,False
2025,10,BUF,00-0033282,C.Samuel,WR,MIA,19.6,Fade,0.0,False
2025,10,SF,00-0038090,S.Moore,WR,LA,19.6,Fade,0.0,False
2025,10,CLE,00-0040704,D.Gabriel,QB,NYJ,19.6,Fade,0.0,False
2025,10,CAR,00-0037005,T.Tremble,TE,NO,19.6,Fade,0.0,False
2025,10,PHI,00-0036265,A.Dillon,RB,GB,19.6,Fade,0.0,False
2025,10,BAL,00-0034975,J.Hill,RB,MIN,19.5,Fade,1.0,True
2025,10,LV,00-0032211,T.Lockett,WR,DEN,19.5,Fade,0.0,False
2025,10,LAC,00-0037654,T.Fisk,TE,PIT,19.5,Fade,0.0,False
2025,10,PHI,00-0038555,T.Bigsby,RB,GB,19.5,Fade,0.0,False
2025,10,CAR,00-0040644,T.Etienne,RB,NO,19.2,Fade,0.0,False
2025,10,DEN,00-0040134,P.Bryant,WR,LV,19.1,Fade,0.0,False
2025,10,SF,00-0036887,L.Farrell,TE,LA,19.0,Fade,1.0,True
2025,10,PIT,00-0037837,C.Austin,WR,LAC,19.0,Fade,0.0,False
2025,10,MIN,00-0030035,A.Thielen,WR,BAL,19.0,Fade,0.0,False
2025,10,DET,00-0033106,J.Goff,QB,WAS,18.9,Fade,0.0,False
2025,10,CAR,00-0037282,J.Mitchell,TE,NO,18.9,Fade,0.0,False
2025,10,SF,00-0037746,B.Robinson,RB,LA,18.9,Fade,1.0,True
2025,10,HOU,00-0039359,C.Stover,TE,JAX,18.8,Fade,0.0,False
2025,10,LAC,00-0036893,N.Harris,RB,PIT,18.8,Fade,0.0,False
2025,10,ATL,00-0039917,M.Penix,QB,IND,18.7,Fade,0.0,False
2025,10,ARI,00-0033891,Z.Jones,WR,SEA,18.7,Fade,0.0,False
2025,10,MIN,00-0039923,J.McCarthy,QB,BAL,18.6,Fade,0.0,False
2025,10,DEN,00-0034487,T.Sherfield,WR,LV,18.5,Fade,0.0,False
2025,10,CAR,00-0040218,Ji.Horn,WR,NO,18.5,Fade,0.0,False
2025,10,LV,00-0040488,C.Runyon,TE,DEN,18.4,Fade,0.0,False
2025,10,LAC,00-0036755,J.Patterson,RB,PIT,18.3,Fade,0.0,False
2025,10,HOU,00-0034419,B.Berrios,WR,JAX,18.3,Fade,0.0,False
2025,10,HOU,00-0039603,B.Brooks,RB,JAX,18.3,Fade,0.0,False
2025,10,CAR,00-0034983,H.Renfrow,WR,NO,18.2,Fade,0.0,False
2025,10,LA,00-0036244,C.Parkinson,TE,SF,18.2,Fade,1.0,True
2025,10,ARI,00-0039737,T.Reiman,TE,SEA,18.2,Fade,0.0,False
2025,10,CAR,00-0033589,D.Moore,WR,NO,18.2,Fade,0.0,False
2025,10,HOU,00-0038618,X.Hutchinson,WR,JAX,18.1,Fade,0.0,False
2025,10,IND,00-0032104,A.Abdullah,RB,ATL,18.1,Fade,0.0,False
2025,10,LAC,00-0037012,T.Lance,QB,PIT,18.1,Fade,0.0,False
2025,10,LA,00-0039751,J.Whittington,WR,SF,18.1,Fade,0.0,False
2025,10,BUF,00-0036980,E.Moore,WR,MIA,18.0,Fade,0.0,False
2025,10,NYJ,00-0036945,J.Fields,QB,CLE,18.0,Fade,0.0,False
2025,10,LA,00-0033110,T.Higbee,TE,SF,18.0,Fade,0.0,False
2025,10,ATL,00-0039394,Cas.Washington,WR,IND,17.9,Fade,0.0,False
2025,10,ATL,00-0040547,N.Carter,RB,IND,17.9,Fade,0.0,False
2025,10,HOU,00-0034775,C.Kirk,WR,JAX,17.9,Fade,0.0,False
2025,10,PIT,00-0023459,A.Rodgers,QB,LAC,17.9,Fade,0.0,False
2025,10,SF,00-0034272,M.Valdes-Scantling,WR,LA,17.9,Fade,0.0,False
2025,10,NO,00-0031236,B.Cooks,WR,CAR,17.8,Fade,0.0,False
2025,10,ATL,00-0036429,C.Woerner,TE,IND,17.8,Fade,0.0,False
2025,10,CHI,00-0040126,C.Loveland,TE,NYG,17.8,Fade,0.0,False
2025,10,NYJ,00-0040582,A.Smith,WR,CLE,17.7,Fade,0.0,False
2025,10,IND,00-0033217,M.Alie-Cox,TE,ATL,17.6,Fade,0.0,False
2025,10,LV,00-0038040,Z.White,RB,DEN,17.5,Fade,0.0,False
2025,10,IND,00-0040179,D.Giddens,RB,ATL,17.5,Fade,0.0,False
2025,10,ATL,00-0034407,R.McCloud,WR,IND,17.5,Fade,0.0,False
2025,10,ARI,00-0038559,Mi.Wilson,WR,SEA,17.5,Fade,0.0,False
2025,10,JAX,00-0038555,T.Bigsby,RB,HOU,17.4,Fade,0.0,False
2025,10,JAX,00-0036497,T.Jones,WR,HOU,17.4,Fade,0.0,False
2025,10,PIT,00-0039739,R.Wilson,WR,LAC,17.4,Fade,1.0,True
2025,10,LV,00-0039407,D.Laube,RB,DEN,17.3,Fade,0.0,False
2025,10,CLE,00-0040663,H.Fannin,TE,NYJ,17.3,Fade,0.0,False
2025,10,MIN,00-0035249,J.Oliver,TE,BAL,17.3,Fade,0.0,False
2025,10,HOU,00-0040130,J.Higgins,WR,JAX,17.2,Fade,1.0,True
2025,10,NE,00-0033949,J.Dobbs,QB,TB,17.1,Fade,0.0,False
2025,10,BAL,00-0033662,C.Rush,QB,MIN,17.1,Fade,0.0,False
2025,10,HOU,00-0036898,D.Mills,QB,JAX,17.1,Fade,1.0,True
2025,10,CLE,00-0040259,G.Larvadain,WR,NYJ,17.0,Fade,0.0,False
2025,10,LA,00-0039074,D.Allen,TE,SF,17.0,Fade,1.0,True
2025,10,NO,00-0039376,S.Rattler,QB,CAR,17.0,Fade,0.0,False
2025,10,TB,00-0031237,T.Bridgewater,QB,NE,16.9,Fade,0.0,False
2025,10,CAR,00-0038840,B.Tremayne,WR,NO,16.9,Fade,0.0,False
2025,10,CAR,00-0036425,D.Dallas,RB,NO,16.8,Fade,0.0,False
2025,10,CAR,00-0039491,J.Coker,WR,NO,16.8,Fade,0.0,False
2025,10,LAC,00-0038573,D.Davis,WR,PIT,16.8,Fade,0.0,False
2025,10,PIT,00-0034771,M.Rudolph,QB,LAC,16.8,Fade,0.0,False
2025,10,DEN,00-0037539,L.Krull,TE,LV,16.8,Fade,0.0,False
2025,10,DEN,00-0039732,B.Nix,QB,LV,16.8,Fade,0.0,False
2025,10,WAS,00-0035659,T.McLaurin,WR,DET,16.7,Fade,0.0,False
2025,10,HOU,00-0040138,J.Noel,WR,JAX,16.7,Fade,0.0,False
2025,10,SF,00-0038658,A.Martinez,QB,LA,16.6,Fade,0.0,False
2025,10,DEN,00-0040730,R.Harvey,RB,LV,16.5,Fade,0.0,False
2025,10,JAX,00-0036626,D.Brown,WR,HOU,16.3,Fade,0.0,False
2025,10,TB,00-0039050,P.Durham,TE,NE,16.3,Fade,0.0,False
2025,10,ATL,00-0035359,D.Sills,WR,IND,16.3,Fade,0.0,False
2025,10,LAC,00-0037617,H.Haskins,RB,PIT,16.3,Fade,0.0,False
2025,10,HOU,00-0038728,J.Wayne,WR,JAX,16.2,Fade,0.0,False
2025,10,GB,00-0038393,D.Wicks,WR,PHI,16.2,Fade,0.0,False
2025,10,JAX,00-0038606,P.Washington,WR,HOU,16.2,Fade,1.0,True
2025,10,HOU,00-0033854,D.Ogunbowale,RB,JAX,16.2,Fade,0.0,False
2025,10,GB,00-0040667,M.Golden,WR,PHI,16.2,Fade,0.0,False
2025,10,LA,00-0026498,M.Stafford,QB,SF,16.1,Fade,0.0,False
2025,10,IND,00-0039164,A.Richardson,QB,ATL,16.1,Fade,0.0,False
2025,10,LV,00-0040729,J.Bech,WR,DEN,16.1,Fade,0.0,False
2025,10,SEA,00-0033908,C.Kupp,WR,ARI,16.1,Fade,0.0,False
2025,10,ATL,00-0034854,K.Hodge,WR,IND,16.0,Fade,0.0,False
2025,10,MIN,00-0032950,C.Wentz,QB,BAL,15.9,Fade,0.0,False
2025,10,IND,00-0040206,R.Leonard,QB,ATL,15.8,Fade,0.0,False
2025,10,GB,00-0040009,S.Williams,WR,PHI,15.8,Fade,0.0,False
2025,10,PHI,00-0037614,J.Metchie,WR,GB,15.7,Fade,0.0,False
2025,10,BUF,00-0038679,T.Shavers,WR,MIA,15.7,Fade,0.0,False
2025,10,IND,00-0037120,T.Goodson,RB,ATL,15.6,Fade,0.0,False
2025,10,JAX,00-0033375,T.Patrick,WR,HOU,15.5,Fade,0.0,False
2025,10,DET,00-0034577,K.Allen,QB,WAS,15.3,Fade,0.0,False
2025,10,SEA,00-0037093,D.Young,WR,ARI,15.3,Fade,0.0,False
2025,10,CHI,00-0038416,T.Bagent,QB,NYG,15.2,Fade,0.0,False
2025,10,GB,00-0037306,J.FitzPatrick,TE,PHI,15.2,Fade,0.0,False
2025,10,NYJ,00-0039798,I.Davis,RB,CLE,15.2,Fade,0.0,False
2025,10,ATL,00-0029604,K.Cousins,QB,IND,15.2,Fade,0.0,False
2025,10,TB,00-0033921,C.Godwin,WR,NE,15.0,Fade,0.0,False
2025,10,SF,00-0034867,M.Turner,WR,LA,15.0,Fade,0.0,False
2025,10,LV,00-0040581,D.Thornton,WR,DEN,14.9,Fade,0.0,False
2025,10,WAS,00-0039910,J.Daniels,QB,DET,14.9,Fade,0.0,False
2025,10,PHI,00-0038496,X.Gipson,WR,GB,14.9,Fade,0.0,False
2025,10,CAR,00-0039150,B.Young,QB,NO,14.9,Fade,0.0,False
2025,10,PHI,00-0037086,G.Calcaterra,TE,GB,14.8,Fade,0.0,False
2025,10,SEA,00-0040067,J.Wright,RB,ARI,14.7,Fade,0.0,False
2025,10,SEA,00-0040673,J.Milroe,QB,ARI,14.7,Fade,0.0,False
2025,10,CHI,00-0036290,C.Kmet,TE,NYG,14.6,Fade,0.0,False
2025,10,JAX,00-0040238,L.Allen,RB,HOU,14.6,Fade,0.0,False
2025,10,GB,00-0039144,L.Musgrave,TE,PHI,14.5,Fade,0.0,False
2025,10,SEA,00-0039299,G.Holani,RB,ARI,14.3,Fade,1.0,True
2025,10,LV,00-0030565,G.Smith,QB,DEN,14.2,Fade,0.0,False
2025,10,JAX,00-0038935,B.Strange,TE,HOU,14.2,Fade,0.0,False
2025,10,SEA,00-0040648,T.Horton,WR,ARI,14.1,Fade,0.0,False
2025,10,SF,00-0039916,R.Pearsall,WR,LA,14.0,Fade,0.0,False
2025,10,GB,00-0037091,B.Melton,WR,PHI,13.9,Fade,0.0,False
2025,10,LAC,00-0040184,K.Lambert-Smith,WR,PIT,13.7,Fade,0.0,False
2025,10,NE,00-0040131,K.Williams,WR,TB,13.7,Fade,1.0,True
2025,10,NO,00-0037231,K.Austin,WR,CAR,13.7,Fade,0.0,False
2025,10,LV,00-0035602,A.Bachman,WR,DEN,13.6,Fade,0.0,False
2025,10,LA,00-0031345,J.Garoppolo,QB,SF,13.4,Fade,0.0,False
2025,10,SEA,00-0035704,D.Lock,QB,ARI,13.4,Fade,0.0,False
2025,10,HOU,00-0036232,H.Bryant,TE,JAX,13.3,Fade,0.0,False
2025,10,BUF,00-0033869,M.Trubisky,QB,MIA,13.3,Fade,0.0,False
2025,10,LAC,00-0034367,N.Miller-Hines,RB,PIT,13.1,Fade,0.0,False
2025,10,IND,00-0040476,U.Bentley,RB,ATL,13.0,Fade,0.0,False
2025,10,PHI,00-0039746,W.Shipley,RB,GB,12.9,Fade,0.0,False
2025,10,DET,00-0035567,C.Reynolds,RB,WAS,12.8,Fade,0.0,False
2025,10,PHI,00-0036876,K.Granson,TE,GB,12.7,Fade,0.0,False
2025,10,NO,00-0040743,T.Shough,QB,CAR,12.6,Fade,0.0,False
2025,10,SF,00-0038643,B.Willis,TE,LA,12.2,Fade,0.0,False
2025,10,TB,00-0040429,J.Williams,RB,NE,12.0,Fade,0.0,False
2025,10,DEN,00-0037085,T.Badie,RB,LV,11.9,Fade,0.0,False
2025,10,NYJ,00-0028118,T.Taylor,QB,CLE,11.9,Fade,0.0,False
2025,10,DEN,00-0038783,N.Adkins,TE,LV,11.8,Fade,0.0,False
2025,10,LV,00-0038102,K.Pickett,QB,DEN,11.6,Fade,0.0,False
2025,10,JAX,00-0037004,H.Long,TE,HOU,11.4,Fade,0.0,False
2025,10,JAX,00-0033246,J.Mundt,TE,HOU,11.4,Fade,0.0,False
2025,10,ARI,00-0035628,D.Johnson,RB,SEA,11.1,Fade,0.0,False
2025,10,CLE,00-0040782,I.Bond,WR,NYJ,11.0,Fade,0.0,False
2025,10,IND,00-0037292,A.Ogletree,TE,ATL,10.8,Fade,0.0,False
2025,10,CLE,00-0038710,B.Whiteheart,TE,NYJ,10.7,Fade,0.0,False
2025,10,HOU,00-0039163,C.Stroud,QB,JAX,10.6,Fade,0.0,False
2025,10,JAX,00-0039893,B.Thomas,WR,HOU,10.5,Fade,0.0,False
2025,10,MIN,00-0040494,M.Brosmer,QB,BAL,10.5,Fade,0.0,False
2025,10,PHI,00-0038400,T.McKee,QB,GB,10.4,Fade,0.0,False
2025,10,SEA,00-0038752,J.Bobo,WR,ARI,10.2,Fade,0.0,False
2025,10,NYG,00-0040432,B.Collins,WR,CHI,10.0,Fade,0.0,False
2025,10,ARI,00-0039521,X.Weaver,WR,SEA,9.9,Fade,0.0,False
2025,10,DEN,00-0038976,M.Mims,WR,LV,9.5,Fade,0.0,False
2025,10,MIA,00-0036620,D.Eskridge,WR,BUF,9.4,Fade,0.0,False
2025,10,CAR,00-0027973,A.Dalton,QB,NO,9.0,Fade,0.0,False
2025,10,PIT,00-0035298,S.Miller,WR,LAC,8.7,Fade,0.0,False
2025,10,DEN,00-0038794,J.McLaughlin,RB,LV,8.7,Fade,0.0,False
2025,10,JAX,00-0036841,A.Trammell,WR,HOU,8.4,Fade,0.0,False
2025,10,DEN,00-0035264,J.Stidham,QB,LV,8.4,Fade,0.0,False
2025,10,DET,00-0038896,J.Saylors,RB,WAS,7.5,Fade,0.0,False
2025,10,IND,00-0039816,A.Gould,WR,ATL,6.0,Fade,0.0,False
2025,11,GB,00-0035700,J.Jacobs,RB,NYG,46.6,Lock,0.0,False
2025,11,LV,00-0040122,A.Jeanty,RB,DAL,43.8,Lock,0.0,False
2025,11,SF,00-0033280,C.McCaffrey,RB,ARI,42.6,Lock,3.0,True
2025,11,PIT,00-0037228,J.Warren,RB,CIN,41.9,Lock,0.0,False
2025,11,DET,00-0039139,J.Gibbs,RB,PHI,40.2,Lock,0.0,False
2025,11,BUF,00-0037248,J.Cook,RB,TB,39.2,Lock,1.0,True
2025,11,MIA,00-0039040,D.Achane,RB,WAS,38.4,Lock,0.0,False
2025,11,NYJ,00-0039794,B.Allen,RB,NE,36.9,Lock,0.0,False
2025,11,DAL,00-0036997,J.Williams,RB,LV,36.6,Lock,0.0,False
2025,11,NYJ,00-0038120,B.Hall,RB,NE,35.9,Lock,0.0,False
2025,11,JAX,00-0036973,T.Etienne,RB,LAC,35.8,Lock,2.0,True
2025,11,CIN,00-0038597,C.Brown,RB,PIT,35.4,Lock,0.0,False
2025,11,PHI,00-0038555,T.Bigsby,RB,DET,35.4,Lock,0.0,False
2025,11,MIA,00-0031610,D.Waller,TE,WAS,35.3,Lock,0.0,False
2025,11,MIA,00-0036613,J.Waddle,WR,WAS,34.7,Lock,0.0,False
2025,11,CHI,00-0036275,D.Swift,RB,MIN,34.6,Lock,0.0,False
2025,11,NYJ,00-0036427,T.Johnson,WR,NE,34.2,Lock,0.0,False
2025,11,TB,00-0037256,R.White,RB,BUF,34.2,Lock,0.0,False
2025,11,ATL,00-0038542,B.Robinson,RB,CAR,34.0,Lock,2.0,True
2025,11,CAR,00-0036139,R.Dowdle,RB,ATL,33.8,Lock,0.0,False
2025,11,TB,00-0039361,B.Irving,RB,BUF,33.5,Lock,0.0,False
2025,11,LAC,00-0039391,K.Vidal,RB,JAX,33.5,Lock,0.0,False
2025,11,NYG,00-0040715,C.Skattebo,RB,GB,33.2,Lock,0.0,False
2025,11,MIN,00-0038994,J.Addison,WR,CHI,32.9,Lock,1.0,True
2025,11,LAC,00-0040666,O.Hampton,RB,JAX,32.6,Lock,0.0,False
2025,11,CLE,00-0040784,Q.Judkins,RB,BAL,32.5,Lock,0.0,False
2025,11,WAS,00-0038611,C.Rodriguez,RB,MIA,32.4,Lock,0.0,False
2025,11,MIN,00-0036322,J.Jefferson,WR,CHI,32.0,Lock,0.0,False
2025,11,PHI,00-0034844,S.Barkley,RB,DET,31.9,Lock,0.0,False
2025,11,ATL,00-0037263,T.Allgeier,RB,CAR,31.6,Lock,1.0,True
2025,11,MIN,00-0037525,J.Mason,RB,CHI,31.6,Lock,1.0,True
2025,11,SEA,00-0038134,K.Walker,RB,LA,31.3,Lock,1.0,True
2025,11,CHI,00-0039919,R.Odunze,WR,MIN,31.3,Lock,0.0,False
2025,11,SEA,00-0039165,Z.Charbonnet,RB,LA,31.2,Lock,0.0,False
2025,11,MIN,00-0037291,J.Nailor,WR,CHI,30.9,Lock,0.0,False
2025,11,CHI,00-0039918,C.Williams,QB,MIN,30.8,Lock,0.0,False
2025,11,JAX,00-0040719,B.Tuten,RB,LAC,30.6,Lock,1.0,True
2025,11,ARI,00-0033553,J.Conner,RB,SF,30.5,Lock,0.0,False
2025,11,CAR,00-0036555,C.Hubbard,RB,ATL,30.5,Lock,0.0,False
2025,11,WAS,00-0040242,J.Croskey-Merritt,RB,MIA,30.4,Lock,0.0,False
2025,11,WAS,00-0030061,Z.Ertz,TE,MIA,30.3,Lock,0.0,False
2025,11,PIT,00-0035640,D.Metcalf,WR,CIN,30.3,Lock,0.0,False
2025,11,CLE,00-0040466,R.Sanders,RB,BAL,30.2,Lock,0.0,False
2025,11,LV,00-0038563,T.Tucker,WR,DAL,30.1,Lock,1.0,True
2025,11,LV,00-0039338,B.Bowers,TE,DAL,30.0,Lock,0.0,False
2025,11,TB,00-0040129,E.Egbuka,WR,BUF,29.7,Lock,0.0,False
2025,11,NYJ,00-0036945,J.Fields,QB,NE,29.6,Lock,1.0,True
2025,11,LV,00-0034960,J.Meyers,WR,DAL,29.5,Lean,0.0,False
2025,11,MIN,00-0033293,A.Jones,RB,CHI,29.2,Lean,0.0,False
2025,11,DEN,00-0039868,T.Franklin,WR,KC,29.1,Lean,0.0,False
2025,11,HOU,00-0036554,N.Collins,WR,TEN,29.1,Lean,1.0,True
2025,11,CIN,00-0036410,T.Higgins,WR,PIT,28.9,Lean,1.0,True
2025,11,HOU,00-0034386,J.Watson,WR,TEN,28.9,Lean,0.0,False
2025,11,HOU,00-0040583,W.Marks,RB,TEN,28.8,Lean,0.0,False
2025,11,LA,00-0037840,K.Williams,RB,SEA,28.8,Lean,1.0,True
2025,11,CIN,00-0036900,J.Chase,WR,PIT,28.7,Lean,0.0,False
2025,11,DET,00-0035685,D.Montgomery,RB,PHI,28.7,Lean,0.0,False
2025,11,ARI,00-0037744,T.McBride,TE,SF,28.6,Lean,1.0,True
2025,11,LAC,00-0040189,O.Gadsden,TE,JAX,28.6,Lean,0.0,False
2025,11,WAS,00-0032268,M.Mariota,QB,MIA,28.5,Lean,0.0,False
2025,11,MIA,00-0039880,M.Washington,WR,WAS,28.5,Lean,0.0,False
2025,11,MIN,00-0035249,J.Oliver,TE,CHI,28.4,Lean,0.0,False
2025,11,PIT,00-0036919,K.Gainwell,RB,CIN,28.3,Lean,2.0,True
2025,11,WAS,00-0033699,A.Ekeler,RB,MIA,28.1,Lean,0.0,False
2025,11,LV,00-0032211,T.Lockett,WR,DAL,28.1,Lean,0.0,False
2025,11,CHI,00-0040735,L.Burden,WR,MIN,28.0,Lean,0.0,False
2025,11,WAS,00-0035719,D.Samuel,WR,MIA,27.9,Lean,1.0,True
2025,11,ARI,00-0037157,Z.Knight,RB,SF,27.8,Lean,1.0,True
2025,11,CIN,00-0034613,T.Hudson,TE,PIT,27.8,Lean,0.0,False
2025,11,MIA,00-0033040,T.Hill,WR,WAS,27.8,Lean,0.0,False
2025,11,ARI,00-0038705,E.Demercado,RB,SF,27.7,Lean,0.0,False
2025,11,BAL,00-0039796,R.Ali,RB,CLE,27.7,Lean,0.0,False
2025,11,NYG,00-0029263,R.Wilson,QB,GB,27.6,Lean,0.0,False
2025,11,LAC,00-0036355,J.Herbert,QB,JAX,27.6,Lean,0.0,False
2025,11,TB,00-0038951,S.Tucker,RB,BUF,27.5,Lean,3.0,True
2025,11,BAL,00-0039792,D.Walker,WR,CLE,27.5,Lean,0.0,False
2025,11,DAL,00-0035243,M.Sanders,RB,LV,27.5,Lean,0.0,False
2025,11,DAL,00-0038041,J.Ferguson,TE,LV,27.4,Lean,1.0,True
2025,11,NE,00-0036875,R.Stevenson,RB,NYJ,27.3,Lean,0.0,False
2025,11,ARI,00-0039921,T.Benson,RB,SF,27.1,Lean,0.0,False
2025,11,MIA,00-0038720,J.Hill,TE,WAS,27.0,Lean,0.0,False
2025,11,CLE,00-0033885,D.Njoku,TE,BAL,26.7,Lean,0.0,False
2025,11,MIN,00-0039923,J.McCarthy,QB,CHI,26.7,Lean,0.0,False
2025,11,DET,00-0036963,A.St. Brown,WR,PHI,26.5,Lean,0.0,False
2025,11,LA,00-0036244,C.Parkinson,TE,SEA,26.5,Lean,1.0,True
2025,11,BUF,00-0039875,R.Davis,RB,TB,26.5,Lean,0.0,False
2025,11,ARI,00-0035500,G.Dortch,WR,SF,26.4,Lean,1.0,True
2025,11,PIT,00-0038558,D.Washington,TE,CIN,26.3,Lean,0.0,False
2025,11,KC,00-0033923,K.Hunt,RB,DEN,26.3,Lean,1.0,True
2025,11,DEN,00-0033881,E.Engram,TE,KC,26.3,Lean,0.0,False
2025,11,CHI,00-0034827,D.Moore,WR,MIN,26.3,Lean,0.0,False
2025,11,NYJ,00-0034521,A.Lazard,WR,NE,26.3,Lean,0.0,False
2025,11,CHI,00-0035208,O.Zaccheaus,WR,MIN,26.2,Lean,0.0,False
2025,11,DAL,00-0037247,G.Pickens,WR,LV,26.2,Lean,1.0,True
2025,11,LV,00-0031687,R.Mostert,RB,DAL,26.1,Lean,0.0,False
2025,11,SEA,00-0035891,C.White,WR,LA,26.0,Lean,0.0,False
2025,11,CAR,00-0040124,T.McMillan,WR,ATL,25.9,Lean,2.0,True
2025,11,WAS,00-0033955,J.McNichols,RB,MIA,25.8,Lean,0.0,False
2025,11,CAR,00-0039342,X.Legette,WR,ATL,25.8,Lean,1.0,True
2025,11,KC,00-0030506,T.Kelce,TE,DEN,25.7,Lean,1.0,True
2025,11,CHI,00-0040236,K.Monangai,RB,MIN,25.7,Lean,1.0,True
2025,11,SEA,00-0033576,E.Saubert,TE,LA,25.7,Lean,0.0,False
2025,11,DEN,00-0036422,A.Trautman,TE,KC,25.6,Lean,0.0,False
2025,11,TB,00-0031408,M.Evans,WR,BUF,25.6,Lean,0.0,False
2025,11,BAL,00-0032764,D.Henry,RB,CLE,25.6,Lean,1.0,True
2025,11,TB,00-0040237,T.Johnson,WR,BUF,25.5,Lean,0.0,False
2025,11,ARI,00-0033891,Z.Jones,WR,SF,25.5,Lean,0.0,False
2025,11,GB,00-0038797,E.Wilson,RB,NYG,25.5,Lean,1.0,True
2025,11,SEA,00-0037093,D.Young,WR,LA,25.5,Lean,0.0,False
2025,11,NYJ,00-0039451,I.Williams,WR,NE,25.5,Lean,0.0,False
2025,11,NYJ,00-0040736,M.Taylor,TE,NE,25.5,Lean,0.0,False
2025,11,WAS,00-0039355,L.McCaffrey,WR,MIA,25.2,Lean,0.0,False
2025,11,NE,00-0039851,D.Maye,QB,NYJ,25.2,Lean,0.0,False
2025,11,CAR,00-0040644,T.Etienne,RB,ATL,25.2,Lean,0.0,False
2025,11,LV,00-0040729,J.Bech,WR,DAL,25.2,Lean,0.0,False
2025,11,LA,00-0040737,T.Ferguson,TE,SEA,25.1,Lean,0.0,False
2025,11,TEN,00-0040676,C.Ward,QB,HOU,25.1,Lean,0.0,False
2025,11,NYJ,00-0037805,J.Ruckert,TE,NE,25.0,Fringe,0.0,False
2025,11,MIA,00-0040198,O.Gordon,RB,WAS,25.0,Fringe,1.0,True
2025,11,PHI,00-0036912,D.Smith,WR,DET,25.0,Fringe,0.0,False
2025,11,PHI,00-0036389,J.Hurts,QB,DET,25.0,Fringe,1.0,True
2025,11,LA,00-0031381,D.Adams,WR,SEA,24.9,Fringe,1.0,True
2025,11,CLE,00-0040162,D.Sampson,RB,BAL,24.8,Fringe,0.0,False
2025,11,MIA,00-0039874,J.Wright,RB,WAS,24.8,Fringe,0.0,False
2025,11,MIA,00-0037348,T.Conner,TE,WAS,24.7,Fringe,0.0,False
2025,11,HOU,00-0034419,B.Berrios,WR,TEN,24.7,Fringe,0.0,False
2025,11,BUF,00-0034857,J.Allen,QB,TB,24.7,Fringe,3.0,True
2025,11,ARI,00-0038559,Mi.Wilson,WR,SF,24.6,Fringe,0.0,False
2025,11,SF,00-0033288,G.Kittle,TE,ARI,24.6,Fringe,2.0,True
2025,11,ATL,00-0037238,D.London,WR,CAR,24.5,Fringe,0.0,False
2025,11,TB,00-0034855,B.Mayfield,QB,BUF,24.4,Fringe,1.0,True
2025,11,CHI,00-0040126,C.Loveland,TE,MIN,24.3,Fringe,0.0,False
2025,11,HOU,00-0038618,X.Hutchinson,WR,TEN,24.3,Fringe,0.0,False
2025,11,ATL,00-0036970,K.Pitts,TE,CAR,24.3,Fringe,0.0,False
2025,11,WAS,00-0036628,J.Bates,TE,MIA,24.2,Fringe,0.0,False
2025,11,CIN,00-0038619,A.Iosivas,WR,PIT,24.2,Fringe,0.0,False
2025,11,JAX,00-0036971,T.Lawrence,QB,LAC,24.1,Fringe,1.0,True
2025,11,LA,00-0033110,T.Higbee,TE,SEA,24.1,Fringe,0.0,False
2025,11,LA,00-0039075,P.Nacua,WR,SEA,24.1,Fringe,0.0,False
2025,11,GB,00-0039146,J.Reed,WR,NYG,24.1,Fringe,0.0,False
2025,11,SEA,00-0038543,J.Smith-Njigba,WR,LA,24.1,Fringe,0.0,False
2025,11,CAR,00-0039150,B.Young,QB,ATL,24.1,Fringe,0.0,False
2025,11,PIT,00-0036862,B.Skowronek,WR,CIN,24.1,Fringe,0.0,False
2025,11,MIN,00-0032950,C.Wentz,QB,CHI,24.1,Fringe,0.0,False
2025,11,CIN,00-0035631,D.Sample,TE,PIT,24.0,Fringe,0.0,False
2025,11,ARI,00-0035228,K.Murray,QB,SF,24.0,Fringe,0.0,False
2025,11,CLE,00-0040663,H.Fannin,TE,BAL,24.0,Fringe,0.0,False
2025,11,LV,00-0040581,D.Thornton,WR,DAL,24.0,Fringe,0.0,False
2025,11,LV,00-0039066,M.Mayer,TE,DAL,24.0,Fringe,0.0,False
2025,11,HOU,00-0037258,D.Pierce,RB,TEN,23.9,Fringe,0.0,False
2025,11,DAL,00-0036358,C.Lamb,WR,LV,23.9,Fringe,1.0,True
2025,11,NYJ,00-0033943,J.Reynolds,WR,NE,23.9,Fringe,0.0,False
2025,11,PHI,00-0034351,D.Goedert,TE,DET,23.9,Fringe,0.0,False
2025,11,KC,00-0039067,R.Rice,WR,DEN,23.9,Fringe,0.0,False
2025,11,DEN,00-0040730,R.Harvey,RB,KC,23.9,Fringe,0.0,False
2025,11,BAL,00-0035993,T.Huntley,QB,CLE,23.9,Fringe,0.0,False
2025,11,DEN,00-0039732,B.Nix,QB,KC,23.9,Fringe,0.0,False
2025,11,PIT,00-0036894,P.Freiermuth,TE,CIN,23.8,Fringe,0.0,False
2025,11,LA,00-0039074,D.Allen,TE,SEA,23.8,Fringe,0.0,False
2025,11,CLE,00-0037267,J.Ford,RB,BAL,23.8,Fringe,0.0,False
2025,11,TEN,00-0035261,T.Pollard,RB,HOU,23.8,Fringe,0.0,False
2025,11,CHI,00-0036331,D.Duvernay,WR,MIN,23.7,Fringe,0.0,False
2025,11,SF,00-0036259,J.Jennings,WR,ARI,23.7,Fringe,0.0,False
2025,11,NE,00-0031588,S.Diggs,WR,NYJ,23.6,Fringe,0.0,False
2025,11,HOU,00-0034791,N.Chubb,RB,TEN,23.6,Fringe,0.0,False
2025,11,MIN,00-0040154,T.Felton,WR,CHI,23.6,Fringe,0.0,False
2025,11,HOU,00-0040130,J.Higgins,WR,TEN,23.6,Fringe,0.0,False
2025,11,LV,00-0036423,A.Okwuegbunam,TE,DAL,23.6,Fringe,0.0,False
2025,11,SF,00-0039916,R.Pearsall,WR,ARI,23.4,Fringe,0.0,False
2025,11,MIN,00-0038440,Z.Scott,RB,CHI,23.4,Fringe,0.0,False
2025,11,JAX,00-0038555,T.Bigsby,RB,LAC,23.4,Fringe,0.0,False
2025,11,LV,00-0035602,A.Bachman,WR,DAL,23.3,Fringe,0.0,False
2025,11,TB,00-0032385,S.Shepard,WR,BUF,23.3,Fringe,0.0,False
2025,11,SEA,00-0039793,A.Barner,TE,LA,23.2,Fringe,0.0,False
2025,11,ARI,00-0036924,M.Carter,RB,SF,23.2,Fringe,0.0,False
2025,11,MIA,00-0037252,G.Dulcich,TE,WAS,23.2,Fringe,0.0,False
2025,11,MIA,00-0034418,C.Wilson,WR,WAS,23.1,Fringe,0.0,False
2025,11,CIN,00-0035644,N.Fant,TE,PIT,23.1,Fringe,0.0,False
2025,11,BUF,00-0035537,Ty.Johnson,RB,TB,23.0,Fringe,1.0,True
2025,11,SEA,00-0034869,S.Darnold,QB,LA,23.0,Fringe,0.0,False
2025,11,SEA,00-0037545,R.Shaheed,WR,LA,23.0,Fringe,0.0,False
2025,11,GB,00-0037816,R.Doubs,WR,NYG,22.9,Fringe,0.0,False
2025,11,NYG,00-0038115,D.Bellinger,TE,GB,22.8,Fringe,0.0,False
2025,11,NE,00-0038621,D.Douglas,WR,NYJ,22.6,Fringe,0.0,False
2025,11,SEA,00-0033908,C.Kupp,WR,LA,22.6,Fringe,0.0,False
2025,11,HOU,00-0040138,J.Noel,WR,TEN,22.6,Fringe,0.0,False
2025,11,LA,00-0036849,T.Atwell,WR,SEA,22.6,Fringe,0.0,False
2025,11,HOU,00-0034775,C.Kirk,WR,TEN,22.6,Fringe,0.0,False
2025,11,NYJ,00-0028118,T.Taylor,QB,NE,22.5,Fringe,0.0,False
2025,11,CAR,00-0036425,D.Dallas,RB,ATL,22.5,Fringe,0.0,False
2025,11,DET,00-0040669,I.TeSlaa,WR,PHI,22.5,Fringe,0.0,False
2025,11,SF,00-0037112,J.Tonges,TE,ARI,22.4,Fringe,0.0,False
2025,11,MIA,00-0036182,N.Westbrook-Ikhine,WR,WAS,22.4,Fringe,0.0,False
2025,11,GB,00-0038996,T.Kraft,TE,NYG,22.4,Fringe,0.0,False
2025,11,TB,00-0038824,R.Miller,WR,BUF,22.4,Fringe,0.0,False
2025,11,CIN,00-0034829,M.Gesicki,TE,PIT,22.4,Fringe,0.0,False
2025,11,CLE,00-0038979,C.Tillman,WR,BAL,22.4,Fringe,0.0,False
2025,11,MIN,00-0035229,T.Hockenson,TE,CHI,22.3,Fringe,0.0,False
2025,11,NE,00-0040734,T.Henderson,RB,NYJ,22.3,Fringe,3.0,True
2025,11,MIA,00-0039884,T.Washington,WR,WAS,22.2,Fringe,0.0,False
2025,11,GB,00-0038124,C.Watson,WR,NYG,22.2,Fringe,2.0,True
2025,11,CAR,00-0038840,B.Tremayne,WR,ATL,22.2,Fringe,0.0,False
2025,11,HOU,00-0038728,J.Wayne,WR,TEN,22.0,Fringe,0.0,False
2025,11,DEN,00-0037539,L.Krull,TE,KC,22.0,Fringe,0.0,False
2025,11,PHI,00-0037741,J.Dotson,WR,DET,22.0,Fringe,0.0,False
2025,11,NYG,00-0039337,M.Nabers,WR,GB,21.9,Fringe,0.0,False
2025,11,MIN,00-0030035,A.Thielen,WR,CHI,21.9,Fringe,0.0,False
2025,11,NYJ,00-0040582,A.Smith,WR,NE,21.9,Fringe,0.0,False
2025,11,PHI,00-0035676,A.Brown,WR,DET,21.9,Fringe,0.0,False
2025,11,DET,00-0033106,J.Goff,QB,PHI,21.9,Fringe,0.0,False
2025,11,JAX,00-0040238,L.Allen,RB,LAC,21.9,Fringe,0.0,False
2025,11,CIN,00-0038839,M.Tinsley,WR,PIT,21.8,Fringe,0.0,False
2025,11,TEN,00-0039648,D.Martin-Robinson,TE,HOU,21.7,Fringe,0.0,False
2025,11,NYG,00-0035645,G.Olszewski,WR,GB,21.7,Fringe,0.0,False
2025,11,CHI,00-0036290,C.Kmet,TE,MIN,21.7,Fringe,0.0,False
2025,11,PIT,00-0037837,C.Austin,WR,CIN,21.7,Fringe,0.0,False
2025,11,PIT,00-0039739,R.Wilson,WR,CIN,21.7,Fringe,0.0,False
2025,11,CAR,00-0040218,Ji.Horn,WR,ATL,21.6,Fringe,0.0,False
2025,11,TB,00-0039589,K.Johnson,WR,BUF,21.6,Fringe,0.0,False
2025,11,PIT,00-0033858,J.Smith,TE,CIN,21.6,Fringe,0.0,False
2025,11,TEN,00-0039032,T.Spears,RB,HOU,21.5,Fringe,0.0,False
2025,11,SF,00-0033307,K.Bourne,WR,ARI,21.5,Fringe,0.0,False
2025,11,GB,00-0038465,M.Heath,WR,NYG,21.5,Fringe,0.0,False
2025,11,PIT,00-0040142,K.Johnson,RB,CIN,21.4,Fringe,0.0,False
2025,11,LV,00-0038040,Z.White,RB,DAL,21.3,Fringe,0.0,False
2025,11,CAR,00-0034983,H.Renfrow,WR,ATL,21.3,Fringe,0.0,False
2025,11,CAR,00-0033589,D.Moore,WR,ATL,21.3,Fringe,0.0,False
2025,11,LAC,00-0034270,T.Conklin,TE,JAX,21.2,Fringe,0.0,False
2025,11,GB,00-0038685,C.Brooks,RB,NYG,21.2,Fringe,0.0,False
2025,11,LAC,00-0038544,Q.Johnston,WR,JAX,21.1,Fade,0.0,False
2025,11,NE,00-0033555,M.Hollins,WR,NYJ,21.1,Fade,0.0,False
2025,11,KC,00-0040078,B.Smith,RB,DEN,21.1,Fade,0.0,False
2025,11,BUF,00-0036988,J.Palmer,WR,TB,21.1,Fade,0.0,False
2025,11,LV,00-0039407,D.Laube,RB,DAL,21.1,Fade,0.0,False
2025,11,SF,00-0037746,B.Robinson,RB,ARI,21.1,Fade,0.0,False
2025,11,MIA,00-0036212,T.Tagovailoa,QB,WAS,21.0,Fade,0.0,False
2025,11,BAL,00-0039064,Z.Flowers,WR,CLE,21.0,Fade,0.0,False
2025,11,CAR,00-0040187,M.Evans,TE,ATL,20.9,Fade,0.0,False
2025,11,JAX,00-0038606,P.Washington,WR,LAC,20.8,Fade,0.0,False
2025,11,DEN,00-0036959,M.Bandy,WR,KC,20.7,Fade,0.0,False
2025,11,WAS,00-0032398,C.Moore,WR,MIA,20.7,Fade,0.0,False
2025,11,LAC,00-0034159,W.Dissly,TE,JAX,20.6,Fade,0.0,False
2025,11,SEA,00-0040739,E.Arroyo,TE,LA,20.6,Fade,0.0,False
2025,11,LA,00-0026498,M.Stafford,QB,SEA,20.6,Fade,0.0,False
2025,11,MIA,00-0036620,D.Eskridge,WR,WAS,20.5,Fade,0.0,False
2025,11,BAL,00-0036630,T.Wallace,WR,CLE,20.5,Fade,0.0,False
2025,11,SEA,00-0038752,J.Bobo,WR,LA,20.5,Fade,0.0,False
2025,11,DAL,00-0039410,R.Flournoy,WR,LV,20.5,Fade,1.0,True
2025,11,BUF,00-0037261,K.Shakir,WR,TB,20.5,Fade,0.0,False
2025,11,LAC,00-0037012,T.Lance,QB,JAX,20.5,Fade,0.0,False
2025,11,DAL,00-0037666,J.Tolbert,WR,LV,20.5,Fade,0.0,False
2025,11,SF,00-0036887,L.Farrell,TE,ARI,20.5,Fade,0.0,False
2025,11,WAS,00-0037524,T.Martin,WR,MIA,20.5,Fade,0.0,False
2025,11,DET,00-0037240,J.Williams,WR,PHI,20.4,Fade,1.0,True
2025,11,HOU,00-0039603,B.Brooks,RB,TEN,20.4,Fade,0.0,False
2025,11,TB,00-0040429,J.Williams,RB,BUF,20.4,Fade,0.0,False
2025,11,BAL,00-0034796,L.Jackson,QB,CLE,20.4,Fade,0.0,False
2025,11,DEN,00-0034348,C.Sutton,WR,KC,20.4,Fade,0.0,False
2025,11,CAR,00-0039356,J.Sanders,TE,ATL,20.3,Fade,0.0,False
2025,11,DAL,00-0037801,K.Turpin,WR,LV,20.2,Fade,0.0,False
2025,11,PHI,00-0036265,A.Dillon,RB,DET,20.2,Fade,0.0,False
2025,11,CIN,00-0039631,C.Grandy,TE,PIT,20.2,Fade,0.0,False
2025,11,LAC,00-0030279,K.Allen,WR,JAX,20.1,Fade,0.0,False
2025,11,JAX,00-0036497,T.Jones,WR,LAC,20.1,Fade,0.0,False
2025,11,CIN,00-0026158,J.Flacco,QB,PIT,20.1,Fade,0.0,False
2025,11,CIN,00-0035100,J.Browning,QB,PIT,20.0,Fade,0.0,False
2025,11,WAS,00-0033591,N.Brown,WR,MIA,20.0,Fade,0.0,False
2025,11,PIT,00-0035298,S.Miller,WR,CIN,20.0,Fade,0.0,False
2025,11,ARI,00-0039041,E.Higgins,TE,SF,19.9,Fade,0.0,False
2025,11,SF,00-0032775,D.Robinson,WR,ARI,19.8,Fade,0.0,False
2025,11,NYG,00-0039847,T.Johnson,TE,GB,19.7,Fade,0.0,False
2025,11,DEN,00-0036158,J.Dobbins,RB,KC,19.7,Fade,0.0,False
2025,11,CAR,00-0039491,J.Coker,WR,ATL,19.6,Fade,0.0,False
2025,11,ARI,00-0033119,J.Brissett,QB,SF,19.6,Fade,0.0,False
2025,11,CHI,00-0038416,T.Bagent,QB,MIN,19.6,Fade,0.0,False
2025,11,LAC,00-0039915,L.McConkey,WR,JAX,19.5,Fade,0.0,False
2025,11,NYG,00-0038117,W.Robinson,WR,GB,19.5,Fade,0.0,False
2025,11,HOU,00-0034383,D.Schultz,TE,TEN,19.4,Fade,0.0,False
2025,11,NE,00-0033090,H.Henry,TE,NYJ,19.4,Fade,0.0,False
2025,11,MIN,00-0036414,C.Akers,RB,CHI,19.4,Fade,0.0,False
2025,11,NE,00-0036328,A.Gibson,RB,NYJ,19.3,Fade,0.0,False
2025,11,TEN,00-0040705,C.Dike,WR,HOU,19.3,Fade,0.0,False
2025,11,JAX,00-0034960,J.Meyers,WR,LAC,19.3,Fade,0.0,False
2025,11,ATL,00-0036429,C.Woerner,TE,CAR,19.3,Fade,0.0,False
2025,11,TB,00-0038129,C.Otton,TE,BUF,19.3,Fade,0.0,False
2025,11,BAL,00-0030564,D.Hopkins,WR,CLE,19.3,Fade,0.0,False
2025,11,DAL,00-0038547,L.Schoonmaker,TE,LV,19.2,Fade,0.0,False
2025,11,WAS,00-0040164,J.Lane,WR,MIA,19.2,Fade,0.0,False
2025,11,BUF,00-0033282,C.Samuel,WR,TB,19.2,Fade,0.0,False
2025,11,DEN,00-0037085,T.Badie,RB,KC,19.1,Fade,0.0,False
2025,11,NYG,00-0035406,L.Humphrey,WR,GB,19.1,Fade,0.0,False
2025,11,SF,00-0038090,S.Moore,WR,ARI,19.1,Fade,0.0,False
2025,11,NYG,00-0040691,J.Dart,QB,GB,19.0,Fade,0.0,False
2025,11,CLE,00-0040704,D.Gabriel,QB,BAL,19.0,Fade,0.0,False
2025,11,CLE,00-0040782,I.Bond,WR,BAL,18.9,Fade,0.0,False
2025,11,SF,00-0040172,J.Watkins,WR,ARI,18.8,Fade,0.0,False
2025,11,SEA,00-0039299,G.Holani,RB,LA,18.8,Fade,0.0,False
2025,11,KC,00-0038104,T.Thornton,WR,DEN,18.8,Fade,0.0,False
2025,11,CLE,00-0036407,J.Jeudy,WR,BAL,18.8,Fade,0.0,False
2025,11,KC,00-0036637,N.Gray,TE,DEN,18.7,Fade,0.0,False
2025,11,ATL,00-0036309,D.Mooney,WR,CAR,18.7,Fade,0.0,False
2025,11,BUF,00-0039901,K.Coleman,WR,TB,18.7,Fade,0.0,False
2025,11,NE,00-0040131,K.Williams,WR,NYJ,18.6,Fade,0.0,False
2025,11,BAL,00-0034753,M.Andrews,TE,CLE,18.6,Fade,1.0,True
2025,11,CAR,00-0037005,T.Tremble,TE,ATL,18.6,Fade,0.0,False
2025,11,DEN,00-0040134,P.Bryant,WR,KC,18.6,Fade,0.0,False
2025,11,CLE,00-0039920,M.Corley,WR,BAL,18.6,Fade,0.0,False
2025,11,GB,00-0038393,D.Wicks,WR,NYG,18.5,Fade,0.0,False
2025,11,LA,00-0039738,B.Corum,RB,SEA,18.5,Fade,0.0,False
2025,11,MIN,00-0040494,M.Brosmer,QB,CHI,18.5,Fade,0.0,False
2025,11,HOU,00-0039458,B.Bates,TE,TEN,18.5,Fade,0.0,False
2025,11,KC,00-0033873,P.Mahomes,QB,DEN,18.4,Fade,0.0,False
2025,11,ARI,00-0039521,X.Weaver,WR,SF,18.4,Fade,0.0,False
2025,11,JAX,00-0036626,D.Brown,WR,LAC,18.4,Fade,0.0,False
2025,11,KC,00-0038519,N.Remigio,WR,DEN,18.3,Fade,0.0,False
2025,11,LAC,00-0037654,T.Fisk,TE,JAX,18.3,Fade,0.0,False
2025,11,LV,00-0034365,I.Thomas,TE,DAL,18.3,Fade,0.0,False
2025,11,NYJ,00-0039798,I.Davis,RB,NE,18.3,Fade,0.0,False
2025,11,NYJ,00-0037614,J.Metchie,WR,NE,18.3,Fade,1.0,True
2025,11,HOU,00-0033854,D.Ogunbowale,RB,TEN,18.2,Fade,0.0,False
2025,11,JAX,00-0033375,T.Patrick,WR,LAC,18.2,Fade,1.0,True
2025,11,CHI,00-0039021,R.Johnson,RB,MIN,18.2,Fade,0.0,False
2025,11,DET,00-0034577,K.Allen,QB,PHI,18.1,Fade,0.0,False
2025,11,TEN,00-0040584,G.Helm,TE,HOU,18.1,Fade,0.0,False
2025,11,LAC,00-0036893,N.Harris,RB,JAX,18.0,Fade,0.0,False
2025,11,CAR,00-0037282,J.Mitchell,TE,ATL,18.0,Fade,0.0,False
2025,11,MIA,00-0037013,Z.Wilson,QB,WAS,17.9,Fade,0.0,False
2025,11,NYG,00-0035250,D.Singletary,RB,GB,17.8,Fade,2.0,True
2025,11,LV,00-0030565,G.Smith,QB,DAL,17.8,Fade,0.0,False
2025,11,SEA,00-0040673,J.Milroe,QB,LA,17.8,Fade,0.0,False
2025,11,CIN,00-0040208,T.Brooks,RB,PIT,17.7,Fade,0.0,False
2025,11,KC,00-0035662,M.Brown,WR,DEN,17.7,Fade,0.0,False
2025,11,NYG,00-0040432,B.Collins,WR,GB,17.7,Fade,0.0,False
2025,11,ATL,00-0040547,N.Carter,RB,CAR,17.6,Fade,0.0,False
2025,11,TEN,00-0037594,J.Chestnut,RB,HOU,17.6,Fade,0.0,False
2025,11,WAS,00-0032688,R.Chosen,WR,MIA,17.5,Fade,0.0,False
2025,11,SF,00-0037834,B.Purdy,QB,ARI,17.5,Fade,0.0,False
2025,11,DEN,00-0034487,T.Sherfield,WR,KC,17.5,Fade,0.0,False
2025,11,DET,00-0032464,K.Raymond,WR,PHI,17.5,Fade,0.0,False
2025,11,DAL,00-0039530,B.Spann-Ford,TE,LV,17.5,Fade,0.0,False
2025,11,CAR,00-0027973,A.Dalton,QB,ATL,17.4,Fade,0.0,False
2025,11,BUF,00-0035689,D.Knox,TE,TB,17.4,Fade,0.0,False
2025,11,KC,00-0033857,J.Smith-Schuster,WR,DEN,17.4,Fade,0.0,False
2025,11,LA,00-0031345,J.Garoppolo,QB,SEA,17.3,Fade,0.0,False
2025,11,PHI,00-0037614,J.Metchie,WR,DET,17.3,Fade,1.0,True
2025,11,TEN,00-0040170,E.Ayomanor,WR,HOU,17.3,Fade,0.0,False
2025,11,BUF,00-0040194,J.Hawes,TE,TB,17.3,Fade,0.0,False
2025,11,KC,00-0037197,I.Pacheco,RB,DEN,17.2,Fade,0.0,False
2025,11,CHI,00-0037329,B.Brown,RB,MIN,17.2,Fade,0.0,False
2025,11,TB,00-0031237,T.Bridgewater,QB,BUF,17.1,Fade,0.0,False
2025,11,NE,00-0035628,D.Johnson,RB,NYJ,16.8,Fade,0.0,False
2025,11,GB,00-0040667,M.Golden,WR,NYG,16.8,Fade,0.0,False
2025,11,WAS,00-0035659,T.McLaurin,WR,MIA,16.8,Fade,0.0,False
2025,11,ATL,00-0039394,Cas.Washington,WR,CAR,16.7,Fade,0.0,False
2025,11,LA,00-0038359,X.Smith,WR,SEA,16.7,Fade,0.0,False
2025,11,LAC,00-0036755,J.Patterson,RB,JAX,16.7,Fade,0.0,False
2025,11,CLE,00-0038710,B.Whiteheart,TE,BAL,16.7,Fade,0.0,False
2025,11,JAX,00-0033246,J.Mundt,TE,LAC,16.7,Fade,0.0,False
2025,11,KC,00-0038492,J.Brownlee,WR,DEN,16.5,Fade,0.0,False
2025,11,MIN,00-0040509,B.Yurosek,TE,CHI,16.5,Fade,0.0,False
2025,11,DEN,00-0038976,M.Mims,WR,KC,16.5,Fade,0.0,False
2025,11,SF,00-0034272,M.Valdes-Scantling,WR,ARI,16.5,Fade,0.0,False
2025,11,PHI,00-0038496,X.Gipson,WR,DET,16.4,Fade,0.0,False
2025,11,DET,00-0035567,C.Reynolds,RB,PHI,16.4,Fade,0.0,False
2025,11,BAL,00-0038454,K.Mitchell,RB,CLE,16.3,Fade,0.0,False
2025,11,ATL,00-0034407,R.McCloud,WR,CAR,16.3,Fade,0.0,False
2025,11,SEA,00-0035704,D.Lock,QB,LA,16.3,Fade,0.0,False
2025,11,LV,00-0040488,C.Runyon,TE,DAL,16.2,Fade,0.0,False
2025,11,DAL,00-0038738,H.Luepke,RB,LV,16.2,Fade,0.0,False
2025,11,DET,00-0038896,J.Saylors,RB,PHI,16.1,Fade,0.0,False
2025,11,TEN,00-0034837,C.Ridley,WR,HOU,16.1,Fade,0.0,False
2025,11,MIA,00-0040234,Q.Ewers,QB,WAS,16.1,Fade,0.0,False
2025,11,DEN,00-0038794,J.McLaughlin,RB,KC,16.1,Fade,1.0,True
2025,11,GB,00-0037091,B.Melton,WR,NYG,16.0,Fade,0.0,False
2025,11,JAX,00-0036841,A.Trammell,WR,LAC,16.0,Fade,0.0,False
2025,11,BUF,00-0036980,E.Moore,WR,TB,15.9,Fade,0.0,False
2025,11,HOU,00-0036898,D.Mills,QB,TEN,15.9,Fade,0.0,False
2025,11,SEA,00-0040058,N.Kallerup,TE,LA,15.9,Fade,0.0,False
2025,11,BAL,00-0038046,C.Kolar,TE,CLE,15.9,Fade,0.0,False
2025,11,GB,00-0040009,S.Williams,WR,NYG,15.9,Fade,0.0,False
2025,11,PHI,00-0037086,G.Calcaterra,TE,DET,15.8,Fade,0.0,False
2025,11,TEN,00-0037809,C.Okonkwo,TE,HOU,15.7,Fade,0.0,False
2025,11,WAS,00-0039910,J.Daniels,QB,MIA,15.7,Fade,0.0,False
2025,11,LAC,00-0040727,T.Harris,WR,JAX,15.7,Fade,0.0,False
2025,11,CLE,00-0039379,J.Thrash,WR,BAL,15.6,Fade,0.0,False
2025,11,JAX,00-0039893,B.Thomas,WR,LAC,15.6,Fade,0.0,False
2025,11,LAC,00-0037617,H.Haskins,RB,JAX,15.6,Fade,0.0,False
2025,11,NYG,00-0039384,T.Tracy,RB,GB,15.6,Fade,0.0,False
2025,11,GB,00-0036264,J.Love,QB,NYG,15.5,Fade,0.0,False
2025,11,KC,00-0039894,X.Worthy,WR,DEN,15.5,Fade,0.0,False
2025,11,CLE,00-0026158,J.Flacco,QB,BAL,15.5,Fade,0.0,False
2025,11,ATL,00-0036825,F.Franks,TE,CAR,15.4,Fade,0.0,False
2025,11,LV,00-0038102,K.Pickett,QB,DAL,15.3,Fade,0.0,False
2025,11,TEN,00-0036415,V.Jefferson,WR,HOU,15.3,Fade,1.0,True
2025,11,LA,00-0039751,J.Whittington,WR,SEA,15.3,Fade,0.0,False
2025,11,ARI,00-0039737,T.Reiman,TE,SF,15.2,Fade,0.0,False
2025,11,DET,00-0039364,S.Vaki,RB,PHI,15.2,Fade,0.0,False
2025,11,TB,00-0033921,C.Godwin,WR,BUF,15.1,Fade,0.0,False
2025,11,BUF,00-0038679,T.Shavers,WR,TB,15.1,Fade,1.0,True
2025,11,DAL,00-0033077,D.Prescott,QB,LV,15.0,Fade,0.0,False
2025,11,WAS,00-0037742,T.Burks,WR,MIA,15.0,Fade,0.0,False
2025,11,NE,00-0039757,T.Jennings,RB,NYJ,15.0,Fade,0.0,False
2025,11,ARI,00-0035628,D.Johnson,RB,SF,15.0,Fade,0.0,False
2025,11,SEA,00-0040067,J.Wright,RB,LA,14.9,Fade,0.0,False
2025,11,BAL,00-0037838,I.Likely,TE,CLE,14.9,Fade,0.0,False
2025,11,NE,00-0033949,J.Dobbs,QB,NYJ,14.9,Fade,0.0,False
2025,11,NE,00-0038608,K.Boutte,WR,NYJ,14.8,Fade,0.0,False
2025,11,NYG,00-0034407,R.McCloud,WR,GB,14.8,Fade,0.0,False
2025,11,ATL,00-0034854,K.Hodge,WR,CAR,14.8,Fade,0.0,False
2025,11,ATL,00-0035359,D.Sills,WR,CAR,14.7,Fade,0.0,False
2025,11,BUF,00-0038933,D.Kincaid,TE,TB,14.7,Fade,0.0,False
2025,11,ARI,00-0039849,M.Harrison,WR,SF,14.6,Fade,0.0,False
2025,11,DET,00-0036754,B.Wright,TE,PHI,14.4,Fade,0.0,False
2025,11,DEN,00-0035264,J.Stidham,QB,KC,14.2,Fade,0.0,False
2025,11,PHI,00-0036876,K.Granson,TE,DET,14.2,Fade,0.0,False
2025,11,DAL,00-0040586,J.Blue,RB,LV,14.1,Fade,0.0,False
2025,11,PHI,00-0039746,W.Shipley,RB,DET,13.9,Fade,0.0,False
2025,11,NYG,00-0031484,C.Manhertz,TE,GB,13.9,Fade,0.0,False
2025,11,SF,00-0036972,M.Jones,QB,ARI,13.8,Fade,0.0,False
2025,11,TB,00-0039050,P.Durham,TE,BUF,13.7,Fade,0.0,False
2025,11,KC,00-0036360,C.Edwards-Helaire,RB,DEN,13.7,Fade,0.0,False
2025,11,SF,00-0034867,M.Turner,WR,ARI,13.6,Fade,0.0,False
2025,11,SF,00-0038643,B.Willis,TE,ARI,13.3,Fade,0.0,False
2025,11,CLE,00-0040259,G.Larvadain,WR,BAL,13.3,Fade,0.0,False
2025,11,SEA,00-0040648,T.Horton,WR,LA,13.2,Fade,0.0,False
2025,11,LA,00-0040590,K.Mumpfield,WR,SEA,13.2,Fade,0.0,False
2025,11,GB,00-0037306,J.FitzPatrick,TE,NYG,13.2,Fade,0.0,False
2025,11,DET,00-0039065,S.LaPorta,TE,PHI,13.1,Fade,0.0,False
2025,11,BAL,00-0037340,Z.Mitchell-Paden,TE,CLE,13.0,Fade,0.0,False
2025,11,HOU,00-0039359,C.Stover,TE,TEN,13.0,Fade,0.0,False
2025,11,NE,00-0032392,A.Hooper,TE,NYJ,12.9,Fade,0.0,False
2025,11,NYG,00-0038938,J.Hyatt,WR,GB,12.8,Fade,0.0,False
2025,11,PIT,00-0023459,A.Rodgers,QB,CIN,12.7,Fade,0.0,False
2025,11,DAL,00-0037563,M.Davis,RB,LV,12.6,Fade,0.0,False
2025,11,NYG,00-0035535,D.Slayton,WR,GB,12.6,Fade,0.0,False
2025,11,WAS,00-0039912,B.Sinnott,TE,MIA,12.5,Fade,0.0,False
2025,11,BAL,00-0034975,J.Hill,RB,CLE,12.4,Fade,0.0,False
2025,11,GB,00-0039144,L.Musgrave,TE,NYG,12.4,Fade,0.0,False
2025,11,LAC,00-0034367,N.Miller-Hines,RB,JAX,12.4,Fade,0.0,False
2025,11,BUF,00-0033869,M.Trubisky,QB,TB,12.3,Fade,0.0,False
2025,11,NYJ,00-0037740,G.Wilson,WR,NE,12.2,Fade,0.0,False
2025,11,DEN,00-0038783,N.Adkins,TE,KC,11.8,Fade,0.0,False
2025,11,LAC,00-0038573,D.Davis,WR,JAX,11.8,Fade,0.0,False
2025,11,ATL,00-0039917,M.Penix,QB,CAR,11.8,Fade,0.0,False
2025,11,PIT,00-0034771,M.Rudolph,QB,CIN,11.6,Fade,0.0,False
2025,11,TEN,00-0032211,T.Lockett,WR,HOU,11.6,Fade,0.0,False
2025,11,LAC,00-0040184,K.Lambert-Smith,WR,JAX,11.4,Fade,0.0,False
2025,11,JAX,00-0037004,H.Long,TE,LAC,11.4,Fade,0.0,False
2025,11,BAL,00-0036550,R.Bateman,WR,CLE,11.3,Fade,0.0,False
2025,11,HOU,00-0039163,C.Stroud,QB,TEN,10.6,Fade,0.0,False
2025,11,SF,00-0038658,A.Martinez,QB,ARI,10.5,Fade,0.0,False
2025,11,CIN,00-0033526,S.Perine,RB,PIT,10.3,Fade,0.0,False
2025,11,DET,00-0034073,R.Dwelley,TE,PHI,10.3,Fade,0.0,False
2025,11,PHI,00-0038400,T.McKee,QB,DET,10.2,Fade,0.0,False
2025,11,JAX,00-0038935,B.Strange,TE,LAC,9.1,Fade,0.0,False
2025,11,TEN,00-0039650,B.Oliver,WR,HOU,9.0,Fade,0.0,False
2025,11,ATL,00-0029604,K.Cousins,QB,CAR,8.7,Fade,0.0,False
2025,11,NE,00-0039305,J.Westover,TE,NYJ,8.6,Fade,0.0,False
2025,11,KC,00-0035289,G.Minshew,QB,DEN,8.3,Fade,0.0,False
2025,11,BAL,00-0033376,P.Ricard,RB,CLE,8.3,Fade,0.0,False
2025,11,BAL,00-0033662,C.Rush,QB,CLE,6.3,Fade,0.0,False
2025,11,CIN,00-0036442,J.Burrow,QB,PIT,5.1,Fade,0.0,False
2025,11,HOU,00-0036232,H.Bryant,TE,TEN,4.8,Fade,0.0,False
2025,12,IND,00-0036223,J.Taylor,RB,KC,44.4,Lock,0.0,False
2025,12,NYJ,00-0039794,B.Allen,RB,BAL,43.7,Lock,0.0,False
2025,12,SF,00-0033280,C.McCaffrey,RB,CAR,43.4,Lock,1.0,True
2025,12,DET,00-0039139,J.Gibbs,RB,NYG,42.5,Lock,3.0,True
2025,12,NO,00-0039623,M.Tipton,WR,ATL,42.1,Lock,0.0,False
2025,12,NE,00-0036875,R.Stevenson,RB,CIN,41.3,Lock,0.0,False
2025,12,DAL,00-0036997,J.Williams,RB,PHI,40.7,Lock,0.0,False
2025,12,NYG,00-0040715,C.Skattebo,RB,DET,38.8,Lock,0.0,False
2025,12,LA,00-0037840,K.Williams,RB,TB,38.7,Lock,0.0,False
2025,12,NYJ,00-0038120,B.Hall,RB,BAL,38.6,Lock,0.0,False
2025,12,PIT,00-0037228,J.Warren,RB,CHI,38.5,Lock,1.0,True
2025,12,PHI,00-0034844,S.Barkley,RB,DAL,38.1,Lock,0.0,False
2025,12,CAR,00-0036139,R.Dowdle,RB,SF,37.6,Lock,0.0,False
2025,12,PHI,00-0038555,T.Bigsby,RB,DAL,37.6,Lock,0.0,False
2025,12,NE,00-0040734,T.Henderson,RB,CIN,37.0,Lock,0.0,False
2025,12,GB,00-0035700,J.Jacobs,RB,MIN,36.4,Lock,0.0,False
2025,12,ATL,00-0038542,B.Robinson,RB,NO,36.4,Lock,0.0,False
2025,12,JAX,00-0036973,T.Etienne,RB,ARI,35.8,Lock,1.0,True
2025,12,HOU,00-0040583,W.Marks,RB,BUF,34.6,Lock,0.0,False
2025,12,CIN,00-0036900,J.Chase,WR,NE,34.5,Lock,0.0,False
2025,12,CHI,00-0036275,D.Swift,RB,PIT,33.8,Lock,0.0,False
2025,12,BAL,00-0035993,T.Huntley,QB,NYJ,33.6,Lock,0.0,False
2025,12,DAL,00-0035243,M.Sanders,RB,PHI,33.6,Lock,0.0,False
2025,12,TB,00-0039361,B.Irving,RB,LA,33.5,Lock,0.0,False
2025,12,IND,00-0040128,T.Warren,TE,KC,33.4,Lock,0.0,False
2025,12,CIN,00-0036410,T.Higgins,WR,NE,33.3,Lock,0.0,False
2025,12,LV,00-0040122,A.Jeanty,RB,CLE,32.8,Lock,1.0,True
2025,12,BUF,00-0034857,J.Allen,QB,HOU,32.3,Lock,0.0,False
2025,12,PIT,00-0036919,K.Gainwell,RB,CHI,32.2,Lock,0.0,False
2025,12,ARI,00-0037744,T.McBride,TE,JAX,32.1,Lock,0.0,False
2025,12,PIT,00-0035640,D.Metcalf,WR,CHI,32.0,Lock,1.0,True
2025,12,SF,00-0033288,G.Kittle,TE,CAR,31.6,Lock,0.0,False
2025,12,NYG,00-0029263,R.Wilson,QB,DET,31.3,Lock,0.0,False
2025,12,CIN,00-0038597,C.Brown,RB,NE,31.3,Lock,0.0,False
2025,12,BAL,00-0032764,D.Henry,RB,NYJ,30.3,Lock,2.0,True
2025,12,SEA,00-0039165,Z.Charbonnet,RB,TEN,30.3,Lock,1.0,True
2025,12,KC,00-0039067,R.Rice,WR,IND,30.3,Lock,0.0,False
2025,12,GB,00-0038996,T.Kraft,TE,MIN,30.0,Lock,0.0,False
2025,12,CAR,00-0040124,T.McMillan,WR,SF,29.6,Lock,1.0,True
2025,12,TEN,00-0039648,D.Martin-Robinson,TE,SEA,29.5,Lock,0.0,False
2025,12,DET,00-0036963,A.St. Brown,WR,NYG,29.5,Lock,1.0,True
2025,12,TEN,00-0040676,C.Ward,QB,SEA,29.4,Lock,1.0,True
2025,12,ATL,00-0037263,T.Allgeier,RB,NO,29.4,Lock,0.0,False
2025,12,NYJ,00-0036427,T.Johnson,WR,BAL,29.4,Lock,0.0,False
2025,12,CAR,00-0036555,C.Hubbard,RB,SF,29.3,Lean,0.0,False
2025,12,BUF,00-0037248,J.Cook,RB,HOU,29.3,Lean,1.0,True
2025,12,ARI,00-0033553,J.Conner,RB,JAX,29.2,Lean,0.0,False
2025,12,CAR,00-0039342,X.Legette,WR,SF,29.1,Lean,0.0,False
2025,12,DET,00-0035685,D.Montgomery,RB,NYG,29.1,Lean,0.0,False
2025,12,CLE,00-0040784,Q.Judkins,RB,LV,29.0,Lean,2.0,True
2025,12,NYG,00-0035250,D.Singletary,RB,DET,29.0,Lean,0.0,False
2025,12,KC,00-0030506,T.Kelce,TE,IND,28.9,Lean,0.0,False
2025,12,HOU,00-0037258,D.Pierce,RB,BUF,28.9,Lean,0.0,False
2025,12,SF,00-0037112,J.Tonges,TE,CAR,28.8,Lean,0.0,False
2025,12,TB,00-0037256,R.White,RB,LA,28.8,Lean,0.0,False
2025,12,KC,00-0033923,K.Hunt,RB,IND,28.6,Lean,1.0,True
2025,12,JAX,00-0040719,B.Tuten,RB,ARI,28.4,Lean,0.0,False
2025,12,PHI,00-0036912,D.Smith,WR,DAL,28.4,Lean,0.0,False
2025,12,HOU,00-0036554,N.Collins,WR,BUF,28.4,Lean,0.0,False
2025,12,BAL,00-0039792,D.Walker,WR,NYJ,28.3,Lean,0.0,False
2025,12,NE,00-0033090,H.Henry,TE,CIN,28.3,Lean,1.0,True
2025,12,NYG,00-0039337,M.Nabers,WR,DET,28.2,Lean,0.0,False
2025,12,LA,00-0031381,D.Adams,WR,TB,28.1,Lean,2.0,True
2025,12,ARI,00-0037157,Z.Knight,RB,JAX,28.1,Lean,1.0,True
2025,12,NYG,00-0035645,G.Olszewski,WR,DET,28.0,Lean,0.0,False
2025,12,PIT,00-0036862,B.Skowronek,WR,CHI,28.0,Lean,0.0,False
2025,12,NE,00-0038608,K.Boutte,WR,CIN,27.9,Lean,0.0,False
2025,12,NO,00-0037239,C.Olave,WR,ATL,27.8,Lean,0.0,False
2025,12,PHI,00-0036389,J.Hurts,QB,DAL,27.8,Lean,2.0,True
2025,12,TB,00-0040129,E.Egbuka,WR,LA,27.8,Lean,0.0,False
2025,12,NE,00-0031588,S.Diggs,WR,CIN,27.7,Lean,0.0,False
2025,12,PHI,00-0035676,A.Brown,WR,DAL,27.7,Lean,1.0,True
2025,12,SEA,00-0038134,K.Walker,RB,TEN,27.7,Lean,0.0,False
2025,12,CHI,00-0040236,K.Monangai,RB,PIT,27.6,Lean,1.0,True
2025,12,HOU,00-0034386,J.Watson,WR,BUF,27.6,Lean,0.0,False
2025,12,HOU,00-0034791,N.Chubb,RB,BUF,27.6,Lean,0.0,False
2025,12,IND,00-0033217,M.Alie-Cox,TE,KC,27.5,Lean,0.0,False
2025,12,NYJ,00-0036945,J.Fields,QB,BAL,27.5,Lean,0.0,False
2025,12,NE,00-0036328,A.Gibson,RB,CIN,27.4,Lean,0.0,False
2025,12,NO,00-0037545,R.Shaheed,WR,ATL,27.3,Lean,0.0,False
2025,12,GB,00-0038124,C.Watson,WR,MIN,27.3,Lean,0.0,False
2025,12,NYG,00-0038115,D.Bellinger,TE,DET,27.3,Lean,0.0,False
2025,12,CIN,00-0038619,A.Iosivas,WR,NE,27.2,Lean,0.0,False
2025,12,CIN,00-0035100,J.Browning,QB,NE,27.1,Lean,0.0,False
2025,12,NE,00-0038621,D.Douglas,WR,CIN,27.0,Lean,0.0,False
2025,12,TB,00-0034855,B.Mayfield,QB,LA,27.0,Lean,0.0,False
2025,12,NYJ,00-0040736,M.Taylor,TE,BAL,27.0,Lean,0.0,False
2025,12,SEA,00-0035891,C.White,WR,TEN,26.9,Lean,0.0,False
2025,12,NYJ,00-0037805,J.Ruckert,TE,BAL,26.9,Lean,0.0,False
2025,12,PHI,00-0036265,A.Dillon,RB,DAL,26.9,Lean,0.0,False
2025,12,LA,00-0039738,B.Corum,RB,TB,26.8,Lean,0.0,False
2025,12,PHI,00-0037741,J.Dotson,WR,DAL,26.7,Lean,0.0,False
2025,12,NO,00-0033906,A.Kamara,RB,ATL,26.6,Lean,0.0,False
2025,12,NYG,00-0035535,D.Slayton,WR,DET,26.6,Lean,0.0,False
2025,12,MIN,00-0038994,J.Addison,WR,GB,26.6,Lean,0.0,False
2025,12,CIN,00-0034613,T.Hudson,TE,NE,26.6,Lean,0.0,False
2025,12,CHI,00-0039919,R.Odunze,WR,PIT,26.5,Lean,0.0,False
2025,12,SEA,00-0037093,D.Young,WR,TEN,26.5,Lean,0.0,False
2025,12,NE,00-0032392,A.Hooper,TE,CIN,26.3,Lean,0.0,False
2025,12,PIT,00-0039739,R.Wilson,WR,CHI,26.3,Lean,0.0,False
2025,12,MIN,00-0037525,J.Mason,RB,GB,26.1,Lean,0.0,False
2025,12,MIN,00-0033293,A.Jones,RB,GB,26.0,Lean,0.0,False
2025,12,NYJ,00-0039798,I.Davis,RB,BAL,25.9,Lean,0.0,False
2025,12,BAL,00-0039796,R.Ali,RB,NYJ,25.8,Lean,0.0,False
2025,12,NE,00-0033555,M.Hollins,WR,CIN,25.8,Lean,0.0,False
2025,12,NO,00-0036040,J.Johnson,TE,ATL,25.8,Lean,0.0,False
2025,12,TB,00-0038951,S.Tucker,RB,LA,25.7,Lean,0.0,False
2025,12,BAL,00-0034796,L.Jackson,QB,NYJ,25.7,Lean,0.0,False
2025,12,SF,00-0036887,L.Farrell,TE,CAR,25.6,Lean,0.0,False
2025,12,NYG,00-0038117,W.Robinson,WR,DET,25.6,Lean,1.0,True
2025,12,CIN,00-0038839,M.Tinsley,WR,NE,25.6,Lean,1.0,True
2025,12,TEN,00-0040584,G.Helm,TE,SEA,25.5,Fringe,0.0,False
2025,12,NO,00-0033357,T.Hill,TE,ATL,25.5,Fringe,0.0,False
2025,12,SEA,00-0038543,J.Smith-Njigba,WR,TEN,25.5,Fringe,2.0,True
2025,12,CIN,00-0035631,D.Sample,TE,NE,25.4,Fringe,0.0,False
2025,12,CIN,00-0026158,J.Flacco,QB,NE,25.4,Fringe,0.0,False
2025,12,HOU,00-0039603,B.Brooks,RB,BUF,25.4,Fringe,0.0,False
2025,12,NYG,00-0035406,L.Humphrey,WR,DET,25.4,Fringe,0.0,False
2025,12,PIT,00-0037837,C.Austin,WR,CHI,25.3,Fringe,0.0,False
2025,12,LA,00-0036849,T.Atwell,WR,TB,25.3,Fringe,0.0,False
2025,12,MIN,00-0036322,J.Jefferson,WR,GB,25.3,Fringe,0.0,False
2025,12,GB,00-0037816,R.Doubs,WR,MIN,25.2,Fringe,0.0,False
2025,12,NYG,00-0039847,T.Johnson,TE,DET,25.2,Fringe,0.0,False
2025,12,CHI,00-0040126,C.Loveland,TE,PIT,25.2,Fringe,1.0,True
2025,12,CAR,00-0038840,B.Tremayne,WR,SF,25.1,Fringe,0.0,False
2025,12,TB,00-0031408,M.Evans,WR,LA,25.0,Fringe,0.0,False
2025,12,LV,00-0039338,B.Bowers,TE,CLE,25.0,Fringe,0.0,False
2025,12,DAL,00-0033077,D.Prescott,QB,PHI,24.9,Fringe,1.0,True
2025,12,PIT,00-0038558,D.Washington,TE,CHI,24.8,Fringe,0.0,False
2025,12,CLE,00-0038979,C.Tillman,WR,LV,24.8,Fringe,0.0,False
2025,12,NE,00-0039757,T.Jennings,RB,CIN,24.7,Fringe,0.0,False
2025,12,SF,00-0036259,J.Jennings,WR,CAR,24.7,Fringe,1.0,True
2025,12,CAR,00-0040218,Ji.Horn,WR,SF,24.7,Fringe,0.0,False
2025,12,DAL,00-0037247,G.Pickens,WR,PHI,24.6,Fringe,1.0,True
2025,12,TB,00-0040237,T.Johnson,WR,LA,24.6,Fringe,1.0,True
2025,12,DET,00-0037240,J.Williams,WR,NYG,24.6,Fringe,0.0,False
2025,12,ARI,00-0035228,K.Murray,QB,JAX,24.6,Fringe,0.0,False
2025,12,HOU,00-0036898,D.Mills,QB,BUF,24.6,Fringe,0.0,False
2025,12,HOU,00-0034419,B.Berrios,WR,BUF,24.5,Fringe,0.0,False
2025,12,CLE,00-0040466,R.Sanders,RB,LV,24.5,Fringe,0.0,False
2025,12,GB,00-0038465,M.Heath,WR,MIN,24.5,Fringe,0.0,False
2025,12,MIN,00-0037291,J.Nailor,WR,GB,24.5,Fringe,0.0,False
2025,12,NO,00-0037340,Z.Mitchell-Paden,TE,ATL,24.4,Fringe,0.0,False
2025,12,DAL,00-0038738,H.Luepke,RB,PHI,24.4,Fringe,0.0,False
2025,12,CAR,00-0034983,H.Renfrow,WR,SF,24.4,Fringe,0.0,False
2025,12,TEN,00-0035261,T.Pollard,RB,SEA,24.3,Fringe,0.0,False
2025,12,CAR,00-0033589,D.Moore,WR,SF,24.3,Fringe,0.0,False
2025,12,NYJ,00-0039890,A.Mitchell,WR,BAL,24.3,Fringe,0.0,False
2025,12,LA,00-0039075,P.Nacua,WR,TB,24.2,Fringe,0.0,False
2025,12,PIT,00-0036894,P.Freiermuth,TE,CHI,24.1,Fringe,1.0,True
2025,12,CHI,00-0039918,C.Williams,QB,PIT,24.1,Fringe,0.0,False
2025,12,CIN,00-0035644,N.Fant,TE,NE,24.1,Fringe,0.0,False
2025,12,CAR,00-0039491,J.Coker,WR,SF,24.1,Fringe,0.0,False
2025,12,IND,00-0035710,D.Jones,QB,KC,24.0,Fringe,0.0,False
2025,12,NYG,00-0040432,B.Collins,WR,DET,24.0,Fringe,0.0,False
2025,12,GB,00-0038128,M.Willis,QB,MIN,24.0,Fringe,0.0,False
2025,12,IND,00-0035021,A.Dulin,WR,KC,23.9,Fringe,0.0,False
2025,12,ARI,00-0036924,M.Carter,RB,JAX,23.9,Fringe,0.0,False
2025,12,TEN,00-0037809,C.Okonkwo,TE,SEA,23.9,Fringe,0.0,False
2025,12,PIT,00-0035298,S.Miller,WR,CHI,23.9,Fringe,0.0,False
2025,12,SEA,00-0033576,E.Saubert,TE,TEN,23.9,Fringe,0.0,False
2025,12,CIN,00-0034829,M.Gesicki,TE,NE,23.8,Fringe,0.0,False
2025,12,NYG,00-0036165,I.Hodgins,WR,DET,23.8,Fringe,1.0,True
2025,12,LV,00-0038563,T.Tucker,WR,CLE,23.8,Fringe,0.0,False
2025,12,ARI,00-0039041,E.Higgins,TE,JAX,23.6,Fringe,0.0,False
2025,12,SF,00-0039916,R.Pearsall,WR,CAR,23.5,Fringe,0.0,False
2025,12,CAR,00-0040644,T.Etienne,RB,SF,23.3,Fringe,0.0,False
2025,12,DAL,00-0036358,C.Lamb,WR,PHI,23.3,Fringe,0.0,False
2025,12,HOU,00-0033854,D.Ogunbowale,RB,BUF,23.3,Fringe,0.0,False
2025,12,TB,00-0033921,C.Godwin,WR,LA,23.1,Fringe,0.0,False
2025,12,IND,00-0036252,M.Pittman,WR,KC,23.0,Fringe,1.0,True
2025,12,SEA,00-0033908,C.Kupp,WR,TEN,23.0,Fringe,0.0,False
2025,12,HOU,00-0034775,C.Kirk,WR,BUF,22.9,Fringe,1.0,True
2025,12,DET,00-0040669,I.TeSlaa,WR,NYG,22.9,Fringe,0.0,False
2025,12,JAX,00-0038606,P.Washington,WR,ARI,22.9,Fringe,1.0,True
2025,12,PHI,00-0034351,D.Goedert,TE,DAL,22.8,Fringe,0.0,False
2025,12,KC,00-0038104,T.Thornton,WR,IND,22.8,Fringe,0.0,False
2025,12,NYJ,00-0037740,G.Wilson,WR,BAL,22.7,Fringe,0.0,False
2025,12,JAX,00-0036497,T.Jones,WR,ARI,22.6,Fringe,0.0,False
2025,12,SF,00-0033307,K.Bourne,WR,CAR,22.6,Fringe,0.0,False
2025,12,TB,00-0032385,S.Shepard,WR,LA,22.5,Fringe,0.0,False
2025,12,CAR,00-0036425,D.Dallas,RB,SF,22.5,Fringe,0.0,False
2025,12,KC,00-0036637,N.Gray,TE,IND,22.4,Fringe,0.0,False
2025,12,NE,00-0035628,D.Johnson,RB,CIN,22.4,Fringe,0.0,False
2025,12,HOU,00-0038618,X.Hutchinson,WR,BUF,22.4,Fringe,0.0,False
2025,12,KC,00-0038519,N.Remigio,WR,IND,22.3,Fringe,0.0,False
2025,12,CAR,00-0040187,M.Evans,TE,SF,22.3,Fringe,0.0,False
2025,12,LV,00-0034960,J.Meyers,WR,CLE,22.2,Fringe,1.0,True
2025,12,NO,00-0039376,S.Rattler,QB,ATL,22.2,Fringe,0.0,False
2025,12,IND,00-0038997,J.Downs,WR,KC,22.2,Fringe,0.0,False
2025,12,CHI,00-0040735,L.Burden,WR,PIT,22.2,Fringe,0.0,False
2025,12,CHI,00-0036290,C.Kmet,TE,PIT,22.2,Fringe,0.0,False
2025,12,CLE,00-0036407,J.Jeudy,WR,LV,22.1,Fringe,0.0,False
2025,12,PIT,00-0040142,K.Johnson,RB,CHI,22.1,Fringe,0.0,False
2025,12,NE,00-0040131,K.Williams,WR,CIN,22.0,Fringe,0.0,False
2025,12,KC,00-0033873,P.Mahomes,QB,IND,21.9,Fringe,0.0,False
2025,12,KC,00-0040078,B.Smith,RB,IND,21.8,Fringe,0.0,False
2025,12,TEN,00-0039032,T.Spears,RB,SEA,21.8,Fringe,0.0,False
2025,12,ATL,00-0036970,K.Pitts,TE,NO,21.8,Fringe,0.0,False
2025,12,TB,00-0038824,R.Miller,WR,LA,21.8,Fringe,0.0,False
2025,12,JAX,00-0034960,J.Meyers,WR,ARI,21.8,Fringe,1.0,True
2025,12,DAL,00-0038041,J.Ferguson,TE,PHI,21.7,Fringe,0.0,False
2025,12,CIN,00-0039631,C.Grandy,TE,NE,21.7,Fringe,0.0,False
2025,12,BAL,00-0039064,Z.Flowers,WR,NYJ,21.7,Fringe,0.0,False
2025,12,KC,00-0033857,J.Smith-Schuster,WR,IND,21.6,Fringe,0.0,False
2025,12,NE,00-0039851,D.Maye,QB,CIN,21.6,Fringe,0.0,False
2025,12,HOU,00-0040130,J.Higgins,WR,BUF,21.6,Fringe,1.0,True
2025,12,IND,00-0032104,A.Abdullah,RB,KC,21.6,Fringe,0.0,False
2025,12,NYJ,00-0034521,A.Lazard,WR,BAL,21.6,Fringe,0.0,False
2025,12,HOU,00-0034383,D.Schultz,TE,BUF,21.6,Fringe,0.0,False
2025,12,NO,00-0039424,D.Vele,WR,ATL,21.5,Fringe,0.0,False
2025,12,PHI,00-0037614,J.Metchie,WR,DAL,21.5,Fringe,1.0,True
2025,12,KC,00-0035662,M.Brown,WR,IND,21.5,Fringe,0.0,False
2025,12,CLE,00-0033885,D.Njoku,TE,LV,21.5,Fringe,0.0,False
2025,12,SEA,00-0039793,A.Barner,TE,TEN,21.4,Fringe,0.0,False
2025,12,SEA,00-0038752,J.Bobo,WR,TEN,21.4,Fringe,0.0,False
2025,12,CHI,00-0035208,O.Zaccheaus,WR,PIT,21.4,Fringe,0.0,False
2025,12,CLE,00-0040663,H.Fannin,TE,LV,21.3,Fringe,0.0,False
2025,12,SF,00-0037746,B.Robinson,RB,CAR,21.3,Fringe,0.0,False
2025,12,PIT,00-0033858,J.Smith,TE,CHI,21.3,Fringe,0.0,False
2025,12,NO,00-0036741,J.Stoll,TE,ATL,21.3,Fringe,0.0,False
2025,12,HOU,00-0040138,J.Noel,WR,BUF,21.2,Fringe,0.0,False
2025,12,NYG,00-0034407,R.McCloud,WR,DET,21.1,Fade,0.0,False
2025,12,CHI,00-0034827,D.Moore,WR,PIT,21.1,Fade,2.0,True
2025,12,CAR,00-0039356,J.Sanders,TE,SF,21.1,Fade,0.0,False
2025,12,NO,00-0040743,T.Shough,QB,ATL,21.1,Fade,0.0,False
2025,12,NYG,00-0031503,J.Winston,QB,DET,21.1,Fade,1.0,True
2025,12,IND,00-0040179,D.Giddens,RB,KC,21.1,Fade,0.0,False
2025,12,BAL,00-0038454,K.Mitchell,RB,NYJ,21.0,Fade,0.0,False
2025,12,CAR,00-0039150,B.Young,QB,SF,21.0,Fade,0.0,False
2025,12,TB,00-0039589,K.Johnson,WR,LA,21.0,Fade,0.0,False
2025,12,ARI,00-0035500,G.Dortch,WR,JAX,21.0,Fade,1.0,True
2025,12,SEA,00-0037545,R.Shaheed,WR,TEN,20.8,Fade,0.0,False
2025,12,ARI,00-0033119,J.Brissett,QB,JAX,20.8,Fade,0.0,False
2025,12,CAR,00-0037005,T.Tremble,TE,SF,20.7,Fade,0.0,False
2025,12,IND,00-0037292,A.Ogletree,TE,KC,20.7,Fade,1.0,True
2025,12,MIN,00-0035249,J.Oliver,TE,GB,20.7,Fade,0.0,False
2025,12,HOU,00-0038728,J.Wayne,WR,BUF,20.7,Fade,0.0,False
2025,12,KC,00-0038492,J.Brownlee,WR,IND,20.6,Fade,0.0,False
2025,12,PHI,00-0038496,X.Gipson,WR,DAL,20.6,Fade,0.0,False
2025,12,JAX,00-0038555,T.Bigsby,RB,ARI,20.6,Fade,0.0,False
2025,12,PHI,00-0039746,W.Shipley,RB,DAL,20.6,Fade,0.0,False
2025,12,IND,00-0037664,A.Pierce,WR,KC,20.6,Fade,0.0,False
2025,12,NO,00-0034981,F.Moreau,TE,ATL,20.5,Fade,0.0,False
2025,12,DAL,00-0037563,M.Davis,RB,PHI,20.5,Fade,0.0,False
2025,12,NYG,00-0038938,J.Hyatt,WR,DET,20.5,Fade,0.0,False
2025,12,BUF,00-0036196,G.Davis,WR,HOU,20.5,Fade,0.0,False
2025,12,LV,00-0032211,T.Lockett,WR,CLE,20.5,Fade,0.0,False
2025,12,SF,00-0032775,D.Robinson,WR,CAR,20.5,Fade,0.0,False
2025,12,DET,00-0032464,K.Raymond,WR,NYG,20.4,Fade,0.0,False
2025,12,HOU,00-0039458,B.Bates,TE,BUF,20.4,Fade,0.0,False
2025,12,CLE,00-0039920,M.Corley,WR,LV,20.4,Fade,0.0,False
2025,12,NO,00-0040202,D.Neal,RB,ATL,20.4,Fade,0.0,False
2025,12,JAX,00-0033375,T.Patrick,WR,ARI,20.4,Fade,0.0,False
2025,12,LV,00-0036423,A.Okwuegbunam,TE,CLE,20.4,Fade,0.0,False
2025,12,JAX,00-0036626,D.Brown,WR,ARI,20.3,Fade,0.0,False
2025,12,SF,00-0038090,S.Moore,WR,CAR,20.2,Fade,0.0,False
2025,12,TEN,00-0040705,C.Dike,WR,SEA,20.2,Fade,1.0,True
2025,12,MIN,00-0039923,J.McCarthy,QB,GB,20.2,Fade,0.0,False
2025,12,DET,00-0038896,J.Saylors,RB,NYG,20.2,Fade,0.0,False
2025,12,DAL,00-0040586,J.Blue,RB,PHI,20.2,Fade,0.0,False
2025,12,CLE,00-0040782,I.Bond,WR,LV,20.2,Fade,0.0,False
2025,12,SEA,00-0039299,G.Holani,RB,TEN,20.1,Fade,0.0,False
2025,12,NYJ,00-0037614,J.Metchie,WR,BAL,20.0,Fade,1.0,True
2025,12,NO,00-0038551,K.Miller,RB,ATL,20.0,Fade,0.0,False
2025,12,TEN,00-0036415,V.Jefferson,WR,SEA,20.0,Fade,0.0,False
2025,12,GB,00-0037091,B.Melton,WR,MIN,20.0,Fade,0.0,False
2025,12,SF,00-0040172,J.Watkins,WR,CAR,19.9,Fade,0.0,False
2025,12,PIT,00-0034771,M.Rudolph,QB,CHI,19.9,Fade,0.0,False
2025,12,NYG,00-0039384,T.Tracy,RB,DET,19.9,Fade,0.0,False
2025,12,ATL,00-0036309,D.Mooney,WR,NO,19.9,Fade,1.0,True
2025,12,LA,00-0036244,C.Parkinson,TE,TB,19.9,Fade,1.0,True
2025,12,LV,00-0039066,M.Mayer,TE,CLE,19.8,Fade,0.0,False
2025,12,NYG,00-0031484,C.Manhertz,TE,DET,19.8,Fade,0.0,False
2025,12,GB,00-0038589,J.Whyle,TE,MIN,19.7,Fade,0.0,False
2025,12,BAL,00-0036630,T.Wallace,WR,NYJ,19.6,Fade,0.0,False
2025,12,ARI,00-0033891,Z.Jones,WR,JAX,19.6,Fade,0.0,False
2025,12,BAL,00-0034753,M.Andrews,TE,NYJ,19.3,Fade,0.0,False
2025,12,BAL,00-0030564,D.Hopkins,WR,NYJ,19.3,Fade,0.0,False
2025,12,CAR,00-0037282,J.Mitchell,TE,SF,19.2,Fade,0.0,False
2025,12,NYG,00-0040691,J.Dart,QB,DET,19.2,Fade,0.0,False
2025,12,JAX,00-0040238,L.Allen,RB,ARI,19.2,Fade,0.0,False
2025,12,ARI,00-0039737,T.Reiman,TE,JAX,19.2,Fade,0.0,False
2025,12,TEN,00-0037594,J.Chestnut,RB,SEA,19.2,Fade,0.0,False
2025,12,TEN,00-0034837,C.Ridley,WR,SEA,19.1,Fade,0.0,False
2025,12,IND,00-0037120,T.Goodson,RB,KC,19.1,Fade,0.0,False
2025,12,NYJ,00-0033943,J.Reynolds,WR,BAL,19.1,Fade,0.0,False
2025,12,KC,00-0037197,I.Pacheco,RB,IND,19.1,Fade,0.0,False
2025,12,JAX,00-0036841,A.Trammell,WR,ARI,19.1,Fade,0.0,False
2025,12,BUF,00-0040194,J.Hawes,TE,HOU,19.1,Fade,0.0,False
2025,12,CHI,00-0036331,D.Duvernay,WR,PIT,19.0,Fade,0.0,False
2025,12,BAL,00-0034975,J.Hill,RB,NYJ,18.9,Fade,0.0,False
2025,12,GB,00-0040667,M.Golden,WR,MIN,18.9,Fade,0.0,False
2025,12,GB,00-0037306,J.FitzPatrick,TE,MIN,18.8,Fade,0.0,False
2025,12,JAX,00-0033246,J.Mundt,TE,ARI,18.7,Fade,0.0,False
2025,12,IND,00-0039890,A.Mitchell,WR,KC,18.7,Fade,0.0,False
2025,12,GB,00-0040009,S.Williams,WR,MIN,18.7,Fade,0.0,False
2025,12,LV,00-0040729,J.Bech,WR,CLE,18.7,Fade,0.0,False
2025,12,DAL,00-0039410,R.Flournoy,WR,PHI,18.7,Fade,0.0,False
2025,12,KC,00-0033757,R.Tonyan,TE,IND,18.7,Fade,0.0,False
2025,12,BUF,00-0035689,D.Knox,TE,HOU,18.6,Fade,0.0,False
2025,12,TB,00-0038129,C.Otton,TE,LA,18.5,Fade,0.0,False
2025,12,CLE,00-0040162,D.Sampson,RB,LV,18.5,Fade,1.0,True
2025,12,LA,00-0040737,T.Ferguson,TE,TB,18.4,Fade,0.0,False
2025,12,DAL,00-0037666,J.Tolbert,WR,PHI,18.4,Fade,0.0,False
2025,12,SF,00-0038643,B.Willis,TE,CAR,18.4,Fade,0.0,False
2025,12,ATL,00-0039394,Cas.Washington,WR,NO,18.3,Fade,0.0,False
2025,12,NYJ,00-0028118,T.Taylor,QB,BAL,18.3,Fade,0.0,False
2025,12,NYJ,00-0039451,I.Williams,WR,BAL,18.2,Fade,0.0,False
2025,12,GB,00-0038797,E.Wilson,RB,MIN,18.2,Fade,2.0,True
2025,12,GB,00-0038393,D.Wicks,WR,MIN,18.2,Fade,0.0,False
2025,12,ARI,00-0038559,Mi.Wilson,WR,JAX,18.2,Fade,0.0,False
2025,12,BUF,00-0039875,R.Davis,RB,HOU,18.1,Fade,0.0,False
2025,12,GB,00-0036264,J.Love,QB,MIN,18.1,Fade,0.0,False
2025,12,CHI,00-0037329,B.Brown,RB,PIT,18.0,Fade,0.0,False
2025,12,ATL,00-0034407,R.McCloud,WR,NO,18.0,Fade,0.0,False
2025,12,DAL,00-0037801,K.Turpin,WR,PHI,18.0,Fade,0.0,False
2025,12,ARI,00-0035876,A.Baccellia,WR,JAX,18.0,Fade,0.0,False
2025,12,SEA,00-0040739,E.Arroyo,TE,TEN,17.9,Fade,0.0,False
2025,12,LA,00-0039751,J.Whittington,WR,TB,17.8,Fade,0.0,False
2025,12,CHI,00-0034798,D.Smythe,TE,PIT,17.7,Fade,0.0,False
2025,12,MIN,00-0040154,T.Felton,WR,GB,17.7,Fade,0.0,False
2025,12,DET,00-0035567,C.Reynolds,RB,NYG,17.7,Fade,0.0,False
2025,12,ATL,00-0037238,D.London,WR,NO,17.6,Fade,0.0,False
2025,12,LA,00-0033110,T.Higbee,TE,TB,17.6,Fade,0.0,False
2025,12,SF,00-0034272,M.Valdes-Scantling,WR,CAR,17.6,Fade,0.0,False
2025,12,BUF,00-0033869,M.Trubisky,QB,HOU,17.6,Fade,0.0,False
2025,12,NE,00-0039305,J.Westover,TE,CIN,17.6,Fade,0.0,False
2025,12,MIN,00-0035229,T.Hockenson,TE,GB,17.6,Fade,0.0,False
2025,12,MIN,00-0032950,C.Wentz,QB,GB,17.6,Fade,0.0,False
2025,12,PIT,00-0023459,A.Rodgers,QB,CHI,17.5,Fade,0.0,False
2025,12,CLE,00-0037267,J.Ford,RB,LV,17.5,Fade,0.0,False
2025,12,LA,00-0026498,M.Stafford,QB,TB,17.4,Fade,0.0,False
2025,12,JAX,00-0036590,Q.Morris,TE,ARI,17.4,Fade,0.0,False
2025,12,MIN,00-0038440,Z.Scott,RB,GB,17.3,Fade,0.0,False
2025,12,BUF,00-0037261,K.Shakir,WR,HOU,17.3,Fade,0.0,False
2025,12,JAX,00-0038935,B.Strange,TE,ARI,17.3,Fade,0.0,False
2025,12,ATL,00-0036429,C.Woerner,TE,NO,17.2,Fade,0.0,False
2025,12,TB,00-0031237,T.Bridgewater,QB,LA,17.2,Fade,0.0,False
2025,12,GB,00-0039144,L.Musgrave,TE,MIN,17.1,Fade,0.0,False
2025,12,LA,00-0039074,D.Allen,TE,TB,17.1,Fade,0.0,False
2025,12,NYJ,00-0040582,A.Smith,WR,BAL,17.1,Fade,0.0,False
2025,12,DET,00-0039065,S.LaPorta,TE,NYG,17.1,Fade,0.0,False
2025,12,LV,00-0040581,D.Thornton,WR,CLE,17.0,Fade,0.0,False
2025,12,BUF,00-0036988,J.Palmer,WR,HOU,16.9,Fade,0.0,False
2025,12,KC,00-0039894,X.Worthy,WR,IND,16.9,Fade,0.0,False
2025,12,ATL,00-0040547,N.Carter,RB,NO,16.8,Fade,0.0,False
2025,12,HOU,00-0039359,C.Stover,TE,BUF,16.7,Fade,0.0,False
2025,12,IND,00-0040476,U.Bentley,RB,KC,16.7,Fade,0.0,False
2025,12,DET,00-0033106,J.Goff,QB,NYG,16.6,Fade,0.0,False
2025,12,ATL,00-0036825,F.Franks,TE,NO,16.6,Fade,0.0,False
2025,12,IND,00-0039164,A.Richardson,QB,KC,16.6,Fade,0.0,False
2025,12,ATL,00-0035359,D.Sills,WR,NO,16.6,Fade,1.0,True
2025,12,JAX,00-0036971,T.Lawrence,QB,ARI,16.6,Fade,0.0,False
2025,12,LA,00-0038359,X.Smith,WR,TB,16.4,Fade,0.0,False
2025,12,NO,00-0037231,K.Austin,WR,ATL,16.4,Fade,0.0,False
2025,12,LV,00-0035602,A.Bachman,WR,CLE,16.3,Fade,0.0,False
2025,12,LA,00-0040590,K.Mumpfield,WR,TB,16.3,Fade,0.0,False
2025,12,ARI,00-0039921,T.Benson,RB,JAX,16.3,Fade,0.0,False
2025,12,LV,00-0034365,I.Thomas,TE,CLE,16.3,Fade,0.0,False
2025,12,IND,00-0040206,R.Leonard,QB,KC,16.3,Fade,0.0,False
2025,12,BUF,00-0039901,K.Coleman,WR,HOU,16.3,Fade,0.0,False
2025,12,ATL,00-0034854,K.Hodge,WR,NO,16.2,Fade,0.0,False
2025,12,DET,00-0039364,S.Vaki,RB,NYG,16.1,Fade,0.0,False
2025,12,TEN,00-0039650,B.Oliver,WR,SEA,16.1,Fade,0.0,False
2025,12,CLE,00-0040259,G.Larvadain,WR,LV,15.9,Fade,0.0,False
2025,12,MIN,00-0030035,A.Thielen,WR,GB,15.8,Fade,0.0,False
2025,12,PHI,00-0037086,G.Calcaterra,TE,DAL,15.6,Fade,0.0,False
2025,12,TB,00-0040429,J.Williams,RB,LA,15.6,Fade,0.0,False
2025,12,ARI,00-0039521,X.Weaver,WR,JAX,15.6,Fade,0.0,False
2025,12,BUF,00-0035537,Ty.Johnson,RB,HOU,15.5,Fade,0.0,False
2025,12,GB,00-0039146,J.Reed,WR,MIN,15.4,Fade,0.0,False
2025,12,BAL,00-0038046,C.Kolar,TE,NYJ,15.4,Fade,0.0,False
2025,12,DAL,00-0038547,L.Schoonmaker,TE,PHI,15.0,Fade,0.0,False
2025,12,IND,00-0039816,A.Gould,WR,KC,15.0,Fade,0.0,False
2025,12,ATL,00-0039917,M.Penix,QB,NO,15.0,Fade,0.0,False
2025,12,BUF,00-0038679,T.Shavers,WR,HOU,15.0,Fade,0.0,False
2025,12,CAR,00-0027973,A.Dalton,QB,SF,14.9,Fade,0.0,False
2025,12,SEA,00-0034869,S.Darnold,QB,TEN,14.9,Fade,0.0,False
2025,12,SF,00-0034867,M.Turner,WR,CAR,14.7,Fade,0.0,False
2025,12,BUF,00-0038933,D.Kincaid,TE,HOU,14.7,Fade,0.0,False
2025,12,ARI,00-0038705,E.Demercado,RB,JAX,14.7,Fade,0.0,False
2025,12,SEA,00-0040067,J.Wright,RB,TEN,14.6,Fade,0.0,False
2025,12,BAL,00-0037838,I.Likely,TE,NYJ,14.6,Fade,0.0,False
2025,12,LV,00-0031687,R.Mostert,RB,CLE,14.6,Fade,0.0,False
2025,12,ARI,00-0039849,M.Harrison,WR,JAX,14.6,Fade,0.0,False
2025,12,BUF,00-0036187,R.Gilliam,RB,HOU,14.2,Fade,0.0,False
2025,12,KC,00-0036360,C.Edwards-Helaire,RB,IND,14.2,Fade,0.0,False
2025,12,SEA,00-0040058,N.Kallerup,TE,TEN,14.1,Fade,0.0,False
2025,12,SEA,00-0040648,T.Horton,WR,TEN,14.1,Fade,0.0,False
2025,12,HOU,00-0036232,H.Bryant,TE,BUF,14.1,Fade,0.0,False
2025,12,TEN,00-0036176,M.Kinsey,WR,SEA,14.1,Fade,0.0,False
2025,12,LA,00-0031345,J.Garoppolo,QB,TB,14.1,Fade,0.0,False
2025,12,BAL,00-0033662,C.Rush,QB,NYJ,14.1,Fade,0.0,False
2025,12,CIN,00-0040208,T.Brooks,RB,NE,14.0,Fade,0.0,False
2025,12,DET,00-0034577,K.Allen,QB,NYG,13.8,Fade,0.0,False
2025,12,PHI,00-0036876,K.Granson,TE,DAL,13.7,Fade,0.0,False
2025,12,ARI,00-0035628,D.Johnson,RB,JAX,13.7,Fade,0.0,False
2025,12,PHI,00-0038400,T.McKee,QB,DAL,13.7,Fade,0.0,False
2025,12,SF,00-0037834,B.Purdy,QB,CAR,13.6,Fade,0.0,False
2025,12,BUF,00-0036980,E.Moore,WR,HOU,13.5,Fade,0.0,False
2025,12,CLE,00-0038710,B.Whiteheart,TE,LV,13.4,Fade,0.0,False
2025,12,DAL,00-0039530,B.Spann-Ford,TE,PHI,13.3,Fade,1.0,True
2025,12,MIN,00-0036414,C.Akers,RB,GB,13.2,Fade,0.0,False
2025,12,CHI,00-0038416,T.Bagent,QB,PIT,13.2,Fade,0.0,False
2025,12,TEN,00-0032211,T.Lockett,WR,SEA,13.1,Fade,0.0,False
2025,12,BUF,00-0040363,K.Latu,TE,HOU,13.1,Fade,0.0,False
2025,12,GB,00-0038685,C.Brooks,RB,MIN,13.0,Fade,0.0,False
2025,12,CIN,00-0033526,S.Perine,RB,NE,12.9,Fade,0.0,False
2025,12,LV,00-0040488,C.Runyon,TE,CLE,12.9,Fade,0.0,False
2025,12,CLE,00-0026158,J.Flacco,QB,LV,12.9,Fade,0.0,False
2025,12,TB,00-0039050,P.Durham,TE,LA,12.8,Fade,0.0,False
2025,12,KC,00-0036567,E.Mitchell,RB,IND,12.8,Fade,0.0,False
2025,12,CIN,00-0039266,K.Milton,RB,NE,12.7,Fade,0.0,False
2025,12,BAL,00-0037340,Z.Mitchell-Paden,TE,NYJ,12.6,Fade,0.0,False
2025,12,BAL,00-0033376,P.Ricard,RB,NYJ,12.5,Fade,0.0,False
2025,12,NE,00-0033949,J.Dobbs,QB,CIN,12.4,Fade,0.0,False
2025,12,MIN,00-0040509,B.Yurosek,TE,GB,12.3,Fade,0.0,False
2025,12,KC,00-0035289,G.Minshew,QB,IND,12.3,Fade,0.0,False
2025,12,DET,00-0036754,B.Wright,TE,NYG,12.2,Fade,0.0,False
2025,12,MIN,00-0040494,M.Brosmer,QB,GB,12.1,Fade,0.0,False
2025,12,ATL,00-0029604,K.Cousins,QB,NO,12.1,Fade,0.0,False
2025,12,LV,00-0030565,G.Smith,QB,CLE,12.1,Fade,0.0,False
2025,12,SF,00-0036972,M.Jones,QB,CAR,11.7,Fade,0.0,False
2025,12,BAL,00-0036550,R.Bateman,WR,NYJ,11.6,Fade,0.0,False
2025,12,CLE,00-0040668,S.Sanders,QB,LV,11.4,Fade,0.0,False
2025,12,JAX,00-0037004,H.Long,TE,ARI,11.4,Fade,0.0,False
2025,12,SEA,00-0040673,J.Milroe,QB,TEN,11.2,Fade,0.0,False
2025,12,TEN,00-0040170,E.Ayomanor,WR,SEA,11.1,Fade,0.0,False
2025,12,CLE,00-0040704,D.Gabriel,QB,LV,11.0,Fade,0.0,False
2025,12,BUF,00-0033282,C.Samuel,WR,HOU,10.7,Fade,0.0,False
2025,12,HOU,00-0039163,C.Stroud,QB,BUF,10.6,Fade,0.0,False
2025,12,JAX,00-0039893,B.Thomas,WR,ARI,10.5,Fade,0.0,False
2025,12,LV,00-0038040,Z.White,RB,CLE,10.5,Fade,0.0,False
2025,12,LV,00-0039407,D.Laube,RB,CLE,10.3,Fade,0.0,False
2025,12,SEA,00-0035704,D.Lock,QB,TEN,9.8,Fade,0.0,False
2025,12,CHI,00-0039021,R.Johnson,RB,PIT,9.3,Fade,0.0,False
2025,12,CLE,00-0039379,J.Thrash,WR,LV,9.0,Fade,0.0,False
2025,12,SF,00-0038658,A.Martinez,QB,CAR,8.8,Fade,0.0,False
2025,12,LV,00-0038102,K.Pickett,QB,CLE,8.3,Fade,0.0,False
2025,12,NO,00-0031236,B.Cooks,WR,ATL,8.3,Fade,0.0,False
2025,12,DET,00-0034073,R.Dwelley,TE,NYG,8.2,Fade,0.0,False
2025,12,CIN,00-0036442,J.Burrow,QB,NE,5.1,Fade,0.0,False
2025,12,BUF,00-0035140,M.Hardman,WR,HOU,4.2,Fade,0.0,False
2025,12,CHI,00-0035594,T.Homer,RB,PIT,3.0,Fade,0.0,False
2025,13,GB,00-0035700,J.Jacobs,RB,DET,43.3,Lock,0.0,False
2025,13,NE,00-0036875,R.Stevenson,RB,NYG,41.7,Lock,0.0,False
2025,13,LV,00-0040122,A.Jeanty,RB,LAC,41.4,Lock,0.0,False
2025,13,BAL,00-0032764,D.Henry,RB,CIN,41.1,Lock,1.0,True
2025,13,TB,00-0039361,B.Irving,RB,ARI,40.8,Lock,1.0,True
2025,13,NYJ,00-0039794,B.Allen,RB,ATL,39.7,Lock,0.0,False
2025,13,DAL,00-0036997,J.Williams,RB,KC,39.6,Lock,1.0,True
2025,13,SF,00-0033280,C.McCaffrey,RB,CLE,38.9,Lock,1.0,True
2025,13,KC,00-0039067,R.Rice,WR,DAL,38.0,Lock,2.0,True
2025,13,PIT,00-0037228,J.Warren,RB,BUF,38.0,Lock,1.0,True
2025,13,KC,00-0037197,I.Pacheco,RB,DAL,37.9,Lock,0.0,False
2025,13,IND,00-0036223,J.Taylor,RB,HOU,37.3,Lock,0.0,False
2025,13,ATL,00-0038542,B.Robinson,RB,NYJ,37.1,Lock,1.0,True
2025,13,KC,00-0033923,K.Hunt,RB,DAL,36.5,Lock,0.0,False
2025,13,DET,00-0039139,J.Gibbs,RB,GB,36.1,Lock,0.0,False
2025,13,CLE,00-0040784,Q.Judkins,RB,SF,36.0,Lock,0.0,False
2025,13,PHI,00-0034844,S.Barkley,RB,CHI,35.7,Lock,0.0,False
2025,13,NYG,00-0029263,R.Wilson,QB,NE,35.7,Lock,0.0,False
2025,13,CIN,00-0038597,C.Brown,RB,BAL,35.7,Lock,0.0,False
2025,13,NYJ,00-0038120,B.Hall,RB,ATL,35.6,Lock,1.0,True
2025,13,NE,00-0040734,T.Henderson,RB,NYG,35.5,Lock,0.0,False
2025,13,JAX,00-0036973,T.Etienne,RB,TEN,35.4,Lock,0.0,False
2025,13,NYG,00-0040715,C.Skattebo,RB,NE,35.3,Lock,0.0,False
2025,13,ARI,00-0033553,J.Conner,RB,TB,35.3,Lock,0.0,False
2025,13,NYG,00-0040691,J.Dart,QB,NE,35.2,Lock,0.0,False
2025,13,MIA,00-0039040,D.Achane,RB,NO,34.5,Lock,1.0,True
2025,13,DEN,00-0039868,T.Franklin,WR,WAS,34.5,Lock,0.0,False
2025,13,GB,00-0038996,T.Kraft,TE,DET,34.0,Lock,0.0,False
2025,13,BAL,00-0039796,R.Ali,RB,CIN,33.8,Lock,0.0,False
2025,13,CHI,00-0036275,D.Swift,RB,PHI,33.5,Lock,1.0,True
2025,13,PIT,00-0036919,K.Gainwell,RB,BUF,33.5,Lock,0.0,False
2025,13,NO,00-0039623,M.Tipton,WR,MIA,33.3,Lock,0.0,False
2025,13,CAR,00-0036139,R.Dowdle,RB,LA,33.3,Lock,0.0,False
2025,13,DAL,00-0035243,M.Sanders,RB,KC,33.1,Lock,0.0,False
2025,13,DAL,00-0038041,J.Ferguson,TE,KC,32.9,Lock,0.0,False
2025,13,BAL,00-0039792,D.Walker,WR,CIN,32.6,Lock,0.0,False
2025,13,PHI,00-0038555,T.Bigsby,RB,CHI,32.5,Lock,0.0,False
2025,13,BAL,00-0035993,T.Huntley,QB,CIN,32.3,Lock,0.0,False
2025,13,NO,00-0033357,T.Hill,TE,MIA,32.3,Lock,0.0,False
2025,13,DEN,00-0036158,J.Dobbins,RB,WAS,32.2,Lock,0.0,False
2025,13,BUF,00-0037248,J.Cook,RB,PIT,32.0,Lock,0.0,False
2025,13,CHI,00-0040236,K.Monangai,RB,PHI,31.9,Lock,1.0,True
2025,13,CIN,00-0036900,J.Chase,WR,BAL,31.5,Lock,0.0,False
2025,13,CIN,00-0038839,M.Tinsley,WR,BAL,30.9,Lock,0.0,False
2025,13,NYJ,00-0036427,T.Johnson,WR,ATL,30.8,Lock,0.0,False
2025,13,ARI,00-0036924,M.Carter,RB,TB,30.5,Lock,0.0,False
2025,13,LA,00-0037840,K.Williams,RB,CAR,30.4,Lock,1.0,True
2025,13,HOU,00-0040583,W.Marks,RB,IND,30.2,Lock,0.0,False
2025,13,ARI,00-0037157,Z.Knight,RB,TB,30.2,Lock,1.0,True
2025,13,NYJ,00-0036945,J.Fields,QB,ATL,30.0,Lock,0.0,False
2025,13,MIA,00-0036613,J.Waddle,WR,NO,29.7,Lock,0.0,False
2025,13,PHI,00-0036389,J.Hurts,QB,CHI,29.5,Lock,0.0,False
2025,13,LA,00-0036244,C.Parkinson,TE,CAR,29.4,Lock,0.0,False
2025,13,KC,00-0038519,N.Remigio,WR,DAL,29.2,Lean,0.0,False
2025,13,KC,00-0038104,T.Thornton,WR,DAL,29.2,Lean,0.0,False
2025,13,LAC,00-0038544,Q.Johnston,WR,LV,29.1,Lean,1.0,True
2025,13,NYJ,00-0039890,A.Mitchell,WR,ATL,29.0,Lean,1.0,True
2025,13,WAS,00-0038611,C.Rodriguez,RB,DEN,29.0,Lean,1.0,True
2025,13,MIA,00-0031610,D.Waller,TE,NO,29.0,Lean,0.0,False
2025,13,NO,00-0040743,T.Shough,QB,MIA,28.7,Lean,0.0,False
2025,13,LV,00-0039338,B.Bowers,TE,LAC,28.7,Lean,2.0,True
2025,13,DET,00-0036963,A.St. Brown,WR,GB,28.7,Lean,0.0,False
2025,13,LA,00-0031381,D.Adams,WR,CAR,28.6,Lean,2.0,True
2025,13,BAL,00-0034753,M.Andrews,TE,CIN,28.6,Lean,0.0,False
2025,13,CHI,00-0039918,C.Williams,QB,PHI,28.5,Lean,0.0,False
2025,13,NYG,00-0031503,J.Winston,QB,NE,28.4,Lean,0.0,False
2025,13,BAL,00-0038454,K.Mitchell,RB,CIN,28.4,Lean,1.0,True
2025,13,JAX,00-0040719,B.Tuten,RB,TEN,28.2,Lean,1.0,True
2025,13,KC,00-0033857,J.Smith-Schuster,WR,DAL,28.1,Lean,0.0,False
2025,13,SEA,00-0038543,J.Smith-Njigba,WR,MIN,28.1,Lean,0.0,False
2025,13,KC,00-0035662,M.Brown,WR,DAL,28.1,Lean,1.0,True
2025,13,TB,00-0037256,R.White,RB,ARI,27.9,Lean,0.0,False
2025,13,TEN,00-0039648,D.Martin-Robinson,TE,JAX,27.8,Lean,0.0,False
2025,13,KC,00-0040078,B.Smith,RB,DAL,27.8,Lean,0.0,False
2025,13,NYG,00-0038115,D.Bellinger,TE,NE,27.8,Lean,0.0,False
2025,13,NYG,00-0039847,T.Johnson,TE,NE,27.8,Lean,0.0,False
2025,13,CIN,00-0034613,T.Hudson,TE,BAL,27.8,Lean,1.0,True
2025,13,MIN,00-0035229,T.Hockenson,TE,SEA,27.7,Lean,0.0,False
2025,13,JAX,00-0034960,J.Meyers,WR,TEN,27.6,Lean,1.0,True
2025,13,NYG,00-0039337,M.Nabers,WR,NE,27.6,Lean,0.0,False
2025,13,NO,00-0036040,J.Johnson,TE,MIA,27.6,Lean,0.0,False
2025,13,KC,00-0038492,J.Brownlee,WR,DAL,27.5,Lean,0.0,False
2025,13,JAX,00-0038606,P.Washington,WR,TEN,27.5,Lean,0.0,False
2025,13,NYG,00-0035645,G.Olszewski,WR,NE,27.4,Lean,0.0,False
2025,13,DEN,00-0036959,M.Bandy,WR,WAS,27.3,Lean,0.0,False
2025,13,NYG,00-0036165,I.Hodgins,WR,NE,27.3,Lean,0.0,False
2025,13,DEN,00-0034348,C.Sutton,WR,WAS,27.2,Lean,1.0,True
2025,13,CLE,00-0040466,R.Sanders,RB,SF,27.2,Lean,0.0,False
2025,13,MIN,00-0037525,J.Mason,RB,SEA,27.1,Lean,0.0,False
2025,13,BAL,00-0039064,Z.Flowers,WR,CIN,27.1,Lean,0.0,False
2025,13,NE,00-0036328,A.Gibson,RB,NYG,27.0,Lean,0.0,False
2025,13,MIN,00-0035249,J.Oliver,TE,SEA,26.9,Lean,0.0,False
2025,13,TEN,00-0040676,C.Ward,QB,JAX,26.8,Lean,0.0,False
2025,13,NO,00-0037340,Z.Mitchell-Paden,TE,MIA,26.8,Lean,0.0,False
2025,13,BAL,00-0036550,R.Bateman,WR,CIN,26.7,Lean,0.0,False
2025,13,CIN,00-0033526,S.Perine,RB,BAL,26.6,Lean,0.0,False
2025,13,NE,00-0038608,K.Boutte,WR,NYG,26.5,Lean,1.0,True
2025,13,HOU,00-0034383,D.Schultz,TE,IND,26.5,Lean,0.0,False
2025,13,SEA,00-0035891,C.White,WR,MIN,26.5,Lean,0.0,False
2025,13,WAS,00-0040242,J.Croskey-Merritt,RB,DEN,26.4,Lean,0.0,False
2025,13,DAL,00-0037247,G.Pickens,WR,KC,26.4,Lean,0.0,False
2025,13,BAL,00-0038046,C.Kolar,TE,CIN,26.4,Lean,0.0,False
2025,13,ATL,00-0037263,T.Allgeier,RB,NYJ,26.3,Lean,1.0,True
2025,13,JAX,00-0036497,T.Jones,WR,TEN,26.3,Lean,0.0,False
2025,13,NE,00-0038621,D.Douglas,WR,NYG,26.2,Lean,0.0,False
2025,13,IND,00-0035710,D.Jones,QB,HOU,26.2,Lean,0.0,False
2025,13,NYJ,00-0037614,J.Metchie,WR,ATL,26.2,Lean,0.0,False
2025,13,LAC,00-0039391,K.Vidal,RB,LV,26.2,Lean,1.0,True
2025,13,NE,00-0031588,S.Diggs,WR,NYG,26.2,Lean,0.0,False
2025,13,DEN,00-0040134,P.Bryant,WR,WAS,26.1,Lean,0.0,False
2025,13,KC,00-0039894,X.Worthy,WR,DAL,26.0,Lean,0.0,False
2025,13,CIN,00-0035631,D.Sample,TE,BAL,26.0,Lean,0.0,False
2025,13,SEA,00-0037093,D.Young,WR,MIN,26.0,Lean,0.0,False
2025,13,CIN,00-0035644,N.Fant,TE,BAL,25.9,Lean,0.0,False
2025,13,NE,00-0039757,T.Jennings,RB,NYG,25.9,Lean,0.0,False
2025,13,WAS,00-0030061,Z.Ertz,TE,DEN,25.8,Lean,0.0,False
2025,13,HOU,00-0034386,J.Watson,WR,IND,25.8,Lean,0.0,False
2025,13,NYG,00-0035535,D.Slayton,WR,NE,25.8,Lean,1.0,True
2025,13,SEA,00-0040648,T.Horton,WR,MIN,25.8,Lean,0.0,False
2025,13,HOU,00-0036554,N.Collins,WR,IND,25.7,Lean,1.0,True
2025,13,ARI,00-0037744,T.McBride,TE,TB,25.7,Lean,1.0,True
2025,13,GB,00-0038124,C.Watson,WR,DET,25.6,Lean,1.0,True
2025,13,SEA,00-0033576,E.Saubert,TE,MIN,25.6,Lean,0.0,False
2025,13,CAR,00-0036555,C.Hubbard,RB,LA,25.5,Lean,1.0,True
2025,13,CIN,00-0034829,M.Gesicki,TE,BAL,25.4,Lean,0.0,False
2025,13,GB,00-0037816,R.Doubs,WR,DET,25.4,Lean,1.0,True
2025,13,MIN,00-0032950,C.Wentz,QB,SEA,25.3,Lean,0.0,False
2025,13,TB,00-0038951,S.Tucker,RB,ARI,25.1,Lean,0.0,False
2025,13,PIT,00-0035640,D.Metcalf,WR,BUF,25.1,Lean,0.0,False
2025,13,LA,00-0033110,T.Higbee,TE,CAR,25.1,Lean,0.0,False
2025,13,SEA,00-0039165,Z.Charbonnet,RB,MIN,25.1,Lean,1.0,True
2025,13,NYG,00-0038117,W.Robinson,WR,NE,25.0,Fringe,0.0,False
2025,13,CAR,00-0039150,B.Young,QB,LA,25.0,Fringe,0.0,False
2025,13,ARI,00-0035228,K.Murray,QB,TB,25.0,Fringe,0.0,False
2025,13,GB,00-0038797,E.Wilson,RB,DET,24.9,Fringe,0.0,False
2025,13,NO,00-0039376,S.Rattler,QB,MIA,24.9,Fringe,0.0,False
2025,13,TB,00-0040129,E.Egbuka,WR,ARI,24.9,Fringe,0.0,False
2025,13,JAX,00-0036626,D.Brown,WR,TEN,24.9,Fringe,0.0,False
2025,13,PHI,00-0035676,A.Brown,WR,CHI,24.8,Fringe,2.0,True
2025,13,NYG,00-0035406,L.Humphrey,WR,NE,24.8,Fringe,0.0,False
2025,13,TB,00-0040237,T.Johnson,WR,ARI,24.8,Fringe,0.0,False
2025,13,KC,00-0030506,T.Kelce,TE,DAL,24.8,Fringe,1.0,True
2025,13,BAL,00-0030564,D.Hopkins,WR,CIN,24.7,Fringe,0.0,False
2025,13,PHI,00-0036265,A.Dillon,RB,CHI,24.7,Fringe,0.0,False
2025,13,GB,00-0038465,M.Heath,WR,DET,24.6,Fringe,0.0,False
2025,13,DAL,00-0036358,C.Lamb,WR,KC,24.6,Fringe,1.0,True
2025,13,MIN,00-0038994,J.Addison,WR,SEA,24.6,Fringe,0.0,False
2025,13,MIN,00-0033293,A.Jones,RB,SEA,24.6,Fringe,0.0,False
2025,13,LA,00-0036849,T.Atwell,WR,CAR,24.6,Fringe,0.0,False
2025,13,LA,00-0040737,T.Ferguson,TE,CAR,24.6,Fringe,0.0,False
2025,13,TEN,00-0035261,T.Pollard,RB,JAX,24.6,Fringe,0.0,False
2025,13,NO,00-0037545,R.Shaheed,WR,MIA,24.4,Fringe,0.0,False
2025,13,DEN,00-0040730,R.Harvey,RB,WAS,24.4,Fringe,2.0,True
2025,13,DAL,00-0039530,B.Spann-Ford,TE,KC,24.4,Fringe,0.0,False
2025,13,BAL,00-0034796,L.Jackson,QB,CIN,24.4,Fringe,0.0,False
2025,13,BAL,00-0037838,I.Likely,TE,CIN,24.4,Fringe,0.0,False
2025,13,LA,00-0039074,D.Allen,TE,CAR,24.3,Fringe,0.0,False
2025,13,SEA,00-0038134,K.Walker,RB,MIN,24.3,Fringe,0.0,False
2025,13,WAS,00-0035719,D.Samuel,WR,DEN,24.2,Fringe,0.0,False
2025,13,BAL,00-0036630,T.Wallace,WR,CIN,24.2,Fringe,0.0,False
2025,13,NYJ,00-0037740,G.Wilson,WR,ATL,24.2,Fringe,0.0,False
2025,13,DEN,00-0034487,T.Sherfield,WR,WAS,24.1,Fringe,0.0,False
2025,13,NE,00-0033555,M.Hollins,WR,NYG,24.1,Fringe,0.0,False
2025,13,DAL,00-0038547,L.Schoonmaker,TE,KC,24.0,Fringe,0.0,False
2025,13,NO,00-0040202,D.Neal,RB,MIA,24.0,Fringe,0.0,False
2025,13,NE,00-0039851,D.Maye,QB,NYG,24.0,Fringe,0.0,False
2025,13,NYG,00-0035250,D.Singletary,RB,NE,23.9,Fringe,1.0,True
2025,13,KC,00-0033873,P.Mahomes,QB,DAL,23.9,Fringe,0.0,False
2025,13,LA,00-0039075,P.Nacua,WR,CAR,23.9,Fringe,0.0,False
2025,13,MIA,00-0039880,M.Washington,WR,NO,23.9,Fringe,0.0,False
2025,13,NO,00-0038551,K.Miller,RB,MIA,23.9,Fringe,0.0,False
2025,13,PHI,00-0036912,D.Smith,WR,CHI,23.8,Fringe,0.0,False
2025,13,LAC,00-0040666,O.Hampton,RB,LV,23.8,Fringe,0.0,False
2025,13,DEN,00-0033881,E.Engram,TE,WAS,23.8,Fringe,0.0,False
2025,13,DEN,00-0039732,B.Nix,QB,WAS,23.7,Fringe,0.0,False
2025,13,LV,00-0036423,A.Okwuegbunam,TE,LAC,23.7,Fringe,0.0,False
2025,13,CHI,00-0039919,R.Odunze,WR,PHI,23.7,Fringe,0.0,False
2025,13,WAS,00-0035659,T.McLaurin,WR,DEN,23.7,Fringe,1.0,True
2025,13,MIA,00-0033040,T.Hill,WR,NO,23.6,Fringe,0.0,False
2025,13,WAS,00-0039912,B.Sinnott,TE,DEN,23.6,Fringe,0.0,False
2025,13,CIN,00-0039631,C.Grandy,TE,BAL,23.6,Fringe,0.0,False
2025,13,JAX,00-0039893,B.Thomas,WR,TEN,23.6,Fringe,0.0,False
2025,13,WAS,00-0033699,A.Ekeler,RB,DEN,23.5,Fringe,0.0,False
2025,13,TEN,00-0039032,T.Spears,RB,JAX,23.5,Fringe,0.0,False
2025,13,TEN,00-0040584,G.Helm,TE,JAX,23.5,Fringe,0.0,False
2025,13,BUF,00-0039875,R.Davis,RB,PIT,23.5,Fringe,0.0,False
2025,13,MIN,00-0036322,J.Jefferson,WR,SEA,23.5,Fringe,0.0,False
2025,13,NYG,00-0040432,B.Collins,WR,NE,23.4,Fringe,0.0,False
2025,13,NO,00-0036741,J.Stoll,TE,MIA,23.4,Fringe,0.0,False
2025,13,CLE,00-0038979,C.Tillman,WR,SF,23.3,Fringe,0.0,False
2025,13,ARI,00-0039849,M.Harrison,WR,TB,23.3,Fringe,0.0,False
2025,13,BUF,00-0037261,K.Shakir,WR,PIT,23.3,Fringe,0.0,False
2025,13,BUF,00-0034857,J.Allen,QB,PIT,23.3,Fringe,1.0,True
2025,13,LV,00-0031687,R.Mostert,RB,LAC,23.2,Fringe,0.0,False
2025,13,BAL,00-0037340,Z.Mitchell-Paden,TE,CIN,23.1,Fringe,0.0,False
2025,13,DEN,00-0038976,M.Mims,WR,WAS,23.1,Fringe,0.0,False
2025,13,DEN,00-0036422,A.Trautman,TE,WAS,23.0,Fringe,0.0,False
2025,13,HOU,00-0034419,B.Berrios,WR,IND,23.0,Fringe,0.0,False
2025,13,JAX,00-0033375,T.Patrick,WR,TEN,23.0,Fringe,0.0,False
2025,13,DET,00-0035685,D.Montgomery,RB,GB,22.9,Fringe,1.0,True
2025,13,MIN,00-0037291,J.Nailor,WR,SEA,22.9,Fringe,0.0,False
2025,13,WAS,00-0032268,M.Mariota,QB,DEN,22.8,Fringe,0.0,False
2025,13,CAR,00-0040124,T.McMillan,WR,LA,22.8,Fringe,1.0,True
2025,13,PIT,00-0036862,B.Skowronek,WR,BUF,22.8,Fringe,0.0,False
2025,13,ARI,00-0035500,G.Dortch,WR,TB,22.8,Fringe,0.0,False
2025,13,CIN,00-0038619,A.Iosivas,WR,BAL,22.8,Fringe,1.0,True
2025,13,LAC,00-0040189,O.Gadsden,TE,LV,22.8,Fringe,0.0,False
2025,13,BUF,00-0035537,Ty.Johnson,RB,PIT,22.7,Fringe,0.0,False
2025,13,HOU,00-0037258,D.Pierce,RB,IND,22.7,Fringe,0.0,False
2025,13,HOU,00-0034775,C.Kirk,WR,IND,22.7,Fringe,0.0,False
2025,13,DAL,00-0038738,H.Luepke,RB,KC,22.6,Fringe,0.0,False
2025,13,CLE,00-0040162,D.Sampson,RB,SF,22.4,Fringe,0.0,False
2025,13,WAS,00-0039355,L.McCaffrey,WR,DEN,22.4,Fringe,0.0,False
2025,13,IND,00-0040128,T.Warren,TE,HOU,22.4,Fringe,1.0,True
2025,13,SEA,00-0039793,A.Barner,TE,MIN,22.4,Fringe,0.0,False
2025,13,BUF,00-0040194,J.Hawes,TE,PIT,22.3,Fringe,0.0,False
2025,13,ARI,00-0033891,Z.Jones,WR,TB,22.3,Fringe,0.0,False
2025,13,ARI,00-0038559,Mi.Wilson,WR,TB,22.3,Fringe,0.0,False
2025,13,TB,00-0031408,M.Evans,WR,ARI,22.3,Fringe,0.0,False
2025,13,CHI,00-0039021,R.Johnson,RB,PHI,22.3,Fringe,0.0,False
2025,13,PHI,00-0034351,D.Goedert,TE,CHI,22.3,Fringe,0.0,False
2025,13,CAR,00-0039342,X.Legette,WR,LA,22.2,Fringe,0.0,False
2025,13,SEA,00-0033908,C.Kupp,WR,MIN,22.2,Fringe,0.0,False
2025,13,LAC,00-0030279,K.Allen,WR,LV,22.1,Fringe,0.0,False
2025,13,BUF,00-0038933,D.Kincaid,TE,PIT,22.1,Fringe,0.0,False
2025,13,DAL,00-0033077,D.Prescott,QB,KC,22.1,Fringe,0.0,False
2025,13,CLE,00-0036407,J.Jeudy,WR,SF,22.1,Fringe,0.0,False
2025,13,NE,00-0035628,D.Johnson,RB,NYG,22.0,Fringe,0.0,False
2025,13,NO,00-0034981,F.Moreau,TE,MIA,22.0,Fringe,0.0,False
2025,13,SF,00-0033288,G.Kittle,TE,CLE,22.0,Fringe,0.0,False
2025,13,IND,00-0035021,A.Dulin,WR,HOU,21.9,Fringe,0.0,False
2025,13,WAS,00-0040317,Ja.Jones,WR,DEN,21.9,Fringe,0.0,False
2025,13,NO,00-0037239,C.Olave,WR,MIA,21.8,Fringe,1.0,True
2025,13,NO,00-0034860,D.Pettis,WR,MIA,21.8,Fringe,0.0,False
2025,13,JAX,00-0036841,A.Trammell,WR,TEN,21.8,Fringe,0.0,False
2025,13,GB,00-0038393,D.Wicks,WR,DET,21.8,Fringe,2.0,True
2025,13,MIA,00-0040198,O.Gordon,RB,NO,21.7,Fringe,0.0,False
2025,13,NYG,00-0031484,C.Manhertz,TE,NE,21.7,Fringe,0.0,False
2025,13,PIT,00-0040142,K.Johnson,RB,BUF,21.7,Fringe,0.0,False
2025,13,LA,00-0039738,B.Corum,RB,CAR,21.7,Fringe,1.0,True
2025,13,TB,00-0038129,C.Otton,TE,ARI,21.6,Fringe,0.0,False
2025,13,PHI,00-0037741,J.Dotson,WR,CHI,21.6,Fringe,0.0,False
2025,13,WAS,00-0037742,T.Burks,WR,DEN,21.6,Fringe,1.0,True
2025,13,CIN,00-0035100,J.Browning,QB,BAL,21.5,Fringe,0.0,False
2025,13,LAC,00-0039915,L.McConkey,WR,LV,21.4,Fringe,1.0,True
2025,13,BUF,00-0036196,G.Davis,WR,PIT,21.4,Fringe,0.0,False
2025,13,NE,00-0040131,K.Williams,WR,NYG,21.4,Fringe,1.0,True
2025,13,TEN,00-0040705,C.Dike,WR,JAX,21.4,Fringe,0.0,False
2025,13,CHI,00-0037329,B.Brown,RB,PHI,21.3,Fringe,0.0,False
2025,13,LV,00-0030565,G.Smith,QB,LAC,21.3,Fringe,0.0,False
2025,13,BUF,00-0035689,D.Knox,TE,PIT,21.3,Fringe,0.0,False
2025,13,GB,00-0037306,J.FitzPatrick,TE,DET,21.2,Fringe,0.0,False
2025,13,WAS,00-0033955,J.McNichols,RB,DEN,21.2,Fringe,0.0,False
2025,13,MIA,00-0038720,J.Hill,TE,NO,21.2,Fringe,0.0,False
2025,13,NYJ,00-0039798,I.Davis,RB,ATL,21.0,Fringe,0.0,False
2025,13,SEA,00-0038752,J.Bobo,WR,MIN,21.0,Fringe,0.0,False
2025,13,NE,00-0033090,H.Henry,TE,NYG,21.0,Fringe,0.0,False
2025,13,SF,00-0036259,J.Jennings,WR,CLE,20.9,Fringe,1.0,True
2025,13,LV,00-0038563,T.Tucker,WR,LAC,20.9,Fringe,0.0,False
2025,13,ARI,00-0033119,J.Brissett,QB,TB,20.9,Fringe,0.0,False
2025,13,HOU,00-0039163,C.Stroud,QB,IND,20.9,Fringe,0.0,False
2025,13,HOU,00-0034791,N.Chubb,RB,IND,20.9,Fringe,1.0,True
2025,13,DEN,00-0038794,J.McLaughlin,RB,WAS,20.9,Fringe,0.0,False
2025,13,CLE,00-0040782,I.Bond,WR,SF,20.8,Fade,0.0,False
2025,13,JAX,00-0038555,T.Bigsby,RB,TEN,20.8,Fade,0.0,False
2025,13,SF,00-0037112,J.Tonges,TE,CLE,20.8,Fade,0.0,False
2025,13,DET,00-0037240,J.Williams,WR,GB,20.8,Fade,1.0,True
2025,13,ARI,00-0035876,A.Baccellia,WR,TB,20.7,Fade,0.0,False
2025,13,TB,00-0033921,C.Godwin,WR,ARI,20.7,Fade,0.0,False
2025,13,BAL,00-0033376,P.Ricard,RB,CIN,20.6,Fade,0.0,False
2025,13,NYJ,00-0033943,J.Reynolds,WR,ATL,20.6,Fade,0.0,False
2025,13,TEN,00-0040522,X.Restrepo,WR,JAX,20.5,Fade,0.0,False
2025,13,DAL,00-0037563,M.Davis,RB,KC,20.5,Fade,1.0,True
2025,13,NYG,00-0034407,R.McCloud,WR,NE,20.5,Fade,0.0,False
2025,13,TEN,00-0037594,J.Chestnut,RB,JAX,20.5,Fade,0.0,False
2025,13,HOU,00-0038618,X.Hutchinson,WR,IND,20.5,Fade,0.0,False
2025,13,CHI,00-0034827,D.Moore,WR,PHI,20.4,Fade,0.0,False
2025,13,ATL,00-0036309,D.Mooney,WR,NYJ,20.4,Fade,0.0,False
2025,13,KC,00-0036360,C.Edwards-Helaire,RB,DAL,20.4,Fade,0.0,False
2025,13,MIN,00-0040509,B.Yurosek,TE,SEA,20.3,Fade,0.0,False
2025,13,HOU,00-0039359,C.Stover,TE,IND,20.3,Fade,0.0,False
2025,13,LV,00-0034960,J.Meyers,WR,LAC,20.2,Fade,1.0,True
2025,13,CAR,00-0040187,M.Evans,TE,LA,20.2,Fade,0.0,False
2025,13,WAS,00-0036628,J.Bates,TE,DEN,20.2,Fade,0.0,False
2025,13,HOU,00-0040130,J.Higgins,WR,IND,20.1,Fade,0.0,False
2025,13,CHI,00-0040735,L.Burden,WR,PHI,20.1,Fade,0.0,False
2025,13,GB,00-0037091,B.Melton,WR,DET,20.1,Fade,0.0,False
2025,13,DAL,00-0037666,J.Tolbert,WR,KC,20.1,Fade,0.0,False
2025,13,CHI,00-0035208,O.Zaccheaus,WR,PHI,20.0,Fade,0.0,False
2025,13,BUF,00-0039901,K.Coleman,WR,PIT,20.0,Fade,1.0,True
2025,13,DAL,00-0039410,R.Flournoy,WR,KC,20.0,Fade,0.0,False
2025,13,IND,00-0036252,M.Pittman,WR,HOU,20.0,Fade,0.0,False
2025,13,ATL,00-0035359,D.Sills,WR,NYJ,19.9,Fade,1.0,True
2025,13,MIA,00-0036620,D.Eskridge,WR,NO,19.9,Fade,0.0,False
2025,13,CLE,00-0039920,M.Corley,WR,SF,19.9,Fade,0.0,False
2025,13,MIA,00-0037348,T.Conner,TE,NO,19.9,Fade,0.0,False
2025,13,NYG,00-0038938,J.Hyatt,WR,NE,19.9,Fade,0.0,False
2025,13,CAR,00-0040644,T.Etienne,RB,LA,19.9,Fade,0.0,False
2025,13,HOU,00-0039603,B.Brooks,RB,IND,19.9,Fade,0.0,False
2025,13,TEN,00-0036133,J.Proche,WR,JAX,19.9,Fade,0.0,False
2025,13,DAL,00-0040586,J.Blue,RB,KC,19.9,Fade,0.0,False
2025,13,TB,00-0032385,S.Shepard,WR,ARI,19.8,Fade,0.0,False
2025,13,DAL,00-0037801,K.Turpin,WR,KC,19.8,Fade,0.0,False
2025,13,ARI,00-0035628,D.Johnson,RB,TB,19.8,Fade,0.0,False
2025,13,CLE,00-0033885,D.Njoku,TE,SF,19.7,Fade,0.0,False
2025,13,CAR,00-0039491,J.Coker,WR,LA,19.7,Fade,1.0,True
2025,13,MIN,00-0040494,M.Brosmer,QB,SEA,19.7,Fade,0.0,False
2025,13,LV,00-0034365,I.Thomas,TE,LAC,19.7,Fade,0.0,False
2025,13,NYG,00-0039384,T.Tracy,RB,NE,19.7,Fade,0.0,False
2025,13,DET,00-0039065,S.LaPorta,TE,GB,19.7,Fade,0.0,False
2025,13,ARI,00-0039521,X.Weaver,WR,TB,19.6,Fade,0.0,False
2025,13,MIA,00-0037252,G.Dulcich,TE,NO,19.6,Fade,0.0,False
2025,13,PIT,00-0038558,D.Washington,TE,BUF,19.6,Fade,0.0,False
2025,13,DEN,00-0037539,L.Krull,TE,WAS,19.6,Fade,0.0,False
2025,13,TEN,00-0036415,V.Jefferson,WR,JAX,19.5,Fade,0.0,False
2025,13,NYJ,00-0039451,I.Williams,WR,ATL,19.5,Fade,0.0,False
2025,13,PIT,00-0036894,P.Freiermuth,TE,BUF,19.4,Fade,0.0,False
2025,13,SEA,00-0040739,E.Arroyo,TE,MIN,19.3,Fade,0.0,False
2025,13,TEN,00-0034837,C.Ridley,WR,JAX,19.3,Fade,0.0,False
2025,13,LV,00-0039407,D.Laube,RB,LAC,19.3,Fade,0.0,False
2025,13,CIN,00-0039266,K.Milton,RB,BAL,19.3,Fade,0.0,False
2025,13,CAR,00-0037005,T.Tremble,TE,LA,19.2,Fade,0.0,False
2025,13,CAR,00-0039356,J.Sanders,TE,LA,19.2,Fade,0.0,False
2025,13,IND,00-0039164,A.Richardson,QB,HOU,19.2,Fade,0.0,False
2025,13,CLE,00-0039379,J.Thrash,WR,SF,19.2,Fade,0.0,False
2025,13,TB,00-0038824,R.Miller,WR,ARI,19.2,Fade,0.0,False
2025,13,DEN,00-0037085,T.Badie,RB,WAS,19.1,Fade,0.0,False
2025,13,NO,00-0039424,D.Vele,WR,MIA,19.1,Fade,1.0,True
2025,13,GB,00-0039144,L.Musgrave,TE,DET,19.1,Fade,0.0,False
2025,13,JAX,00-0040238,L.Allen,RB,TEN,19.1,Fade,0.0,False
2025,13,DET,00-0040669,I.TeSlaa,WR,GB,19.1,Fade,1.0,True
2025,13,SEA,00-0037545,R.Shaheed,WR,MIN,19.1,Fade,0.0,False
2025,13,CIN,00-0026158,J.Flacco,QB,BAL,19.1,Fade,0.0,False
2025,13,CHI,00-0040126,C.Loveland,TE,PHI,19.1,Fade,0.0,False
2025,13,GB,00-0038589,J.Whyle,TE,DET,19.1,Fade,0.0,False
2025,13,HOU,00-0040138,J.Noel,WR,IND,19.1,Fade,0.0,False
2025,13,LAC,00-0036355,J.Herbert,QB,LV,19.1,Fade,0.0,False
2025,13,TEN,00-0037809,C.Okonkwo,TE,JAX,19.1,Fade,0.0,False
2025,13,CAR,00-0038840,B.Tremayne,WR,LA,19.1,Fade,0.0,False
2025,13,CAR,00-0036425,D.Dallas,RB,LA,19.1,Fade,0.0,False
2025,13,NYJ,00-0028118,T.Taylor,QB,ATL,19.0,Fade,1.0,True
2025,13,KC,00-0036567,E.Mitchell,RB,DAL,19.0,Fade,0.0,False
2025,13,SF,00-0033307,K.Bourne,WR,CLE,19.0,Fade,0.0,False
2025,13,PIT,00-0039739,R.Wilson,WR,BUF,19.0,Fade,0.0,False
2025,13,NYJ,00-0034521,A.Lazard,WR,ATL,19.0,Fade,0.0,False
2025,13,MIA,00-0034418,C.Wilson,WR,NO,19.0,Fade,0.0,False
2025,13,GB,00-0040667,M.Golden,WR,DET,19.0,Fade,0.0,False
2025,13,ATL,00-0037238,D.London,WR,NYJ,19.0,Fade,0.0,False
2025,13,PIT,00-0034771,M.Rudolph,QB,BUF,18.9,Fade,0.0,False
2025,13,IND,00-0040206,R.Leonard,QB,HOU,18.9,Fade,0.0,False
2025,13,HOU,00-0038728,J.Wayne,WR,IND,18.9,Fade,0.0,False
2025,13,PIT,00-0037837,C.Austin,WR,BUF,18.8,Fade,0.0,False
2025,13,LV,00-0032211,T.Lockett,WR,LAC,18.8,Fade,0.0,False
2025,13,HOU,00-0036898,D.Mills,QB,IND,18.8,Fade,0.0,False
2025,13,HOU,00-0036232,H.Bryant,TE,IND,18.8,Fade,0.0,False
2025,13,ARI,00-0039041,E.Higgins,TE,TB,18.7,Fade,0.0,False
2025,13,BUF,00-0038679,T.Shavers,WR,PIT,18.6,Fade,0.0,False
2025,13,NYJ,00-0040582,A.Smith,WR,ATL,18.6,Fade,0.0,False
2025,13,CAR,00-0040218,Ji.Horn,WR,LA,18.6,Fade,0.0,False
2025,13,PIT,00-0023459,A.Rodgers,QB,BUF,18.5,Fade,0.0,False
2025,13,BUF,00-0036988,J.Palmer,WR,PIT,18.5,Fade,0.0,False
2025,13,MIA,00-0036182,N.Westbrook-Ikhine,WR,NO,18.5,Fade,0.0,False
2025,13,CHI,00-0036331,D.Duvernay,WR,PHI,18.5,Fade,0.0,False
2025,13,CHI,00-0038416,T.Bagent,QB,PHI,18.4,Fade,0.0,False
2025,13,TB,00-0039589,K.Johnson,WR,ARI,18.4,Fade,0.0,False
2025,13,PHI,00-0039746,W.Shipley,RB,CHI,18.4,Fade,0.0,False
2025,13,JAX,00-0037004,H.Long,TE,TEN,18.3,Fade,0.0,False
2025,13,SF,00-0039916,R.Pearsall,WR,CLE,18.3,Fade,0.0,False
2025,13,NYJ,00-0037805,J.Ruckert,TE,ATL,18.3,Fade,0.0,False
2025,13,CAR,00-0034983,H.Renfrow,WR,LA,18.2,Fade,0.0,False
2025,13,LAC,00-0040727,T.Harris,WR,LV,18.2,Fade,0.0,False
2025,13,ATL,00-0039394,Cas.Washington,WR,NYJ,18.1,Fade,0.0,False
2025,13,CAR,00-0033589,D.Moore,WR,LA,18.1,Fade,0.0,False
2025,13,MIA,00-0039884,T.Washington,WR,NO,18.0,Fade,0.0,False
2025,13,SEA,00-0034869,S.Darnold,QB,MIN,18.0,Fade,0.0,False
2025,13,IND,00-0038997,J.Downs,WR,HOU,18.0,Fade,0.0,False
2025,13,GB,00-0038128,M.Willis,QB,DET,18.0,Fade,0.0,False
2025,13,LA,00-0038359,X.Smith,WR,CAR,17.9,Fade,0.0,False
2025,13,ATL,00-0039917,M.Penix,QB,NYJ,17.9,Fade,0.0,False
2025,13,CLE,00-0040663,H.Fannin,TE,SF,17.9,Fade,1.0,True
2025,13,WAS,00-0037524,T.Martin,WR,DEN,17.8,Fade,0.0,False
2025,13,GB,00-0036264,J.Love,QB,DET,17.8,Fade,0.0,False
2025,13,NYJ,00-0040736,M.Taylor,TE,ATL,17.8,Fade,0.0,False
2025,13,MIA,00-0039874,J.Wright,RB,NO,17.8,Fade,0.0,False
2025,13,ATL,00-0034407,R.McCloud,WR,NYJ,17.8,Fade,0.0,False
2025,13,ATL,00-0038953,D.Drummond,WR,NYJ,17.8,Fade,0.0,False
2025,13,JAX,00-0038935,B.Strange,TE,TEN,17.7,Fade,1.0,True
2025,13,PIT,00-0035298,S.Miller,WR,BUF,17.7,Fade,0.0,False
2025,13,CAR,00-0037282,J.Mitchell,TE,LA,17.7,Fade,0.0,False
2025,13,WAS,00-0039686,C.Yankoff,TE,DEN,17.7,Fade,0.0,False
2025,13,CIN,00-0036410,T.Higgins,WR,BAL,17.7,Fade,0.0,False
2025,13,NO,00-0033906,A.Kamara,RB,MIA,17.6,Fade,0.0,False
2025,13,NO,00-0031236,B.Cooks,WR,MIA,17.6,Fade,0.0,False
2025,13,NE,00-0032392,A.Hooper,TE,NYG,17.5,Fade,0.0,False
2025,13,TEN,00-0040170,E.Ayomanor,WR,JAX,17.5,Fade,0.0,False
2025,13,CLE,00-0037267,J.Ford,RB,SF,17.4,Fade,0.0,False
2025,13,IND,00-0037664,A.Pierce,WR,HOU,17.4,Fade,1.0,True
2025,13,GB,00-0038685,C.Brooks,RB,DET,17.4,Fade,0.0,False
2025,13,MIN,00-0038440,Z.Scott,RB,SEA,17.4,Fade,0.0,False
2025,13,JAX,00-0036971,T.Lawrence,QB,TEN,17.3,Fade,0.0,False
2025,13,IND,00-0033217,M.Alie-Cox,TE,HOU,17.3,Fade,0.0,False
2025,13,CLE,00-0040704,D.Gabriel,QB,SF,17.2,Fade,0.0,False
2025,13,SF,00-0036887,L.Farrell,TE,CLE,17.2,Fade,0.0,False
2025,13,LA,00-0040590,K.Mumpfield,WR,CAR,17.1,Fade,0.0,False
2025,13,HOU,00-0033854,D.Ogunbowale,RB,IND,17.1,Fade,0.0,False
2025,13,CAR,00-0027973,A.Dalton,QB,LA,17.1,Fade,0.0,False
2025,13,MIN,00-0040154,T.Felton,WR,SEA,17.0,Fade,0.0,False
2025,13,LA,00-0039751,J.Whittington,WR,CAR,17.0,Fade,0.0,False
2025,13,PIT,00-0033858,J.Smith,TE,BUF,17.0,Fade,0.0,False
2025,13,PHI,00-0037614,J.Metchie,WR,CHI,16.9,Fade,0.0,False
2025,13,BUF,00-0036187,R.Gilliam,RB,PIT,16.7,Fade,0.0,False
2025,13,LV,00-0040729,J.Bech,WR,LAC,16.7,Fade,0.0,False
2025,13,SF,00-0032775,D.Robinson,WR,CLE,16.6,Fade,0.0,False
2025,13,CLE,00-0040259,G.Larvadain,WR,SF,16.5,Fade,0.0,False
2025,13,SF,00-0038090,S.Moore,WR,CLE,16.5,Fade,0.0,False
2025,13,LAC,00-0034270,T.Conklin,TE,LV,16.5,Fade,0.0,False
2025,13,BUF,00-0036980,E.Moore,WR,PIT,16.5,Fade,0.0,False
2025,13,WAS,00-0040164,J.Lane,WR,DEN,16.4,Fade,0.0,False
2025,13,BUF,00-0040363,K.Latu,TE,PIT,16.4,Fade,0.0,False
2025,13,WAS,00-0039910,J.Daniels,QB,DEN,16.4,Fade,0.0,False
2025,13,TB,00-0039050,P.Durham,TE,ARI,16.4,Fade,0.0,False
2025,13,PHI,00-0040024,D.Cooper,WR,CHI,16.3,Fade,0.0,False
2025,13,IND,00-0037292,A.Ogletree,TE,HOU,16.3,Fade,0.0,False
2025,13,TEN,00-0039650,B.Oliver,WR,JAX,16.3,Fade,0.0,False
2025,13,ARI,00-0039921,T.Benson,RB,TB,16.3,Fade,0.0,False
2025,13,IND,00-0040179,D.Giddens,RB,HOU,16.2,Fade,0.0,False
2025,13,IND,00-0032104,A.Abdullah,RB,HOU,16.2,Fade,0.0,False
2025,13,LV,00-0040488,C.Runyon,TE,LAC,16.2,Fade,0.0,False
2025,13,SF,00-0040172,J.Watkins,WR,CLE,16.2,Fade,0.0,False
2025,13,LV,00-0038040,Z.White,RB,LAC,16.1,Fade,0.0,False
2025,13,CHI,00-0035594,T.Homer,RB,PHI,16.1,Fade,0.0,False
2025,13,ATL,00-0034854,K.Hodge,WR,NYJ,16.0,Fade,0.0,False
2025,13,ARI,00-0036332,J.Deguara,TE,TB,15.9,Fade,0.0,False
2025,13,LAC,00-0034159,W.Dissly,TE,LV,15.9,Fade,0.0,False
2025,13,SEA,00-0040058,N.Kallerup,TE,MIN,15.9,Fade,0.0,False
2025,13,SF,00-0037746,B.Robinson,RB,CLE,15.7,Fade,0.0,False
2025,13,LV,00-0038102,K.Pickett,QB,LAC,15.7,Fade,0.0,False
2025,13,WAS,00-0032398,C.Moore,WR,DEN,15.7,Fade,0.0,False
2025,13,PHI,00-0037086,G.Calcaterra,TE,CHI,15.6,Fade,0.0,False
2025,13,CHI,00-0036290,C.Kmet,TE,PHI,15.5,Fade,1.0,True
2025,13,TB,00-0034855,B.Mayfield,QB,ARI,15.5,Fade,0.0,False
2025,13,ARI,00-0038705,E.Demercado,RB,TB,15.5,Fade,0.0,False
2025,13,TB,00-0040429,J.Williams,RB,ARI,15.5,Fade,0.0,False
2025,13,GB,00-0039146,J.Reed,WR,DET,15.4,Fade,0.0,False
2025,13,ATL,00-0029604,K.Cousins,QB,NYJ,15.3,Fade,0.0,False
2025,13,CIN,00-0036442,J.Burrow,QB,BAL,15.2,Fade,0.0,False
2025,13,TB,00-0038458,O.Wright,RB,ARI,15.1,Fade,0.0,False
2025,13,LV,00-0040581,D.Thornton,WR,LAC,15.1,Fade,0.0,False
2025,13,CLE,00-0026158,J.Flacco,QB,SF,15.1,Fade,0.0,False
2025,13,PHI,00-0038400,T.McKee,QB,CHI,15.1,Fade,0.0,False
2025,13,ATL,00-0036970,K.Pitts,TE,NYJ,15.0,Fade,0.0,False
2025,13,IND,00-0039890,A.Mitchell,WR,HOU,15.0,Fade,1.0,True
2025,13,CIN,00-0038576,C.Jones,WR,BAL,15.0,Fade,0.0,False
2025,13,ATL,00-0040547,N.Carter,RB,NYJ,15.0,Fade,0.0,False
2025,13,SEA,00-0040673,J.Milroe,QB,MIN,14.8,Fade,0.0,False
2025,13,MIN,00-0030035,A.Thielen,WR,SEA,14.8,Fade,0.0,False
2025,13,NE,00-0033949,J.Dobbs,QB,NYG,14.8,Fade,0.0,False
2025,13,KC,00-0033757,R.Tonyan,TE,DAL,14.6,Fade,0.0,False
2025,13,JAX,00-0033246,J.Mundt,TE,TEN,14.5,Fade,0.0,False
2025,13,KC,00-0035289,G.Minshew,QB,DAL,14.5,Fade,0.0,False
2025,13,ARI,00-0039737,T.Reiman,TE,TB,14.4,Fade,0.0,False
2025,13,LV,00-0035602,A.Bachman,WR,LAC,14.3,Fade,0.0,False
2025,13,WAS,00-0032688,R.Chosen,WR,DEN,14.3,Fade,0.0,False
2025,13,MIA,00-0036212,T.Tagovailoa,QB,NO,14.3,Fade,0.0,False
2025,13,TEN,00-0036176,M.Kinsey,WR,JAX,14.3,Fade,0.0,False
2025,13,DET,00-0033106,J.Goff,QB,GB,14.2,Fade,0.0,False
2025,13,LAC,00-0036893,N.Harris,RB,LV,14.2,Fade,0.0,False
2025,13,IND,00-0037120,T.Goodson,RB,HOU,14.1,Fade,0.0,False
2025,13,DET,00-0038896,J.Saylors,RB,GB,14.0,Fade,0.0,False
2025,13,SF,00-0034272,M.Valdes-Scantling,WR,CLE,13.9,Fade,0.0,False
2025,13,LAC,00-0040184,K.Lambert-Smith,WR,LV,13.9,Fade,0.0,False
2025,13,LAC,00-0038573,D.Davis,WR,LV,13.8,Fade,0.0,False
2025,13,PHI,00-0036876,K.Granson,TE,CHI,13.6,Fade,0.0,False
2025,13,LAC,00-0037654,T.Fisk,TE,LV,13.6,Fade,0.0,False
2025,13,DEN,00-0035264,J.Stidham,QB,WAS,13.6,Fade,0.0,False
2025,13,NO,00-0037231,K.Austin,WR,MIA,13.4,Fade,0.0,False
2025,13,SEA,00-0035704,D.Lock,QB,MIN,13.4,Fade,0.0,False
2025,13,MIN,00-0036414,C.Akers,RB,SEA,13.4,Fade,0.0,False
2025,13,TEN,00-0032211,T.Lockett,WR,JAX,13.3,Fade,0.0,False
2025,13,JAX,00-0036590,Q.Morris,TE,TEN,13.2,Fade,0.0,False
2025,13,BAL,00-0033662,C.Rush,QB,CIN,12.8,Fade,0.0,False
2025,13,LAC,00-0036755,J.Patterson,RB,LV,12.8,Fade,1.0,True
2025,13,CLE,00-0040668,S.Sanders,QB,SF,12.7,Fade,0.0,False
2025,13,BUF,00-0035140,M.Hardman,WR,PIT,12.4,Fade,0.0,False
2025,13,LV,00-0039066,M.Mayer,TE,LAC,12.4,Fade,0.0,False
2025,13,BAL,00-0034975,J.Hill,RB,CIN,12.4,Fade,0.0,False
2025,13,ATL,00-0036429,C.Woerner,TE,NYJ,12.2,Fade,0.0,False
2025,13,SEA,00-0039299,G.Holani,RB,MIN,12.0,Fade,0.0,False
2025,13,DEN,00-0038783,N.Adkins,TE,WAS,12.0,Fade,0.0,False
2025,13,MIN,00-0039923,J.McCarthy,QB,SEA,11.9,Fade,0.0,False
2025,13,LAC,00-0037617,H.Haskins,RB,LV,11.8,Fade,0.0,False
2025,13,IND,00-0040476,U.Bentley,RB,HOU,11.7,Fade,0.0,False
2025,13,DET,00-0035567,C.Reynolds,RB,GB,11.5,Fade,0.0,False
2025,13,CHI,00-0034798,D.Smythe,TE,PHI,11.5,Fade,0.0,False
2025,13,DET,00-0039364,S.Vaki,RB,GB,11.5,Fade,0.0,False
2025,13,SF,00-0037834,B.Purdy,QB,CLE,11.4,Fade,1.0,True
2025,13,DET,00-0034577,K.Allen,QB,GB,11.3,Fade,0.0,False
2025,13,IND,00-0039816,A.Gould,WR,HOU,11.3,Fade,0.0,False
2025,13,MIA,00-0037013,Z.Wilson,QB,NO,11.2,Fade,0.0,False
2025,13,HOU,00-0039458,B.Bates,TE,IND,11.1,Fade,0.0,False
2025,13,SF,00-0034867,M.Turner,WR,CLE,11.0,Fade,0.0,False
2025,13,BUF,00-0033282,C.Samuel,WR,PIT,10.8,Fade,0.0,False
2025,13,LAC,00-0040039,A.Johnson,RB,LV,10.7,Fade,0.0,False
2025,13,DET,00-0034073,R.Dwelley,TE,GB,10.7,Fade,0.0,False
2025,13,CLE,00-0038710,B.Whiteheart,TE,SF,10.7,Fade,0.0,False
2025,13,WAS,00-0033591,N.Brown,WR,DEN,10.6,Fade,0.0,False
2025,13,TB,00-0031237,T.Bridgewater,QB,ARI,10.6,Fade,0.0,False
2025,13,SF,00-0038643,B.Willis,TE,CLE,10.5,Fade,0.0,False
2025,13,LA,00-0026498,M.Stafford,QB,CAR,10.5,Fade,0.0,False
2025,13,BUF,00-0033869,M.Trubisky,QB,PIT,10.4,Fade,0.0,False
2025,13,SF,00-0036972,M.Jones,QB,CLE,10.3,Fade,0.0,False
2025,13,DET,00-0032464,K.Raymond,WR,GB,10.1,Fade,0.0,False
2025,13,ATL,00-0036825,F.Franks,TE,NYJ,10.1,Fade,0.0,False
2025,13,SEA,00-0040067,J.Wright,RB,MIN,9.6,Fade,0.0,False
2025,13,GB,00-0040009,S.Williams,WR,DET,9.5,Fade,0.0,False
2025,13,MIA,00-0040234,Q.Ewers,QB,NO,9.4,Fade,0.0,False
2025,13,LAC,00-0035291,T.Williams,RB,LV,9.0,Fade,0.0,False
2025,13,PHI,00-0038496,X.Gipson,WR,CHI,8.9,Fade,0.0,False
2025,13,NE,00-0039305,J.Westover,TE,NYG,8.8,Fade,0.0,False
2025,13,LAC,00-0034367,N.Miller-Hines,RB,LV,8.6,Fade,0.0,False
2025,13,KC,00-0036637,N.Gray,TE,DAL,8.6,Fade,0.0,False
2025,13,LAC,00-0037012,T.Lance,QB,LV,8.4,Fade,0.0,False
2025,13,DET,00-0036754,B.Wright,TE,GB,8.4,Fade,0.0,False
2025,13,LA,00-0031345,J.Garoppolo,QB,CAR,7.2,Fade,0.0,False
2025,13,SF,00-0038658,A.Martinez,QB,CLE,6.4,Fade,0.0,False
2025,13,CIN,00-0040208,T.Brooks,RB,BAL,5.8,Fade,0.0,False
2025,14,DET,00-0039139,J.Gibbs,RB,DAL,43.8,Lock,3.0,True
2025,14,GB,00-0035700,J.Jacobs,RB,CHI,43.2,Lock,1.0,True
2025,14,NYJ,00-0039794,B.Allen,RB,MIA,42.6,Lock,0.0,False
2025,14,CLE,00-0040784,Q.Judkins,RB,TEN,40.7,Lock,0.0,False
2025,14,TB,00-0039361,B.Irving,RB,NO,40.0,Lock,1.0,True
2025,14,BUF,00-0037248,J.Cook,RB,CIN,39.1,Lock,0.0,False
2025,14,MIA,00-0039040,D.Achane,RB,NYJ,38.6,Lock,1.0,True
2025,14,ATL,00-0038542,B.Robinson,RB,SEA,38.2,Lock,0.0,False
2025,14,NYJ,00-0038120,B.Hall,RB,MIA,37.9,Lock,0.0,False
2025,14,PIT,00-0037228,J.Warren,RB,BAL,37.9,Lock,1.0,True
2025,14,IND,00-0036223,J.Taylor,RB,JAX,37.8,Lock,1.0,True
2025,14,DAL,00-0036997,J.Williams,RB,DET,36.6,Lock,1.0,True
2025,14,PHI,00-0034844,S.Barkley,RB,LAC,36.2,Lock,1.0,True
2025,14,CIN,00-0038597,C.Brown,RB,BUF,36.2,Lock,2.0,True
2025,14,LV,00-0040122,A.Jeanty,RB,DEN,35.0,Lock,0.0,False
2025,14,GB,00-0038996,T.Kraft,TE,CHI,34.2,Lock,0.0,False
2025,14,SEA,00-0039165,Z.Charbonnet,RB,ATL,33.9,Lock,0.0,False
2025,14,LAC,00-0039391,K.Vidal,RB,PHI,33.7,Lock,0.0,False
2025,14,PIT,00-0036919,K.Gainwell,RB,BAL,33.5,Lock,1.0,True
2025,14,LAC,00-0040666,O.Hampton,RB,PHI,33.4,Lock,1.0,True
2025,14,BAL,00-0032764,D.Henry,RB,PIT,33.1,Lock,0.0,False
2025,14,MIN,00-0038994,J.Addison,WR,WAS,32.9,Lock,0.0,False
2025,14,WAS,00-0035659,T.McLaurin,WR,MIN,32.8,Lock,0.0,False
2025,14,DET,00-0035685,D.Montgomery,RB,DAL,32.7,Lock,1.0,True
2025,14,HOU,00-0040583,W.Marks,RB,KC,32.6,Lock,1.0,True
2025,14,DAL,00-0037247,G.Pickens,WR,DET,31.8,Lock,0.0,False
2025,14,LV,00-0039338,B.Bowers,TE,DEN,31.6,Lock,1.0,True
2025,14,MIN,00-0037525,J.Mason,RB,WAS,31.5,Lock,1.0,True
2025,14,DET,00-0036963,A.St. Brown,WR,DAL,31.2,Lock,0.0,False
2025,14,LA,00-0037840,K.Williams,RB,ARI,31.2,Lock,1.0,True
2025,14,MIN,00-0033293,A.Jones,RB,WAS,31.2,Lock,0.0,False
2025,14,BAL,00-0035993,T.Huntley,QB,PIT,31.2,Lock,0.0,False
2025,14,PHI,00-0038555,T.Bigsby,RB,LAC,31.0,Lock,0.0,False
2025,14,CIN,00-0036900,J.Chase,WR,BUF,30.8,Lock,0.0,False
2025,14,ARI,00-0033553,J.Conner,RB,LA,30.7,Lock,0.0,False
2025,14,DET,00-0040669,I.TeSlaa,WR,DAL,30.6,Lock,1.0,True
2025,14,MIN,00-0036322,J.Jefferson,WR,WAS,30.5,Lock,0.0,False
2025,14,NO,00-0039623,M.Tipton,WR,TB,30.5,Lock,0.0,False
2025,14,DAL,00-0035243,M.Sanders,RB,DET,30.3,Lock,0.0,False
2025,14,MIN,00-0037291,J.Nailor,WR,WAS,30.1,Lock,0.0,False
2025,14,ARI,00-0037157,Z.Knight,RB,LA,30.1,Lock,0.0,False
2025,14,KC,00-0039067,R.Rice,WR,HOU,30.0,Lock,0.0,False
2025,14,WAS,00-0035719,D.Samuel,WR,MIN,30.0,Lock,0.0,False
2025,14,SEA,00-0038134,K.Walker,RB,ATL,29.8,Lock,0.0,False
2025,14,DAL,00-0036358,C.Lamb,WR,DET,29.8,Lock,0.0,False
2025,14,CIN,00-0038839,M.Tinsley,WR,BUF,29.7,Lock,0.0,False
2025,14,WAS,00-0039910,J.Daniels,QB,MIN,29.4,Lock,0.0,False
2025,14,MIN,00-0035229,T.Hockenson,TE,WAS,29.4,Lock,1.0,True
2025,14,CIN,00-0036410,T.Higgins,WR,BUF,29.3,Lean,2.0,True
2025,14,CHI,00-0040236,K.Monangai,RB,GB,29.2,Lean,0.0,False
2025,14,GB,00-0038797,E.Wilson,RB,CHI,29.1,Lean,0.0,False
2025,14,WAS,00-0039355,L.McCaffrey,WR,MIN,28.9,Lean,0.0,False
2025,14,CIN,00-0033526,S.Perine,RB,BUF,28.9,Lean,0.0,False
2025,14,CIN,00-0035100,J.Browning,QB,BUF,28.9,Lean,0.0,False
2025,14,DET,00-0037240,J.Williams,WR,DAL,28.8,Lean,0.0,False
2025,14,BUF,00-0039875,R.Davis,RB,CIN,28.6,Lean,0.0,False
2025,14,BUF,00-0037261,K.Shakir,WR,CIN,28.5,Lean,1.0,True
2025,14,LA,00-0031381,D.Adams,WR,ARI,28.5,Lean,0.0,False
2025,14,WAS,00-0040317,Ja.Jones,WR,MIN,28.4,Lean,0.0,False
2025,14,JAX,00-0036973,T.Etienne,RB,IND,28.3,Lean,2.0,True
2025,14,NO,00-0040743,T.Shough,QB,TB,28.3,Lean,2.0,True
2025,14,BUF,00-0035537,Ty.Johnson,RB,CIN,28.1,Lean,0.0,False
2025,14,BUF,00-0040194,J.Hawes,TE,CIN,28.0,Lean,1.0,True
2025,14,DAL,00-0038041,J.Ferguson,TE,DET,27.9,Lean,0.0,False
2025,14,LA,00-0036244,C.Parkinson,TE,ARI,27.9,Lean,1.0,True
2025,14,MIA,00-0036613,J.Waddle,WR,NYJ,27.8,Lean,1.0,True
2025,14,ARI,00-0035228,K.Murray,QB,LA,27.7,Lean,0.0,False
2025,14,KC,00-0033923,K.Hunt,RB,HOU,27.6,Lean,1.0,True
2025,14,IND,00-0040128,T.Warren,TE,JAX,27.6,Lean,0.0,False
2025,14,GB,00-0037816,R.Doubs,WR,CHI,27.6,Lean,0.0,False
2025,14,DEN,00-0039868,T.Franklin,WR,LV,27.5,Lean,0.0,False
2025,14,PHI,00-0036389,J.Hurts,QB,LAC,27.4,Lean,0.0,False
2025,14,CHI,00-0036275,D.Swift,RB,GB,27.4,Lean,0.0,False
2025,14,ARI,00-0037744,T.McBride,TE,LA,27.3,Lean,0.0,False
2025,14,NYJ,00-0036427,T.Johnson,WR,MIA,27.2,Lean,0.0,False
2025,14,BUF,00-0035689,D.Knox,TE,CIN,27.2,Lean,0.0,False
2025,14,LAC,00-0038544,Q.Johnston,WR,PHI,27.1,Lean,0.0,False
2025,14,CHI,00-0039918,C.Williams,QB,GB,27.1,Lean,0.0,False
2025,14,MIN,00-0035249,J.Oliver,TE,WAS,27.1,Lean,2.0,True
2025,14,BAL,00-0034753,M.Andrews,TE,PIT,26.9,Lean,0.0,False
2025,14,MIA,00-0031610,D.Waller,TE,NYJ,26.9,Lean,0.0,False
2025,14,HOU,00-0034383,D.Schultz,TE,KC,26.8,Lean,0.0,False
2025,14,DEN,00-0036158,J.Dobbins,RB,LV,26.8,Lean,0.0,False
2025,14,NYJ,00-0039890,A.Mitchell,WR,MIA,26.8,Lean,0.0,False
2025,14,BUF,00-0038933,D.Kincaid,TE,CIN,26.6,Lean,1.0,True
2025,14,BUF,00-0034857,J.Allen,QB,CIN,26.5,Lean,1.0,True
2025,14,WAS,00-0032268,M.Mariota,QB,MIN,26.5,Lean,0.0,False
2025,14,CIN,00-0026158,J.Flacco,QB,BUF,26.5,Lean,0.0,False
2025,14,GB,00-0038124,C.Watson,WR,CHI,26.4,Lean,2.0,True
2025,14,CLE,00-0040466,R.Sanders,RB,TEN,26.4,Lean,0.0,False
2025,14,SEA,00-0038543,J.Smith-Njigba,WR,ATL,26.3,Lean,2.0,True
2025,14,BUF,00-0036196,G.Davis,WR,CIN,26.3,Lean,0.0,False
2025,14,JAX,00-0034960,J.Meyers,WR,IND,26.0,Lean,1.0,True
2025,14,KC,00-0033873,P.Mahomes,QB,HOU,26.0,Lean,0.0,False
2025,14,NO,00-0037545,R.Shaheed,WR,TB,26.0,Lean,0.0,False
2025,14,LAC,00-0036755,J.Patterson,RB,PHI,26.0,Lean,0.0,False
2025,14,JAX,00-0040719,B.Tuten,RB,IND,26.0,Lean,0.0,False
2025,14,MIN,00-0039923,J.McCarthy,QB,WAS,25.9,Lean,0.0,False
2025,14,BUF,00-0031236,B.Cooks,WR,CIN,25.9,Lean,0.0,False
2025,14,HOU,00-0037258,D.Pierce,RB,KC,25.8,Lean,0.0,False
2025,14,ATL,00-0037263,T.Allgeier,RB,SEA,25.7,Lean,0.0,False
2025,14,TB,00-0040129,E.Egbuka,WR,NO,25.7,Lean,0.0,False
2025,14,BUF,00-0039901,K.Coleman,WR,CIN,25.7,Lean,0.0,False
2025,14,NO,00-0039424,D.Vele,WR,TB,25.6,Lean,0.0,False
2025,14,PIT,00-0036894,P.Freiermuth,TE,BAL,25.5,Lean,0.0,False
2025,14,PIT,00-0038558,D.Washington,TE,BAL,25.4,Lean,0.0,False
2025,14,DET,00-0035544,T.Kennedy,WR,DAL,25.4,Lean,0.0,False
2025,14,ATL,00-0036970,K.Pitts,TE,SEA,25.4,Lean,0.0,False
2025,14,SEA,00-0035891,C.White,WR,ATL,25.2,Lean,0.0,False
2025,14,LAC,00-0036355,J.Herbert,QB,PHI,25.2,Lean,0.0,False
2025,14,HOU,00-0034386,J.Watson,WR,KC,25.2,Lean,0.0,False
2025,14,TEN,00-0039648,D.Martin-Robinson,TE,CLE,25.1,Lean,0.0,False
2025,14,HOU,00-0039359,C.Stover,TE,KC,25.0,Lean,0.0,False
2025,14,NO,00-0038551,K.Miller,RB,TB,25.0,Lean,0.0,False
2025,14,ARI,00-0036924,M.Carter,RB,LA,25.0,Lean,0.0,False
2025,14,LA,00-0033110,T.Higbee,TE,ARI,25.0,Lean,0.0,False
2025,14,TB,00-0033921,C.Godwin,WR,NO,25.0,Lean,0.0,False
2025,14,GB,00-0039146,J.Reed,WR,CHI,24.9,Fringe,0.0,False
2025,14,LV,00-0036423,A.Okwuegbunam,TE,DEN,24.9,Fringe,0.0,False
2025,14,HOU,00-0036554,N.Collins,WR,KC,24.8,Fringe,0.0,False
2025,14,MIN,00-0040154,T.Felton,WR,WAS,24.7,Fringe,0.0,False
2025,14,TB,00-0037256,R.White,RB,NO,24.7,Fringe,0.0,False
2025,14,PHI,00-0034351,D.Goedert,TE,LAC,24.7,Fringe,0.0,False
2025,14,BUF,00-0033282,C.Samuel,WR,CIN,24.6,Fringe,0.0,False
2025,14,ARI,00-0038559,Mi.Wilson,WR,LA,24.6,Fringe,2.0,True
2025,14,WAS,00-0037742,T.Burks,WR,MIN,24.5,Fringe,0.0,False
2025,14,DAL,00-0037666,J.Tolbert,WR,DET,24.5,Fringe,0.0,False
2025,14,JAX,00-0037004,H.Long,TE,IND,24.5,Fringe,0.0,False
2025,14,DAL,00-0037801,K.Turpin,WR,DET,24.5,Fringe,0.0,False
2025,14,TB,00-0040237,T.Johnson,WR,NO,24.5,Fringe,0.0,False
2025,14,SEA,00-0040648,T.Horton,WR,ATL,24.5,Fringe,0.0,False
2025,14,DAL,00-0039410,R.Flournoy,WR,DET,24.4,Fringe,1.0,True
2025,14,NO,00-0040202,D.Neal,RB,TB,24.4,Fringe,1.0,True
2025,14,BAL,00-0038454,K.Mitchell,RB,PIT,24.4,Fringe,0.0,False
2025,14,CIN,00-0036442,J.Burrow,QB,BUF,24.3,Fringe,0.0,False
2025,14,WAS,00-0037524,T.Martin,WR,MIN,24.3,Fringe,0.0,False
2025,14,NO,00-0033357,T.Hill,TE,TB,24.3,Fringe,0.0,False
2025,14,BUF,00-0038679,T.Shavers,WR,CIN,24.3,Fringe,0.0,False
2025,14,HOU,00-0034791,N.Chubb,RB,KC,24.3,Fringe,0.0,False
2025,14,GB,00-0038465,M.Heath,WR,CHI,24.2,Fringe,0.0,False
2025,14,GB,00-0038393,D.Wicks,WR,CHI,24.1,Fringe,0.0,False
2025,14,LA,00-0039075,P.Nacua,WR,ARI,24.0,Fringe,2.0,True
2025,14,JAX,00-0038935,B.Strange,TE,IND,24.0,Fringe,0.0,False
2025,14,NYJ,00-0037805,J.Ruckert,TE,MIA,24.0,Fringe,0.0,False
2025,14,SEA,00-0033576,E.Saubert,TE,ATL,24.0,Fringe,0.0,False
2025,14,WAS,00-0032398,C.Moore,WR,MIN,23.9,Fringe,0.0,False
2025,14,CLE,00-0038979,C.Tillman,WR,TEN,23.9,Fringe,0.0,False
2025,14,NYJ,00-0028118,T.Taylor,QB,MIA,23.9,Fringe,0.0,False
2025,14,NYJ,00-0039798,I.Davis,RB,MIA,23.7,Fringe,0.0,False
2025,14,PIT,00-0033858,J.Smith,TE,BAL,23.7,Fringe,0.0,False
2025,14,NYJ,00-0040736,M.Taylor,TE,MIA,23.7,Fringe,0.0,False
2025,14,BAL,00-0034796,L.Jackson,QB,PIT,23.7,Fringe,1.0,True
2025,14,NO,00-0037239,C.Olave,WR,TB,23.6,Fringe,0.0,False
2025,14,BAL,00-0039792,D.Walker,WR,PIT,23.6,Fringe,0.0,False
2025,14,WAS,00-0038611,C.Rodriguez,RB,MIN,23.6,Fringe,0.0,False
2025,14,NO,00-0034860,D.Pettis,WR,TB,23.5,Fringe,0.0,False
2025,14,KC,00-0037197,I.Pacheco,RB,HOU,23.5,Fringe,0.0,False
2025,14,TEN,00-0040584,G.Helm,TE,CLE,23.4,Fringe,0.0,False
2025,14,CIN,00-0038619,A.Iosivas,WR,BUF,23.4,Fringe,0.0,False
2025,14,JAX,00-0036497,T.Jones,WR,IND,23.4,Fringe,0.0,False
2025,14,DET,00-0039065,S.LaPorta,TE,DAL,23.3,Fringe,0.0,False
2025,14,ATL,00-0039917,M.Penix,QB,SEA,23.3,Fringe,0.0,False
2025,14,LA,00-0040737,T.Ferguson,TE,ARI,23.2,Fringe,0.0,False
2025,14,LA,00-0039074,D.Allen,TE,ARI,23.2,Fringe,0.0,False
2025,14,ARI,00-0033119,J.Brissett,QB,LA,23.2,Fringe,0.0,False
2025,14,PIT,00-0035640,D.Metcalf,WR,BAL,23.2,Fringe,0.0,False
2025,14,PHI,00-0036265,A.Dillon,RB,LAC,23.2,Fringe,0.0,False
2025,14,CLE,00-0036407,J.Jeudy,WR,TEN,23.1,Fringe,1.0,True
2025,14,CHI,00-0034827,D.Moore,WR,GB,23.1,Fringe,0.0,False
2025,14,DET,00-0038896,J.Saylors,RB,DAL,23.0,Fringe,0.0,False
2025,14,BAL,00-0038046,C.Kolar,TE,PIT,23.0,Fringe,0.0,False
2025,14,JAX,00-0036590,Q.Morris,TE,IND,23.0,Fringe,0.0,False
2025,14,DEN,00-0034348,C.Sutton,WR,LV,23.0,Fringe,0.0,False
2025,14,HOU,00-0039603,B.Brooks,RB,KC,23.0,Fringe,0.0,False
2025,14,LA,00-0036849,T.Atwell,WR,ARI,22.8,Fringe,0.0,False
2025,14,HOU,00-0034775,C.Kirk,WR,KC,22.8,Fringe,0.0,False
2025,14,WAS,00-0030061,Z.Ertz,TE,MIN,22.8,Fringe,0.0,False
2025,14,BUF,00-0036187,R.Gilliam,RB,CIN,22.8,Fringe,0.0,False
2025,14,NO,00-0039376,S.Rattler,QB,TB,22.8,Fringe,0.0,False
2025,14,WAS,00-0040164,J.Lane,WR,MIN,22.7,Fringe,0.0,False
2025,14,BAL,00-0039796,R.Ali,RB,PIT,22.6,Fringe,0.0,False
2025,14,MIA,00-0033040,T.Hill,WR,NYJ,22.6,Fringe,0.0,False
2025,14,ATL,00-0036429,C.Woerner,TE,SEA,22.5,Fringe,0.0,False
2025,14,CIN,00-0034613,T.Hudson,TE,BUF,22.5,Fringe,0.0,False
2025,14,MIN,00-0038440,Z.Scott,RB,WAS,22.5,Fringe,0.0,False
2025,14,DEN,00-0036959,M.Bandy,WR,LV,22.5,Fringe,0.0,False
2025,14,LA,00-0039738,B.Corum,RB,ARI,22.5,Fringe,2.0,True
2025,14,MIN,00-0030035,A.Thielen,WR,WAS,22.5,Fringe,0.0,False
2025,14,SEA,00-0039299,G.Holani,RB,ATL,22.4,Fringe,0.0,False
2025,14,BAL,00-0037838,I.Likely,TE,PIT,22.4,Fringe,1.0,True
2025,14,ARI,00-0033891,Z.Jones,WR,LA,22.4,Fringe,0.0,False
2025,14,BUF,00-0040363,K.Latu,TE,CIN,22.4,Fringe,0.0,False
2025,14,HOU,00-0034419,B.Berrios,WR,KC,22.3,Fringe,0.0,False
2025,14,MIN,00-0032950,C.Wentz,QB,WAS,22.3,Fringe,0.0,False
2025,14,MIA,00-0039880,M.Washington,WR,NYJ,22.3,Fringe,0.0,False
2025,14,DET,00-0033455,A.Firkser,TE,DAL,22.2,Fringe,0.0,False
2025,14,PHI,00-0035676,A.Brown,WR,LAC,22.2,Fringe,0.0,False
2025,14,DEN,00-0040730,R.Harvey,RB,LV,22.2,Fringe,1.0,True
2025,14,BUF,00-0036980,E.Moore,WR,CIN,22.1,Fringe,0.0,False
2025,14,TEN,00-0040705,C.Dike,WR,CLE,22.1,Fringe,1.0,True
2025,14,LAC,00-0036893,N.Harris,RB,PHI,22.0,Fringe,0.0,False
2025,14,IND,00-0035021,A.Dulin,WR,JAX,22.0,Fringe,0.0,False
2025,14,JAX,00-0036626,D.Brown,WR,IND,21.9,Fringe,0.0,False
2025,14,CLE,00-0040782,I.Bond,WR,TEN,21.9,Fringe,0.0,False
2025,14,IND,00-0035710,D.Jones,QB,JAX,21.9,Fringe,0.0,False
2025,14,TB,00-0032385,S.Shepard,WR,NO,21.8,Fringe,0.0,False
2025,14,TB,00-0038951,S.Tucker,RB,NO,21.8,Fringe,1.0,True
2025,14,JAX,00-0036971,T.Lawrence,QB,IND,21.8,Fringe,0.0,False
2025,14,KC,00-0040078,B.Smith,RB,HOU,21.7,Fringe,0.0,False
2025,14,NO,00-0037340,Z.Mitchell-Paden,TE,TB,21.6,Fringe,0.0,False
2025,14,ATL,00-0037238,D.London,WR,SEA,21.6,Fringe,0.0,False
2025,14,IND,00-0037292,A.Ogletree,TE,JAX,21.6,Fringe,0.0,False
2025,14,NO,00-0036040,J.Johnson,TE,TB,21.6,Fringe,0.0,False
2025,14,GB,00-0038128,M.Willis,QB,CHI,21.6,Fringe,0.0,False
2025,14,SEA,00-0033908,C.Kupp,WR,ATL,21.5,Fringe,1.0,True
2025,14,BAL,00-0036550,R.Bateman,WR,PIT,21.5,Fringe,0.0,False
2025,14,GB,00-0036264,J.Love,QB,CHI,21.5,Fringe,0.0,False
2025,14,NO,00-0038397,E.Hull,RB,TB,21.5,Fringe,0.0,False
2025,14,MIA,00-0040198,O.Gordon,RB,NYJ,21.5,Fringe,1.0,True
2025,14,TEN,00-0036133,J.Proche,WR,CLE,21.4,Fringe,0.0,False
2025,14,CIN,00-0040208,T.Brooks,RB,BUF,21.4,Fringe,0.0,False
2025,14,CLE,00-0039920,M.Corley,WR,TEN,21.2,Fringe,0.0,False
2025,14,CHI,00-0035208,O.Zaccheaus,WR,GB,21.2,Fringe,1.0,True
2025,14,CHI,00-0040735,L.Burden,WR,GB,21.2,Fringe,0.0,False
2025,14,BAL,00-0034975,J.Hill,RB,PIT,21.1,Fringe,0.0,False
2025,14,TB,00-0038824,R.Miller,WR,NO,21.1,Fringe,0.0,False
2025,14,DEN,00-0040134,P.Bryant,WR,LV,21.0,Fringe,0.0,False
2025,14,GB,00-0038685,C.Brooks,RB,CHI,21.0,Fringe,0.0,False
2025,14,LA,00-0038359,X.Smith,WR,ARI,21.0,Fringe,0.0,False
2025,14,KC,00-0030506,T.Kelce,TE,HOU,21.0,Fringe,0.0,False
2025,14,NYJ,00-0037614,J.Metchie,WR,MIA,20.9,Fringe,0.0,False
2025,14,JAX,00-0038606,P.Washington,WR,IND,20.9,Fringe,0.0,False
2025,14,TEN,00-0034837,C.Ridley,WR,CLE,20.9,Fringe,0.0,False
2025,14,WAS,00-0032688,R.Chosen,WR,MIN,20.8,Fade,0.0,False
2025,14,ARI,00-0035876,A.Baccellia,WR,LA,20.8,Fade,0.0,False
2025,14,WAS,00-0039912,B.Sinnott,TE,MIN,20.8,Fade,0.0,False
2025,14,LV,00-0034365,I.Thomas,TE,DEN,20.8,Fade,0.0,False
2025,14,NYJ,00-0037740,G.Wilson,WR,MIA,20.7,Fade,0.0,False
2025,14,TEN,00-0036415,V.Jefferson,WR,CLE,20.7,Fade,0.0,False
2025,14,PIT,00-0040142,K.Johnson,RB,BAL,20.7,Fade,0.0,False
2025,14,GB,00-0037091,B.Melton,WR,CHI,20.6,Fade,1.0,True
2025,14,JAX,00-0033246,J.Mundt,TE,IND,20.6,Fade,0.0,False
2025,14,LAC,00-0040189,O.Gadsden,TE,PHI,20.6,Fade,0.0,False
2025,14,ATL,00-0029604,K.Cousins,QB,SEA,20.6,Fade,0.0,False
2025,14,WAS,00-0033591,N.Brown,WR,MIN,20.5,Fade,0.0,False
2025,14,MIN,00-0040509,B.Yurosek,TE,WAS,20.5,Fade,0.0,False
2025,14,CIN,00-0039266,K.Milton,RB,BUF,20.5,Fade,0.0,False
2025,14,ATL,00-0036825,F.Franks,TE,SEA,20.5,Fade,0.0,False
2025,14,CLE,00-0039379,J.Thrash,WR,TEN,20.5,Fade,0.0,False
2025,14,NYJ,00-0036945,J.Fields,QB,MIA,20.5,Fade,0.0,False
2025,14,DET,00-0035567,C.Reynolds,RB,DAL,20.5,Fade,0.0,False
2025,14,BAL,00-0037340,Z.Mitchell-Paden,TE,PIT,20.4,Fade,0.0,False
2025,14,TEN,00-0039032,T.Spears,RB,CLE,20.4,Fade,0.0,False
2025,14,JAX,00-0039893,B.Thomas,WR,IND,20.4,Fade,0.0,False
2025,14,IND,00-0033217,M.Alie-Cox,TE,JAX,20.4,Fade,0.0,False
2025,14,DAL,00-0039530,B.Spann-Ford,TE,DET,20.4,Fade,0.0,False
2025,14,LV,00-0038563,T.Tucker,WR,DEN,20.3,Fade,0.0,False
2025,14,HOU,00-0033854,D.Ogunbowale,RB,KC,20.3,Fade,1.0,True
2025,14,TB,00-0039589,K.Johnson,WR,NO,20.3,Fade,0.0,False
2025,14,WAS,00-0040242,J.Croskey-Merritt,RB,MIN,20.3,Fade,0.0,False
2025,14,LAC,00-0030279,K.Allen,WR,PHI,20.3,Fade,0.0,False
2025,14,CHI,00-0036331,D.Duvernay,WR,GB,20.3,Fade,0.0,False
2025,14,LAC,00-0039915,L.McConkey,WR,PHI,20.2,Fade,0.0,False
2025,14,DAL,00-0033077,D.Prescott,QB,DET,20.2,Fade,0.0,False
2025,14,DET,00-0034073,R.Dwelley,TE,DAL,20.2,Fade,0.0,False
2025,14,DAL,00-0037563,M.Davis,RB,DET,20.2,Fade,0.0,False
2025,14,SEA,00-0039793,A.Barner,TE,ATL,20.2,Fade,0.0,False
2025,14,BAL,00-0039064,Z.Flowers,WR,PIT,20.2,Fade,0.0,False
2025,14,CIN,00-0035644,N.Fant,TE,BUF,20.1,Fade,0.0,False
2025,14,JAX,00-0033375,T.Patrick,WR,IND,20.1,Fade,1.0,True
2025,14,CIN,00-0035631,D.Sample,TE,BUF,20.0,Fade,0.0,False
2025,14,HOU,00-0038618,X.Hutchinson,WR,KC,19.9,Fade,0.0,False
2025,14,CIN,00-0034829,M.Gesicki,TE,BUF,19.9,Fade,1.0,True
2025,14,DAL,00-0038738,H.Luepke,RB,DET,19.8,Fade,0.0,False
2025,14,CHI,00-0040126,C.Loveland,TE,GB,19.8,Fade,1.0,True
2025,14,TEN,00-0040522,X.Restrepo,WR,CLE,19.8,Fade,0.0,False
2025,14,TEN,00-0040170,E.Ayomanor,WR,CLE,19.8,Fade,1.0,True
2025,14,SEA,00-0038752,J.Bobo,WR,ATL,19.7,Fade,0.0,False
2025,14,TEN,00-0035261,T.Pollard,RB,CLE,19.7,Fade,2.0,True
2025,14,TB,00-0038129,C.Otton,TE,NO,19.7,Fade,0.0,False
2025,14,PIT,00-0036862,B.Skowronek,WR,BAL,19.7,Fade,0.0,False
2025,14,DAL,00-0038547,L.Schoonmaker,TE,DET,19.6,Fade,0.0,False
2025,14,GB,00-0040667,M.Golden,WR,CHI,19.6,Fade,0.0,False
2025,14,SEA,00-0034869,S.Darnold,QB,ATL,19.5,Fade,0.0,False
2025,14,IND,00-0036252,M.Pittman,WR,JAX,19.5,Fade,0.0,False
2025,14,ARI,00-0039041,E.Higgins,TE,LA,19.4,Fade,0.0,False
2025,14,DEN,00-0034487,T.Sherfield,WR,LV,19.3,Fade,0.0,False
2025,14,GB,00-0037306,J.FitzPatrick,TE,CHI,19.3,Fade,0.0,False
2025,14,LV,00-0034960,J.Meyers,WR,DEN,19.3,Fade,1.0,True
2025,14,HOU,00-0040130,J.Higgins,WR,KC,19.3,Fade,0.0,False
2025,14,TEN,00-0037809,C.Okonkwo,TE,CLE,19.3,Fade,0.0,False
2025,14,NO,00-0031236,B.Cooks,WR,TB,19.2,Fade,0.0,False
2025,14,TEN,00-0040676,C.Ward,QB,CLE,19.2,Fade,0.0,False
2025,14,HOU,00-0036232,H.Bryant,TE,KC,19.1,Fade,0.0,False
2025,14,DEN,00-0033881,E.Engram,TE,LV,19.0,Fade,0.0,False
2025,14,HOU,00-0039163,C.Stroud,QB,KC,19.0,Fade,0.0,False
2025,14,MIN,00-0036414,C.Akers,RB,WAS,18.9,Fade,0.0,False
2025,14,MIA,00-0036620,D.Eskridge,WR,NYJ,18.9,Fade,0.0,False
2025,14,CLE,00-0040162,D.Sampson,RB,TEN,18.9,Fade,0.0,False
2025,14,PHI,00-0036912,D.Smith,WR,LAC,18.9,Fade,0.0,False
2025,14,DET,00-0033106,J.Goff,QB,DAL,18.7,Fade,0.0,False
2025,14,PHI,00-0037086,G.Calcaterra,TE,LAC,18.6,Fade,0.0,False
2025,14,IND,00-0037664,A.Pierce,WR,JAX,18.6,Fade,0.0,False
2025,14,LAC,00-0040039,A.Johnson,RB,PHI,18.6,Fade,0.0,False
2025,14,CLE,00-0037267,J.Ford,RB,TEN,18.6,Fade,0.0,False
2025,14,HOU,00-0040138,J.Noel,WR,KC,18.5,Fade,0.0,False
2025,14,MIA,00-0034418,C.Wilson,WR,NYJ,18.5,Fade,0.0,False
2025,14,WAS,00-0033699,A.Ekeler,RB,MIN,18.5,Fade,0.0,False
2025,14,CLE,00-0040259,G.Larvadain,WR,TEN,18.5,Fade,0.0,False
2025,14,KC,00-0038104,T.Thornton,WR,HOU,18.5,Fade,0.0,False
2025,14,MIA,00-0036212,T.Tagovailoa,QB,NYJ,18.4,Fade,0.0,False
2025,14,CLE,00-0033885,D.Njoku,TE,TEN,18.4,Fade,1.0,True
2025,14,HOU,00-0038728,J.Wayne,WR,KC,18.3,Fade,0.0,False
2025,14,DET,00-0039364,S.Vaki,RB,DAL,18.3,Fade,0.0,False
2025,14,BAL,00-0030564,D.Hopkins,WR,PIT,18.3,Fade,0.0,False
2025,14,JAX,00-0036841,A.Trammell,WR,IND,18.2,Fade,0.0,False
2025,14,NO,00-0036741,J.Stoll,TE,TB,18.2,Fade,0.0,False
2025,14,NYJ,00-0034521,A.Lazard,WR,MIA,18.2,Fade,0.0,False
2025,14,LV,00-0030565,G.Smith,QB,DEN,18.1,Fade,0.0,False
2025,14,BUF,00-0035140,M.Hardman,WR,CIN,18.1,Fade,0.0,False
2025,14,BAL,00-0036630,T.Wallace,WR,PIT,18.0,Fade,0.0,False
2025,14,TEN,00-0039650,B.Oliver,WR,CLE,18.0,Fade,0.0,False
2025,14,CHI,00-0038416,T.Bagent,QB,GB,17.9,Fade,0.0,False
2025,14,CLE,00-0040663,H.Fannin,TE,TEN,17.9,Fade,1.0,True
2025,14,MIA,00-0039874,J.Wright,RB,NYJ,17.9,Fade,1.0,True
2025,14,LV,00-0031687,R.Mostert,RB,DEN,17.9,Fade,0.0,False
2025,14,DEN,00-0038976,M.Mims,WR,LV,17.9,Fade,0.0,False
2025,14,CIN,00-0039631,C.Grandy,TE,BUF,17.9,Fade,0.0,False
2025,14,WAS,00-0039686,C.Yankoff,TE,MIN,17.8,Fade,0.0,False
2025,14,HOU,00-0036898,D.Mills,QB,KC,17.8,Fade,0.0,False
2025,14,DEN,00-0036422,A.Trautman,TE,LV,17.8,Fade,0.0,False
2025,14,PIT,00-0039739,R.Wilson,WR,BAL,17.7,Fade,0.0,False
2025,14,GB,00-0039144,L.Musgrave,TE,CHI,17.7,Fade,0.0,False
2025,14,ATL,00-0036309,D.Mooney,WR,SEA,17.7,Fade,0.0,False
2025,14,NO,00-0033906,A.Kamara,RB,TB,17.6,Fade,0.0,False
2025,14,JAX,00-0038555,T.Bigsby,RB,IND,17.6,Fade,0.0,False
2025,14,IND,00-0038997,J.Downs,WR,JAX,17.6,Fade,0.0,False
2025,14,KC,00-0035662,M.Brown,WR,HOU,17.5,Fade,0.0,False
2025,14,LV,00-0040488,C.Runyon,TE,DEN,17.5,Fade,0.0,False
2025,14,LAC,00-0037012,T.Lance,QB,PHI,17.5,Fade,0.0,False
2025,14,LV,00-0032211,T.Lockett,WR,DEN,17.5,Fade,0.0,False
2025,14,MIA,00-0036182,N.Westbrook-Ikhine,WR,NYJ,17.5,Fade,0.0,False
2025,14,PIT,00-0037837,C.Austin,WR,BAL,17.5,Fade,0.0,False
2025,14,DAL,00-0040586,J.Blue,RB,DET,17.4,Fade,0.0,False
2025,14,SEA,00-0037545,R.Shaheed,WR,ATL,17.3,Fade,0.0,False
2025,14,LA,00-0040590,K.Mumpfield,WR,ARI,17.2,Fade,0.0,False
2025,14,ATL,00-0035359,D.Sills,WR,SEA,17.2,Fade,0.0,False
2025,14,CHI,00-0036290,C.Kmet,TE,GB,17.2,Fade,0.0,False
2025,14,CHI,00-0039021,R.Johnson,RB,GB,17.1,Fade,0.0,False
2025,14,PIT,00-0035298,S.Miller,WR,BAL,17.1,Fade,0.0,False
2025,14,PHI,00-0039746,W.Shipley,RB,LAC,17.1,Fade,0.0,False
2025,14,MIA,00-0039884,T.Washington,WR,NYJ,17.0,Fade,0.0,False
2025,14,NYJ,00-0033943,J.Reynolds,WR,MIA,17.0,Fade,0.0,False
2025,14,SEA,00-0040739,E.Arroyo,TE,ATL,17.0,Fade,0.0,False
2025,14,WAS,00-0036628,J.Bates,TE,MIN,16.9,Fade,0.0,False
2025,14,KC,00-0033857,J.Smith-Schuster,WR,HOU,16.9,Fade,0.0,False
2025,14,NO,00-0034981,F.Moreau,TE,TB,16.9,Fade,0.0,False
2025,14,LA,00-0039751,J.Whittington,WR,ARI,16.9,Fade,0.0,False
2025,14,LAC,00-0035291,T.Williams,RB,PHI,16.8,Fade,0.0,False
2025,14,LAC,00-0040727,T.Harris,WR,PHI,16.8,Fade,0.0,False
2025,14,MIN,00-0040494,M.Brosmer,QB,WAS,16.8,Fade,0.0,False
2025,14,TB,00-0034855,B.Mayfield,QB,NO,16.7,Fade,0.0,False
2025,14,KC,00-0038492,J.Brownlee,WR,HOU,16.7,Fade,0.0,False
2025,14,LV,00-0040729,J.Bech,WR,DEN,16.6,Fade,0.0,False
2025,14,ARI,00-0036332,J.Deguara,TE,LA,16.6,Fade,0.0,False
2025,14,KC,00-0035289,G.Minshew,QB,HOU,16.6,Fade,0.0,False
2025,14,PHI,00-0036876,K.Granson,TE,LAC,16.6,Fade,0.0,False
2025,14,PHI,00-0037741,J.Dotson,WR,LAC,16.5,Fade,0.0,False
2025,14,ATL,00-0037487,D.Thompkins,WR,SEA,16.4,Fade,0.0,False
2025,14,LAC,00-0037617,H.Haskins,RB,PHI,16.4,Fade,0.0,False
2025,14,MIA,00-0038720,J.Hill,TE,NYJ,16.4,Fade,0.0,False
2025,14,TB,00-0039050,P.Durham,TE,NO,16.4,Fade,0.0,False
2025,14,LAC,00-0034367,N.Miller-Hines,RB,PHI,16.4,Fade,0.0,False
2025,14,WAS,00-0033955,J.McNichols,RB,MIN,16.4,Fade,0.0,False
2025,14,SEA,00-0040673,J.Milroe,QB,ATL,16.3,Fade,0.0,False
2025,14,ARI,00-0039921,T.Benson,RB,LA,16.3,Fade,0.0,False
2025,14,TEN,00-0037594,J.Chestnut,RB,CLE,16.2,Fade,0.0,False
2025,14,ARI,00-0039849,M.Harrison,WR,LA,16.2,Fade,0.0,False
2025,14,CHI,00-0037329,B.Brown,RB,GB,16.1,Fade,0.0,False
2025,14,ARI,00-0039521,X.Weaver,WR,LA,16.1,Fade,0.0,False
2025,14,DEN,00-0038794,J.McLaughlin,RB,LV,16.1,Fade,0.0,False
2025,14,TEN,00-0036176,M.Kinsey,WR,CLE,16.0,Fade,0.0,False
2025,14,DEN,00-0039732,B.Nix,QB,LV,16.0,Fade,1.0,True
2025,14,GB,00-0038589,J.Whyle,TE,CHI,15.9,Fade,0.0,False
2025,14,ARI,00-0038705,E.Demercado,RB,LA,15.9,Fade,0.0,False
2025,14,JAX,00-0040238,L.Allen,RB,IND,15.9,Fade,0.0,False
2025,14,CLE,00-0040704,D.Gabriel,QB,TEN,15.8,Fade,0.0,False
2025,14,MIA,00-0037348,T.Conner,TE,NYJ,15.8,Fade,0.0,False
2025,14,NYJ,00-0039451,I.Williams,WR,MIA,15.7,Fade,0.0,False
2025,14,SEA,00-0040067,J.Wright,RB,ATL,15.7,Fade,0.0,False
2025,14,IND,00-0032104,A.Abdullah,RB,JAX,15.6,Fade,0.0,False
2025,14,IND,00-0040179,D.Giddens,RB,JAX,15.6,Fade,0.0,False
2025,14,CIN,00-0038576,C.Jones,WR,BUF,15.5,Fade,0.0,False
2025,14,IND,00-0039164,A.Richardson,QB,JAX,15.5,Fade,0.0,False
2025,14,MIA,00-0037252,G.Dulcich,TE,NYJ,15.4,Fade,0.0,False
2025,14,SEA,00-0037093,D.Young,WR,ATL,15.3,Fade,0.0,False
2025,14,KC,00-0039894,X.Worthy,WR,HOU,15.2,Fade,0.0,False
2025,14,ARI,00-0035628,D.Johnson,RB,LA,15.2,Fade,0.0,False
2025,14,IND,00-0040206,R.Leonard,QB,JAX,15.2,Fade,1.0,True
2025,14,ARI,00-0039737,T.Reiman,TE,LA,15.1,Fade,0.0,False
2025,14,IND,00-0039890,A.Mitchell,WR,JAX,15.1,Fade,0.0,False
2025,14,NO,00-0037231,K.Austin,WR,TB,15.1,Fade,0.0,False
2025,14,TEN,00-0032211,T.Lockett,WR,CLE,15.0,Fade,0.0,False
2025,14,MIA,00-0040234,Q.Ewers,QB,NYJ,15.0,Fade,0.0,False
2025,14,CHI,00-0039919,R.Odunze,WR,GB,15.0,Fade,0.0,False
2025,14,NYJ,00-0040582,A.Smith,WR,MIA,15.0,Fade,0.0,False
2025,14,DET,00-0034577,K.Allen,QB,DAL,15.0,Fade,0.0,False
2025,14,LAC,00-0034270,T.Conklin,TE,PHI,14.9,Fade,0.0,False
2025,14,SEA,00-0035704,D.Lock,QB,ATL,14.9,Fade,0.0,False
2025,14,KC,00-0036637,N.Gray,TE,HOU,14.8,Fade,0.0,False
2025,14,ATL,00-0040547,N.Carter,RB,SEA,14.8,Fade,0.0,False
2025,14,BAL,00-0033376,P.Ricard,RB,PIT,14.7,Fade,0.0,False
2025,14,ATL,00-0039394,Cas.Washington,WR,SEA,14.7,Fade,0.0,False
2025,14,TB,00-0031408,M.Evans,WR,NO,14.6,Fade,0.0,False
2025,14,SEA,00-0035311,M.Gaskin,RB,ATL,14.6,Fade,0.0,False
2025,14,PHI,00-0038496,X.Gipson,WR,LAC,14.5,Fade,0.0,False
2025,14,LV,00-0038040,Z.White,RB,DEN,14.5,Fade,0.0,False
2025,14,SEA,00-0040058,N.Kallerup,TE,ATL,14.5,Fade,0.0,False
2025,14,ATL,00-0034407,R.McCloud,WR,SEA,14.4,Fade,0.0,False
2025,14,DEN,00-0037085,T.Badie,RB,LV,14.4,Fade,0.0,False
2025,14,BUF,00-0036988,J.Palmer,WR,CIN,14.4,Fade,0.0,False
2025,14,LAC,00-0034159,W.Dissly,TE,PHI,14.3,Fade,0.0,False
2025,14,LV,00-0039407,D.Laube,RB,DEN,14.3,Fade,0.0,False
2025,14,PIT,00-0034771,M.Rudolph,QB,BAL,14.2,Fade,0.0,False
2025,14,BUF,00-0033869,M.Trubisky,QB,CIN,14.1,Fade,0.0,False
2025,14,MIA,00-0037013,Z.Wilson,QB,NYJ,14.1,Fade,0.0,False
2025,14,DEN,00-0037539,L.Krull,TE,LV,13.9,Fade,0.0,False
2025,14,KC,00-0038519,N.Remigio,WR,HOU,13.8,Fade,0.0,False
2025,14,IND,00-0037120,T.Goodson,RB,JAX,13.8,Fade,0.0,False
2025,14,PIT,00-0023459,A.Rodgers,QB,BAL,13.7,Fade,1.0,True
2025,14,CLE,00-0026158,J.Flacco,QB,TEN,13.5,Fade,0.0,False
2025,14,JAX,00-0033319,N.Mullens,QB,IND,13.4,Fade,0.0,False
2025,14,TB,00-0040429,J.Williams,RB,NO,13.0,Fade,0.0,False
2025,14,ATL,00-0038953,D.Drummond,WR,SEA,12.9,Fade,0.0,False
2025,14,DEN,00-0035406,L.Humphrey,WR,LV,12.9,Fade,0.0,False
2025,14,KC,00-0039824,J.Wiley,TE,HOU,12.9,Fade,0.0,False
2025,14,CHI,00-0034798,D.Smythe,TE,GB,12.8,Fade,0.0,False
2025,14,LV,00-0039066,M.Mayer,TE,DEN,12.8,Fade,0.0,False
2025,14,LA,00-0026498,M.Stafford,QB,ARI,12.7,Fade,0.0,False
2025,14,ATL,00-0034854,K.Hodge,WR,SEA,12.6,Fade,0.0,False
2025,14,TB,00-0038458,O.Wright,RB,NO,12.6,Fade,0.0,False
2025,14,PHI,00-0037614,J.Metchie,WR,LAC,12.5,Fade,0.0,False
2025,14,PHI,00-0038400,T.McKee,QB,LAC,12.5,Fade,0.0,False
2025,14,KC,00-0036360,C.Edwards-Helaire,RB,HOU,12.5,Fade,0.0,False
2025,14,LAC,00-0040184,K.Lambert-Smith,WR,PHI,12.3,Fade,0.0,False
2025,14,ARI,00-0035500,G.Dortch,WR,LA,12.3,Fade,0.0,False
2025,14,LAC,00-0038573,D.Davis,WR,PHI,12.2,Fade,0.0,False
2025,14,LV,00-0038102,K.Pickett,QB,DEN,12.0,Fade,0.0,False
2025,14,DEN,00-0038783,N.Adkins,TE,LV,12.0,Fade,0.0,False
2025,14,PHI,00-0040024,D.Cooper,WR,LAC,11.9,Fade,0.0,False
2025,14,IND,00-0039816,A.Gould,WR,JAX,11.4,Fade,0.0,False
2025,14,CLE,00-0040668,S.Sanders,QB,TEN,11.3,Fade,1.0,True
2025,14,IND,00-0040476,U.Bentley,RB,JAX,11.2,Fade,0.0,False
2025,14,KC,00-0036567,E.Mitchell,RB,HOU,11.1,Fade,0.0,False
2025,14,KC,00-0033757,R.Tonyan,TE,HOU,11.1,Fade,0.0,False
2025,14,HOU,00-0039458,B.Bates,TE,KC,11.1,Fade,0.0,False
2025,14,BAL,00-0033662,C.Rush,QB,PIT,11.0,Fade,0.0,False
2025,14,CLE,00-0038710,B.Whiteheart,TE,TEN,10.9,Fade,0.0,False
2025,14,CHI,00-0035594,T.Homer,RB,GB,10.8,Fade,0.0,False
2025,14,DET,00-0032464,K.Raymond,WR,DAL,10.3,Fade,0.0,False
2025,14,GB,00-0040009,S.Williams,WR,CHI,9.5,Fade,0.0,False
2025,14,LA,00-0031345,J.Garoppolo,QB,ARI,9.2,Fade,0.0,False
2025,14,TB,00-0031237,T.Bridgewater,QB,NO,9.1,Fade,0.0,False
2025,14,DET,00-0036754,B.Wright,TE,DAL,8.4,Fade,0.0,False
2025,14,LV,00-0040581,D.Thornton,WR,DEN,7.6,Fade,0.0,False
2025,14,LAC,00-0037654,T.Fisk,TE,PHI,7.0,Fade,0.0,False
2025,14,LV,00-0035602,A.Bachman,WR,DEN,6.9,Fade,0.0,False
2025,14,DEN,00-0035264,J.Stidham,QB,LV,6.4,Fade,0.0,False
2025,15,SF,00-0033280,C.McCaffrey,RB,TEN,45.7,Lock,1.0,True
2025,15,ATL,00-0038542,B.Robinson,RB,TB,44.3,Lock,1.0,True
2025,15,NYG,00-0040715,C.Skattebo,RB,WAS,42.5,Lock,0.0,False
2025,15,CLE,00-0040784,Q.Judkins,RB,CHI,41.9,Lock,0.0,False
2025,15,LV,00-0040122,A.Jeanty,RB,PHI,40.5,Lock,0.0,False
2025,15,DET,00-0039139,J.Gibbs,RB,LA,39.8,Lock,0.0,False
2025,15,BAL,00-0032764,D.Henry,RB,CIN,39.7,Lock,0.0,False
2025,15,NYJ,00-0039794,B.Allen,RB,JAX,38.8,Lock,0.0,False
2025,15,LAC,00-0040666,O.Hampton,RB,KC,38.1,Lock,0.0,False
2025,15,GB,00-0035700,J.Jacobs,RB,DEN,37.9,Lock,2.0,True
2025,15,MIA,00-0039040,D.Achane,RB,PIT,37.6,Lock,0.0,False
2025,15,NE,00-0036875,R.Stevenson,RB,BUF,37.3,Lock,0.0,False
2025,15,PIT,00-0037228,J.Warren,RB,MIA,37.2,Lock,0.0,False
2025,15,MIN,00-0037525,J.Mason,RB,DAL,36.2,Lock,0.0,False
2025,15,BAL,00-0035993,T.Huntley,QB,CIN,35.9,Lock,0.0,False
2025,15,GB,00-0038996,T.Kraft,TE,DEN,35.7,Lock,0.0,False
2025,15,TB,00-0039361,B.Irving,RB,ATL,35.6,Lock,0.0,False
2025,15,IND,00-0036223,J.Taylor,RB,SEA,35.2,Lock,0.0,False
2025,15,NYJ,00-0038120,B.Hall,RB,JAX,35.2,Lock,0.0,False
2025,15,WAS,00-0035659,T.McLaurin,WR,NYG,35.0,Lock,1.0,True
2025,15,KC,00-0033923,K.Hunt,RB,LAC,34.7,Lock,0.0,False
2025,15,NE,00-0040734,T.Henderson,RB,BUF,34.7,Lock,2.0,True
2025,15,ATL,00-0037263,T.Allgeier,RB,TB,34.5,Lock,0.0,False
2025,15,CIN,00-0038597,C.Brown,RB,BAL,34.4,Lock,0.0,False
2025,15,HOU,00-0040583,W.Marks,RB,ARI,34.1,Lock,0.0,False
2025,15,IND,00-0040128,T.Warren,TE,SEA,33.9,Lock,0.0,False
2025,15,MIN,00-0038994,J.Addison,WR,DAL,33.5,Lock,0.0,False
2025,15,PIT,00-0036919,K.Gainwell,RB,MIA,33.2,Lock,0.0,False
2025,15,MIN,00-0033293,A.Jones,RB,DAL,32.7,Lock,0.0,False
2025,15,NYG,00-0035535,D.Slayton,WR,WAS,32.4,Lock,0.0,False
2025,15,NYG,00-0029263,R.Wilson,QB,WAS,32.2,Lock,0.0,False
2025,15,WAS,00-0038611,C.Rodriguez,RB,NYG,31.9,Lock,0.0,False
2025,15,DAL,00-0036997,J.Williams,RB,MIN,31.5,Lock,1.0,True
2025,15,NO,00-0039623,M.Tipton,WR,CAR,31.4,Lock,0.0,False
2025,15,CLE,00-0040466,R.Sanders,RB,CHI,31.3,Lock,0.0,False
2025,15,BAL,00-0034753,M.Andrews,TE,CIN,31.2,Lock,0.0,False
2025,15,BUF,00-0037248,J.Cook,RB,NE,31.1,Lock,3.0,True
2025,15,WAS,00-0040242,J.Croskey-Merritt,RB,NYG,31.0,Lock,1.0,True
2025,15,MIN,00-0036322,J.Jefferson,WR,DAL,30.9,Lock,0.0,False
2025,15,LAC,00-0039391,K.Vidal,RB,KC,30.9,Lock,0.0,False
2025,15,MIN,00-0037291,J.Nailor,WR,DAL,30.7,Lock,2.0,True
2025,15,BAL,00-0038454,K.Mitchell,RB,CIN,30.7,Lock,0.0,False
2025,15,BUF,00-0034857,J.Allen,QB,NE,30.4,Lock,0.0,False
2025,15,WAS,00-0039355,L.McCaffrey,WR,NYG,30.4,Lock,0.0,False
2025,15,LA,00-0031381,D.Adams,WR,DET,30.3,Lock,0.0,False
2025,15,PHI,00-0034844,S.Barkley,RB,LV,30.3,Lock,1.0,True
2025,15,NE,00-0033090,H.Henry,TE,BUF,30.2,Lock,0.0,False
2025,15,LA,00-0036849,T.Atwell,WR,DET,30.1,Lock,0.0,False
2025,15,DAL,00-0037247,G.Pickens,WR,MIN,30.1,Lock,0.0,False
2025,15,TEN,00-0040705,C.Dike,WR,SF,30.0,Lock,0.0,False
2025,15,BAL,00-0039792,D.Walker,WR,CIN,29.9,Lock,0.0,False
2025,15,WAS,00-0040317,Ja.Jones,WR,NYG,29.8,Lock,0.0,False
2025,15,NYG,00-0040691,J.Dart,QB,WAS,29.7,Lock,0.0,False
2025,15,ARI,00-0035228,K.Murray,QB,HOU,29.6,Lock,0.0,False
2025,15,MIA,00-0031610,D.Waller,TE,PIT,29.5,Lock,2.0,True
2025,15,WAS,00-0033699,A.Ekeler,RB,NYG,29.3,Lean,0.0,False
2025,15,NYG,00-0038115,D.Bellinger,TE,WAS,29.2,Lean,0.0,False
2025,15,LAC,00-0040189,O.Gadsden,TE,KC,29.2,Lean,0.0,False
2025,15,LA,00-0039075,P.Nacua,WR,DET,29.2,Lean,0.0,False
2025,15,DET,00-0036963,A.St. Brown,WR,LA,29.0,Lean,2.0,True
2025,15,NYG,00-0039337,M.Nabers,WR,WAS,28.9,Lean,0.0,False
2025,15,MIA,00-0036613,J.Waddle,WR,PIT,28.6,Lean,0.0,False
2025,15,ARI,00-0033553,J.Conner,RB,HOU,28.6,Lean,0.0,False
2025,15,CIN,00-0038839,M.Tinsley,WR,BAL,28.4,Lean,0.0,False
2025,15,DEN,00-0036158,J.Dobbins,RB,GB,28.4,Lean,0.0,False
2025,15,LA,00-0037840,K.Williams,RB,DET,28.3,Lean,2.0,True
2025,15,NYG,00-0039847,T.Johnson,TE,WAS,28.3,Lean,0.0,False
2025,15,DAL,00-0036358,C.Lamb,WR,MIN,28.2,Lean,0.0,False
2025,15,NE,00-0039851,D.Maye,QB,BUF,28.2,Lean,2.0,True
2025,15,BAL,00-0038046,C.Kolar,TE,CIN,28.2,Lean,0.0,False
2025,15,BAL,00-0039796,R.Ali,RB,CIN,28.1,Lean,1.0,True
2025,15,CAR,00-0036139,R.Dowdle,RB,NO,28.1,Lean,1.0,True
2025,15,BAL,00-0034975,J.Hill,RB,CIN,28.1,Lean,0.0,False
2025,15,BAL,00-0034796,L.Jackson,QB,CIN,28.0,Lean,0.0,False
2025,15,DET,00-0035685,D.Montgomery,RB,LA,27.9,Lean,1.0,True
2025,15,NO,00-0033357,T.Hill,TE,CAR,27.6,Lean,0.0,False
2025,15,CIN,00-0036900,J.Chase,WR,BAL,27.6,Lean,0.0,False
2025,15,WAS,00-0033591,N.Brown,WR,NYG,27.6,Lean,0.0,False
2025,15,IND,00-0035710,D.Jones,QB,SEA,27.5,Lean,0.0,False
2025,15,TB,00-0037256,R.White,RB,ATL,27.5,Lean,0.0,False
2025,15,WAS,00-0035719,D.Samuel,WR,NYG,27.4,Lean,0.0,False
2025,15,LA,00-0036244,C.Parkinson,TE,DET,27.4,Lean,2.0,True
2025,15,JAX,00-0036973,T.Etienne,RB,NYJ,27.4,Lean,3.0,True
2025,15,NYG,00-0035250,D.Singletary,RB,WAS,27.3,Lean,0.0,False
2025,15,TEN,00-0034837,C.Ridley,WR,SF,27.3,Lean,0.0,False
2025,15,LV,00-0039338,B.Bowers,TE,PHI,27.3,Lean,0.0,False
2025,15,BAL,00-0037838,I.Likely,TE,CIN,27.2,Lean,0.0,False
2025,15,TB,00-0040237,T.Johnson,WR,ATL,27.2,Lean,0.0,False
2025,15,NYJ,00-0039890,A.Mitchell,WR,JAX,27.2,Lean,1.0,True
2025,15,IND,00-0037292,A.Ogletree,TE,SEA,27.0,Lean,0.0,False
2025,15,ARI,00-0037157,Z.Knight,RB,HOU,27.0,Lean,0.0,False
2025,15,NO,00-0037545,R.Shaheed,WR,CAR,26.9,Lean,0.0,False
2025,15,CHI,00-0040236,K.Monangai,RB,CLE,26.9,Lean,0.0,False
2025,15,DEN,00-0039868,T.Franklin,WR,GB,26.9,Lean,1.0,True
2025,15,NO,00-0037340,Z.Mitchell-Paden,TE,CAR,26.9,Lean,0.0,False
2025,15,NYG,00-0036165,I.Hodgins,WR,WAS,26.8,Lean,0.0,False
2025,15,SEA,00-0039165,Z.Charbonnet,RB,IND,26.8,Lean,0.0,False
2025,15,ARI,00-0037744,T.McBride,TE,HOU,26.8,Lean,2.0,True
2025,15,NYJ,00-0036427,T.Johnson,WR,JAX,26.7,Lean,0.0,False
2025,15,BUF,00-0037261,K.Shakir,WR,NE,26.7,Lean,0.0,False
2025,15,NE,00-0036328,A.Gibson,RB,BUF,26.7,Lean,0.0,False
2025,15,NO,00-0036040,J.Johnson,TE,CAR,26.7,Lean,0.0,False
2025,15,NO,00-0037239,C.Olave,WR,CAR,26.7,Lean,1.0,True
2025,15,NO,00-0039373,A.Estime,RB,CAR,26.7,Lean,0.0,False
2025,15,BAL,00-0039064,Z.Flowers,WR,CIN,26.6,Lean,1.0,True
2025,15,CLE,00-0040704,D.Gabriel,QB,CHI,26.6,Lean,0.0,False
2025,15,SF,00-0036259,J.Jennings,WR,TEN,26.6,Lean,2.0,True
2025,15,WAS,00-0033955,J.McNichols,RB,NYG,26.5,Lean,0.0,False
2025,15,TEN,00-0035261,T.Pollard,RB,SF,26.5,Lean,1.0,True
2025,15,TEN,00-0040170,E.Ayomanor,WR,SF,26.4,Lean,0.0,False
2025,15,TEN,00-0036415,V.Jefferson,WR,SF,26.4,Lean,0.0,False
2025,15,LAC,00-0038544,Q.Johnston,WR,KC,26.4,Lean,0.0,False
2025,15,TEN,00-0040522,X.Restrepo,WR,SF,26.2,Lean,0.0,False
2025,15,KC,00-0039067,R.Rice,WR,LAC,26.2,Lean,0.0,False
2025,15,TEN,00-0039032,T.Spears,RB,SF,26.1,Lean,0.0,False
2025,15,MIN,00-0040154,T.Felton,WR,DAL,26.0,Lean,0.0,False
2025,15,CLE,00-0036407,J.Jeudy,WR,CHI,26.0,Lean,0.0,False
2025,15,CLE,00-0040668,S.Sanders,QB,CHI,26.0,Lean,0.0,False
2025,15,TEN,00-0036133,J.Proche,WR,SF,26.0,Lean,0.0,False
2025,15,NYG,00-0035406,L.Humphrey,WR,WAS,25.9,Lean,1.0,True
2025,15,NYG,00-0038117,W.Robinson,WR,WAS,25.9,Lean,1.0,True
2025,15,NO,00-0039424,D.Vele,WR,CAR,25.9,Lean,0.0,False
2025,15,LA,00-0038359,X.Smith,WR,DET,25.8,Lean,0.0,False
2025,15,WAS,00-0037524,T.Martin,WR,NYG,25.7,Lean,0.0,False
2025,15,WAS,00-0032268,M.Mariota,QB,NYG,25.7,Lean,0.0,False
2025,15,TB,00-0040129,E.Egbuka,WR,ATL,25.6,Lean,0.0,False
2025,15,HOU,00-0036554,N.Collins,WR,ARI,25.5,Lean,2.0,True
2025,15,CHI,00-0036275,D.Swift,RB,CLE,25.5,Lean,2.0,True
2025,15,DET,00-0040669,I.TeSlaa,WR,LA,25.4,Lean,0.0,False
2025,15,DAL,00-0035243,M.Sanders,RB,MIN,25.4,Lean,0.0,False
2025,15,CIN,00-0033526,S.Perine,RB,BAL,25.4,Lean,0.0,False
2025,15,NYG,00-0035645,G.Olszewski,WR,WAS,25.3,Lean,0.0,False
2025,15,NE,00-0032392,A.Hooper,TE,BUF,25.3,Lean,0.0,False
2025,15,WAS,00-0032398,C.Moore,WR,NYG,25.3,Lean,0.0,False
2025,15,DEN,00-0040730,R.Harvey,RB,GB,25.2,Lean,1.0,True
2025,15,ARI,00-0039921,T.Benson,RB,HOU,25.2,Lean,0.0,False
2025,15,PIT,00-0036894,P.Freiermuth,TE,MIA,25.1,Fringe,0.0,False
2025,15,SEA,00-0033576,E.Saubert,TE,IND,25.1,Fringe,0.0,False
2025,15,MIN,00-0035229,T.Hockenson,TE,DAL,25.1,Fringe,0.0,False
2025,15,SEA,00-0038134,K.Walker,RB,IND,25.1,Fringe,0.0,False
2025,15,WAS,00-0037742,T.Burks,WR,NYG,25.0,Fringe,0.0,False
2025,15,ARI,00-0033119,J.Brissett,QB,HOU,25.0,Fringe,0.0,False
2025,15,TEN,00-0040676,C.Ward,QB,SF,24.9,Fringe,0.0,False
2025,15,KC,00-0030506,T.Kelce,TE,LAC,24.9,Fringe,0.0,False
2025,15,TB,00-0038951,S.Tucker,RB,ATL,24.9,Fringe,1.0,True
2025,15,BAL,00-0037340,Z.Mitchell-Paden,TE,CIN,24.9,Fringe,0.0,False
2025,15,NYG,00-0031503,J.Winston,QB,WAS,24.7,Fringe,0.0,False
2025,15,MIN,00-0038440,Z.Scott,RB,DAL,24.7,Fringe,0.0,False
2025,15,IND,00-0033217,M.Alie-Cox,TE,SEA,24.7,Fringe,0.0,False
2025,15,HOU,00-0037258,D.Pierce,RB,ARI,24.6,Fringe,0.0,False
2025,15,CIN,00-0034613,T.Hudson,TE,BAL,24.6,Fringe,0.0,False
2025,15,ARI,00-0038559,Mi.Wilson,WR,HOU,24.6,Fringe,1.0,True
2025,15,BUF,00-0036196,G.Davis,WR,NE,24.6,Fringe,0.0,False
2025,15,PHI,00-0038555,T.Bigsby,RB,LV,24.5,Fringe,0.0,False
2025,15,LA,00-0033110,T.Higbee,TE,DET,24.5,Fringe,0.0,False
2025,15,CAR,00-0036555,C.Hubbard,RB,NO,24.5,Fringe,0.0,False
2025,15,BAL,00-0030564,D.Hopkins,WR,CIN,24.4,Fringe,0.0,False
2025,15,NO,00-0034860,D.Pettis,WR,CAR,24.4,Fringe,0.0,False
2025,15,LAC,00-0036355,J.Herbert,QB,KC,24.4,Fringe,0.0,False
2025,15,LAC,00-0034270,T.Conklin,TE,KC,24.4,Fringe,0.0,False
2025,15,JAX,00-0040719,B.Tuten,RB,NYJ,24.4,Fringe,1.0,True
2025,15,TEN,00-0039650,B.Oliver,WR,SF,24.3,Fringe,0.0,False
2025,15,MIN,00-0035249,J.Oliver,TE,DAL,24.3,Fringe,0.0,False
2025,15,BAL,00-0036630,T.Wallace,WR,CIN,24.3,Fringe,0.0,False
2025,15,CIN,00-0034829,M.Gesicki,TE,BAL,24.3,Fringe,0.0,False
2025,15,SF,00-0033307,K.Bourne,WR,TEN,24.3,Fringe,0.0,False
2025,15,TB,00-0031408,M.Evans,WR,ATL,24.3,Fringe,0.0,False
2025,15,CLE,00-0040782,I.Bond,WR,CHI,24.3,Fringe,0.0,False
2025,15,NYG,00-0039384,T.Tracy,RB,WAS,24.2,Fringe,2.0,True
2025,15,DAL,00-0039410,R.Flournoy,WR,MIN,24.2,Fringe,0.0,False
2025,15,DET,00-0037240,J.Williams,WR,LA,24.2,Fringe,1.0,True
2025,15,NE,00-0038608,K.Boutte,WR,BUF,24.1,Fringe,0.0,False
2025,15,CLE,00-0026158,J.Flacco,QB,CHI,24.1,Fringe,0.0,False
2025,15,BUF,00-0031236,B.Cooks,WR,NE,24.1,Fringe,0.0,False
2025,15,WAS,00-0040164,J.Lane,WR,NYG,24.1,Fringe,0.0,False
2025,15,BUF,00-0038933,D.Kincaid,TE,NE,24.0,Fringe,0.0,False
2025,15,NO,00-0040743,T.Shough,QB,CAR,24.0,Fringe,0.0,False
2025,15,JAX,00-0034960,J.Meyers,WR,NYJ,23.9,Fringe,0.0,False
2025,15,NE,00-0038621,D.Douglas,WR,BUF,23.9,Fringe,0.0,False
2025,15,NO,00-0040202,D.Neal,RB,CAR,23.9,Fringe,1.0,True
2025,15,NE,00-0031588,S.Diggs,WR,BUF,23.9,Fringe,0.0,False
2025,15,IND,00-0035021,A.Dulin,WR,SEA,23.9,Fringe,0.0,False
2025,15,HOU,00-0034419,B.Berrios,WR,ARI,23.8,Fringe,0.0,False
2025,15,SF,00-0039916,R.Pearsall,WR,TEN,23.8,Fringe,0.0,False
2025,15,MIA,00-0037252,G.Dulcich,TE,PIT,23.8,Fringe,0.0,False
2025,15,SEA,00-0039793,A.Barner,TE,IND,23.8,Fringe,0.0,False
2025,15,HOU,00-0034386,J.Watson,WR,ARI,23.7,Fringe,0.0,False
2025,15,SEA,00-0038543,J.Smith-Njigba,WR,IND,23.7,Fringe,0.0,False
2025,15,BUF,00-0039901,K.Coleman,WR,NE,23.7,Fringe,0.0,False
2025,15,CLE,00-0037267,J.Ford,RB,CHI,23.6,Fringe,0.0,False
2025,15,MIA,00-0040198,O.Gordon,RB,PIT,23.6,Fringe,0.0,False
2025,15,MIA,00-0033040,T.Hill,WR,PIT,23.6,Fringe,0.0,False
2025,15,IND,00-0040206,R.Leonard,QB,SEA,23.6,Fringe,0.0,False
2025,15,MIN,00-0030035,A.Thielen,WR,DAL,23.5,Fringe,0.0,False
2025,15,ATL,00-0040547,N.Carter,RB,TB,23.5,Fringe,0.0,False
2025,15,LV,00-0031687,R.Mostert,RB,PHI,23.5,Fringe,0.0,False
2025,15,CAR,00-0039150,B.Young,QB,NO,23.4,Fringe,0.0,False
2025,15,LAC,00-0036755,J.Patterson,RB,KC,23.4,Fringe,0.0,False
2025,15,HOU,00-0034775,C.Kirk,WR,ARI,23.4,Fringe,0.0,False
2025,15,CLE,00-0039379,J.Thrash,WR,CHI,23.3,Fringe,0.0,False
2025,15,TB,00-0033921,C.Godwin,WR,ATL,23.3,Fringe,1.0,True
2025,15,MIA,00-0039880,M.Washington,WR,PIT,23.2,Fringe,0.0,False
2025,15,ARI,00-0036924,M.Carter,RB,HOU,23.2,Fringe,0.0,False
2025,15,SF,00-0033288,G.Kittle,TE,TEN,23.1,Fringe,1.0,True
2025,15,BAL,00-0036550,R.Bateman,WR,CIN,23.1,Fringe,0.0,False
2025,15,LAC,00-0034159,W.Dissly,TE,KC,23.1,Fringe,0.0,False
2025,15,MIA,00-0038720,J.Hill,TE,PIT,23.0,Fringe,0.0,False
2025,15,DAL,00-0037666,J.Tolbert,WR,MIN,23.0,Fringe,0.0,False
2025,15,PIT,00-0033858,J.Smith,TE,MIA,23.0,Fringe,1.0,True
2025,15,TEN,00-0040584,G.Helm,TE,SF,23.0,Fringe,1.0,True
2025,15,TB,00-0034855,B.Mayfield,QB,ATL,23.0,Fringe,0.0,False
2025,15,NYG,00-0031484,C.Manhertz,TE,WAS,23.0,Fringe,0.0,False
2025,15,DEN,00-0039732,B.Nix,QB,GB,22.9,Fringe,0.0,False
2025,15,MIA,00-0039874,J.Wright,RB,PIT,22.9,Fringe,0.0,False
2025,15,DAL,00-0037801,K.Turpin,WR,MIN,22.9,Fringe,0.0,False
2025,15,CAR,00-0040187,M.Evans,TE,NO,22.9,Fringe,0.0,False
2025,15,BUF,00-0033282,C.Samuel,WR,NE,22.8,Fringe,0.0,False
2025,15,HOU,00-0034383,D.Schultz,TE,ARI,22.8,Fringe,1.0,True
2025,15,TEN,00-0037594,J.Chestnut,RB,SF,22.8,Fringe,0.0,False
2025,15,DEN,00-0034348,C.Sutton,WR,GB,22.8,Fringe,1.0,True
2025,15,NO,00-0036741,J.Stoll,TE,CAR,22.8,Fringe,0.0,False
2025,15,NO,00-0034981,F.Moreau,TE,CAR,22.7,Fringe,0.0,False
2025,15,CLE,00-0038979,C.Tillman,WR,CHI,22.7,Fringe,0.0,False
2025,15,CLE,00-0040663,H.Fannin,TE,CHI,22.7,Fringe,0.0,False
2025,15,KC,00-0040078,B.Smith,RB,LAC,22.6,Fringe,0.0,False
2025,15,BUF,00-0038679,T.Shavers,WR,NE,22.6,Fringe,0.0,False
2025,15,ARI,00-0038705,E.Demercado,RB,HOU,22.6,Fringe,0.0,False
2025,15,KC,00-0037197,I.Pacheco,RB,LAC,22.6,Fringe,0.0,False
2025,15,LAC,00-0030279,K.Allen,WR,KC,22.6,Fringe,0.0,False
2025,15,DEN,00-0036959,M.Bandy,WR,GB,22.5,Fringe,1.0,True
2025,15,NYJ,00-0037614,J.Metchie,WR,JAX,22.5,Fringe,0.0,False
2025,15,LV,00-0038891,S.Jackson,WR,PHI,22.5,Fringe,0.0,False
2025,15,NE,00-0035628,D.Johnson,RB,BUF,22.4,Fringe,0.0,False
2025,15,CAR,00-0040124,T.McMillan,WR,NO,22.4,Fringe,0.0,False
2025,15,GB,00-0038797,E.Wilson,RB,DEN,22.4,Fringe,0.0,False
2025,15,CAR,00-0039356,J.Sanders,TE,NO,22.4,Fringe,0.0,False
2025,15,MIA,00-0037348,T.Conner,TE,PIT,22.4,Fringe,0.0,False
2025,15,CIN,00-0035644,N.Fant,TE,BAL,22.4,Fringe,0.0,False
2025,15,CIN,00-0035631,D.Sample,TE,BAL,22.4,Fringe,0.0,False
2025,15,SF,00-0037112,J.Tonges,TE,TEN,22.3,Fringe,0.0,False
2025,15,WAS,00-0032688,R.Chosen,WR,NYG,22.3,Fringe,0.0,False
2025,15,SEA,00-0035891,C.White,WR,IND,22.3,Fringe,0.0,False
2025,15,TEN,00-0036176,M.Kinsey,WR,SF,22.3,Fringe,0.0,False
2025,15,SF,00-0038090,S.Moore,WR,TEN,22.2,Fringe,0.0,False
2025,15,PIT,00-0035640,D.Metcalf,WR,MIA,22.2,Fringe,1.0,True
2025,15,CLE,00-0040259,G.Larvadain,WR,CHI,22.2,Fringe,0.0,False
2025,15,TB,00-0032385,S.Shepard,WR,ATL,22.2,Fringe,0.0,False
2025,15,DET,00-0039065,S.LaPorta,TE,LA,22.1,Fringe,0.0,False
2025,15,DET,00-0033106,J.Goff,QB,LA,22.1,Fringe,0.0,False
2025,15,BUF,00-0035689,D.Knox,TE,NE,22.1,Fringe,2.0,True
2025,15,LAC,00-0039915,L.McConkey,WR,KC,22.1,Fringe,0.0,False
2025,15,SF,00-0032775,D.Robinson,WR,TEN,22.0,Fringe,0.0,False
2025,15,LA,00-0039751,J.Whittington,WR,DET,22.0,Fringe,0.0,False
2025,15,HOU,00-0039458,B.Bates,TE,ARI,22.0,Fringe,0.0,False
2025,15,ATL,00-0039917,M.Penix,QB,TB,22.0,Fringe,0.0,False
2025,15,TB,00-0038824,R.Miller,WR,ATL,21.9,Fringe,0.0,False
2025,15,BUF,00-0040194,J.Hawes,TE,NE,21.9,Fringe,0.0,False
2025,15,NYJ,00-0036945,J.Fields,QB,JAX,21.9,Fringe,0.0,False
2025,15,CAR,00-0037005,T.Tremble,TE,NO,21.9,Fringe,0.0,False
2025,15,SF,00-0040172,J.Watkins,WR,TEN,21.9,Fringe,0.0,False
2025,15,NYG,00-0034407,R.McCloud,WR,WAS,21.8,Fringe,0.0,False
2025,15,MIN,00-0039923,J.McCarthy,QB,DAL,21.8,Fringe,1.0,True
2025,15,MIN,00-0036414,C.Akers,RB,DAL,21.8,Fringe,0.0,False
2025,15,PIT,00-0038558,D.Washington,TE,MIA,21.8,Fringe,0.0,False
2025,15,CIN,00-0038619,A.Iosivas,WR,BAL,21.8,Fringe,0.0,False
2025,15,HOU,00-0039603,B.Brooks,RB,ARI,21.8,Fringe,0.0,False
2025,15,TEN,00-0039648,D.Martin-Robinson,TE,SF,21.7,Fringe,0.0,False
2025,15,LA,00-0039738,B.Corum,RB,DET,21.7,Fringe,1.0,True
2025,15,LA,00-0040590,K.Mumpfield,WR,DET,21.7,Fringe,0.0,False
2025,15,HOU,00-0039359,C.Stover,TE,ARI,21.6,Fringe,0.0,False
2025,15,CHI,00-0040126,C.Loveland,TE,CLE,21.6,Fringe,0.0,False
2025,15,ATL,00-0037238,D.London,WR,TB,21.6,Fringe,0.0,False
2025,15,NE,00-0033555,M.Hollins,WR,BUF,21.6,Fringe,0.0,False
2025,15,LAC,00-0037654,T.Fisk,TE,KC,21.6,Fringe,0.0,False
2025,15,SEA,00-0040648,T.Horton,WR,IND,21.6,Fringe,0.0,False
2025,15,LA,00-0040737,T.Ferguson,TE,DET,21.5,Fade,0.0,False
2025,15,BUF,00-0036988,J.Palmer,WR,NE,21.4,Fade,0.0,False
2025,15,IND,00-0036252,M.Pittman,WR,SEA,21.4,Fade,0.0,False
2025,15,CAR,00-0039342,X.Legette,WR,NO,21.3,Fade,0.0,False
2025,15,TEN,00-0032211,T.Lockett,WR,SF,21.3,Fade,0.0,False
2025,15,ATL,00-0036309,D.Mooney,WR,TB,21.3,Fade,0.0,False
2025,15,IND,00-0039164,A.Richardson,QB,SEA,21.2,Fade,0.0,False
2025,15,DAL,00-0038041,J.Ferguson,TE,MIN,21.2,Fade,0.0,False
2025,15,NYG,00-0038938,J.Hyatt,WR,WAS,21.2,Fade,0.0,False
2025,15,ATL,00-0035359,D.Sills,WR,TB,21.2,Fade,0.0,False
2025,15,NO,00-0038551,K.Miller,RB,CAR,21.2,Fade,0.0,False
2025,15,WAS,00-0030061,Z.Ertz,TE,NYG,21.2,Fade,0.0,False
2025,15,NYJ,00-0037805,J.Ruckert,TE,JAX,21.1,Fade,0.0,False
2025,15,LA,00-0039074,D.Allen,TE,DET,20.9,Fade,0.0,False
2025,15,DAL,00-0033077,D.Prescott,QB,MIN,20.9,Fade,0.0,False
2025,15,CAR,00-0037282,J.Mitchell,TE,NO,20.9,Fade,0.0,False
2025,15,MIN,00-0032950,C.Wentz,QB,DAL,20.9,Fade,0.0,False
2025,15,PIT,00-0040142,K.Johnson,RB,MIA,20.9,Fade,0.0,False
2025,15,CLE,00-0039920,M.Corley,WR,CHI,20.8,Fade,0.0,False
2025,15,IND,00-0037664,A.Pierce,WR,SEA,20.7,Fade,0.0,False
2025,15,BAL,00-0033376,P.Ricard,RB,CIN,20.7,Fade,0.0,False
2025,15,KC,00-0033873,P.Mahomes,QB,LAC,20.6,Fade,1.0,True
2025,15,NE,00-0040131,K.Williams,WR,BUF,20.6,Fade,0.0,False
2025,15,JAX,00-0036497,T.Jones,WR,NYJ,20.6,Fade,0.0,False
2025,15,GB,00-0037306,J.FitzPatrick,TE,DEN,20.6,Fade,0.0,False
2025,15,ARI,00-0035500,G.Dortch,WR,HOU,20.5,Fade,0.0,False
2025,15,TB,00-0039589,K.Johnson,WR,ATL,20.4,Fade,0.0,False
2025,15,PHI,00-0035676,A.Brown,WR,LV,20.4,Fade,1.0,True
2025,15,ATL,00-0038953,D.Drummond,WR,TB,20.4,Fade,0.0,False
2025,15,LV,00-0038040,Z.White,RB,PHI,20.3,Fade,0.0,False
2025,15,BUF,00-0036980,E.Moore,WR,NE,20.3,Fade,0.0,False
2025,15,CIN,00-0039631,C.Grandy,TE,BAL,20.3,Fade,0.0,False
2025,15,LV,00-0039407,D.Laube,RB,PHI,20.2,Fade,0.0,False
2025,15,NYJ,00-0037740,G.Wilson,WR,JAX,20.2,Fade,0.0,False
2025,15,JAX,00-0033375,T.Patrick,WR,NYJ,20.2,Fade,0.0,False
2025,15,HOU,00-0038618,X.Hutchinson,WR,ARI,20.1,Fade,0.0,False
2025,15,NO,00-0031236,B.Cooks,WR,CAR,20.1,Fade,0.0,False
2025,15,DET,00-0035544,T.Kennedy,WR,LA,20.1,Fade,0.0,False
2025,15,HOU,00-0034791,N.Chubb,RB,ARI,20.1,Fade,0.0,False
2025,15,ARI,00-0033891,Z.Jones,WR,HOU,20.0,Fade,0.0,False
2025,15,IND,00-0038997,J.Downs,WR,SEA,20.0,Fade,1.0,True
2025,15,CAR,00-0039491,J.Coker,WR,NO,20.0,Fade,1.0,True
2025,15,GB,00-0038589,J.Whyle,TE,DEN,20.0,Fade,0.0,False
2025,15,LV,00-0038563,T.Tucker,WR,PHI,19.9,Fade,0.0,False
2025,15,BUF,00-0039875,R.Davis,RB,NE,19.9,Fade,0.0,False
2025,15,MIA,00-0036620,D.Eskridge,WR,PIT,19.9,Fade,0.0,False
2025,15,HOU,00-0040130,J.Higgins,WR,ARI,19.8,Fade,0.0,False
2025,15,CIN,00-0035100,J.Browning,QB,BAL,19.8,Fade,0.0,False
2025,15,HOU,00-0033854,D.Ogunbowale,RB,ARI,19.8,Fade,0.0,False
2025,15,SF,00-0037746,B.Robinson,RB,TEN,19.8,Fade,0.0,False
2025,15,MIN,00-0038809,B.Sims,TE,DAL,19.7,Fade,0.0,False
2025,15,CHI,00-0039919,R.Odunze,WR,CLE,19.7,Fade,0.0,False
2025,15,CHI,00-0036290,C.Kmet,TE,CLE,19.6,Fade,0.0,False
2025,15,LV,00-0034960,J.Meyers,WR,PHI,19.6,Fade,0.0,False
2025,15,SEA,00-0033908,C.Kupp,WR,IND,19.6,Fade,0.0,False
2025,15,SF,00-0034272,M.Valdes-Scantling,WR,TEN,19.6,Fade,1.0,True
2025,15,CAR,00-0036425,D.Dallas,RB,NO,19.6,Fade,0.0,False
2025,15,NYJ,00-0039798,I.Davis,RB,JAX,19.6,Fade,1.0,True
2025,15,NE,00-0033949,J.Dobbs,QB,BUF,19.5,Fade,0.0,False
2025,15,MIA,00-0034418,C.Wilson,WR,PIT,19.5,Fade,0.0,False
2025,15,TEN,00-0037809,C.Okonkwo,TE,SF,19.4,Fade,0.0,False
2025,15,LAC,00-0036893,N.Harris,RB,KC,19.4,Fade,0.0,False
2025,15,WAS,00-0039912,B.Sinnott,TE,NYG,19.4,Fade,0.0,False
2025,15,DET,00-0034073,R.Dwelley,TE,LA,19.4,Fade,0.0,False
2025,15,ATL,00-0037487,D.Thompkins,WR,TB,19.3,Fade,0.0,False
2025,15,ATL,00-0029604,K.Cousins,QB,TB,19.3,Fade,0.0,False
2025,15,LAC,00-0040727,T.Harris,WR,KC,19.3,Fade,0.0,False
2025,15,BUF,00-0035537,Ty.Johnson,RB,NE,19.2,Fade,0.0,False
2025,15,JAX,00-0036626,D.Brown,WR,NYJ,19.2,Fade,0.0,False
2025,15,GB,00-0037816,R.Doubs,WR,DEN,19.2,Fade,0.0,False
2025,15,PHI,00-0036912,D.Smith,WR,LV,19.2,Fade,0.0,False
2025,15,DET,00-0033455,A.Firkser,TE,LA,19.1,Fade,0.0,False
2025,15,JAX,00-0036971,T.Lawrence,QB,NYJ,19.1,Fade,1.0,True
2025,15,KC,00-0036637,N.Gray,TE,LAC,19.1,Fade,0.0,False
2025,15,GB,00-0039144,L.Musgrave,TE,DEN,19.0,Fade,0.0,False
2025,15,GB,00-0038124,C.Watson,WR,DEN,19.0,Fade,0.0,False
2025,15,CAR,00-0040644,T.Etienne,RB,NO,18.9,Fade,0.0,False
2025,15,HOU,00-0040138,J.Noel,WR,ARI,18.9,Fade,0.0,False
2025,15,HOU,00-0038728,J.Wayne,WR,ARI,18.9,Fade,0.0,False
2025,15,CIN,00-0040208,T.Brooks,RB,BAL,18.9,Fade,0.0,False
2025,15,DET,00-0034577,K.Allen,QB,LA,18.9,Fade,0.0,False
2025,15,PHI,00-0034351,D.Goedert,TE,LV,18.9,Fade,2.0,True
2025,15,LV,00-0036423,A.Okwuegbunam,TE,PHI,18.9,Fade,0.0,False
2025,15,JAX,00-0038606,P.Washington,WR,NYJ,18.8,Fade,0.0,False
2025,15,DEN,00-0034487,T.Sherfield,WR,GB,18.8,Fade,0.0,False
2025,15,CAR,00-0038840,B.Tremayne,WR,NO,18.8,Fade,0.0,False
2025,15,LV,00-0040729,J.Bech,WR,PHI,18.8,Fade,0.0,False
2025,15,PHI,00-0036389,J.Hurts,QB,LV,18.8,Fade,0.0,False
2025,15,DET,00-0038896,J.Saylors,RB,LA,18.7,Fade,0.0,False
2025,15,SF,00-0036887,L.Farrell,TE,TEN,18.7,Fade,0.0,False
2025,15,KC,00-0038519,N.Remigio,WR,LAC,18.6,Fade,0.0,False
2025,15,SEA,00-0039299,G.Holani,RB,IND,18.6,Fade,0.0,False
2025,15,BUF,00-0033869,M.Trubisky,QB,NE,18.5,Fade,0.0,False
2025,15,MIA,00-0036182,N.Westbrook-Ikhine,WR,PIT,18.5,Fade,0.0,False
2025,15,ARI,00-0038640,J.Brooks,WR,HOU,18.5,Fade,0.0,False
2025,15,NO,00-0033906,A.Kamara,RB,CAR,18.4,Fade,0.0,False
2025,15,ATL,00-0039394,Cas.Washington,WR,TB,18.4,Fade,0.0,False
2025,15,LV,00-0038102,K.Pickett,QB,PHI,18.4,Fade,0.0,False
2025,15,CHI,00-0039918,C.Williams,QB,CLE,18.3,Fade,0.0,False
2025,15,CAR,00-0040218,Ji.Horn,WR,NO,18.3,Fade,0.0,False
2025,15,DET,00-0032464,K.Raymond,WR,LA,18.2,Fade,0.0,False
2025,15,LV,00-0039066,M.Mayer,TE,PHI,18.2,Fade,0.0,False
2025,15,PIT,00-0036862,B.Skowronek,WR,MIA,18.2,Fade,0.0,False
2025,15,CHI,00-0034827,D.Moore,WR,CLE,18.2,Fade,2.0,True
2025,15,KC,00-0038104,T.Thornton,WR,LAC,18.1,Fade,0.0,False
2025,15,ATL,00-0034407,R.McCloud,WR,TB,18.1,Fade,0.0,False
2025,15,NO,00-0038397,E.Hull,RB,CAR,18.0,Fade,0.0,False
2025,15,MIA,00-0039884,T.Washington,WR,PIT,18.0,Fade,0.0,False
2025,15,DEN,00-0038976,M.Mims,WR,GB,18.0,Fade,0.0,False
2025,15,SEA,00-0040058,N.Kallerup,TE,IND,17.9,Fade,0.0,False
2025,15,CAR,00-0033589,D.Moore,WR,NO,17.9,Fade,0.0,False
2025,15,CAR,00-0034983,H.Renfrow,WR,NO,17.9,Fade,0.0,False
2025,15,JAX,00-0039893,B.Thomas,WR,NYJ,17.9,Fade,1.0,True
2025,15,CIN,00-0039266,K.Milton,RB,BAL,17.9,Fade,0.0,False
2025,15,CIN,00-0036410,T.Higgins,WR,BAL,17.8,Fade,0.0,False
2025,15,DEN,00-0038783,N.Adkins,TE,GB,17.8,Fade,0.0,False
2025,15,LV,00-0032211,T.Lockett,WR,PHI,17.7,Fade,0.0,False
2025,15,PIT,00-0034771,M.Rudolph,QB,MIA,17.7,Fade,0.0,False
2025,15,ARI,00-0035876,A.Baccellia,WR,HOU,17.7,Fade,0.0,False
2025,15,PHI,00-0036265,A.Dillon,RB,LV,17.7,Fade,0.0,False
2025,15,KC,00-0039824,J.Wiley,TE,LAC,17.4,Fade,0.0,False
2025,15,GB,00-0039146,J.Reed,WR,DEN,17.4,Fade,0.0,False
2025,15,CIN,00-0026158,J.Flacco,QB,BAL,17.4,Fade,0.0,False
2025,15,JAX,00-0038555,T.Bigsby,RB,NYJ,17.4,Fade,0.0,False
2025,15,ARI,00-0034487,T.Sherfield,WR,HOU,17.3,Fade,0.0,False
2025,15,NYJ,00-0034521,A.Lazard,WR,JAX,17.2,Fade,0.0,False
2025,15,IND,00-0039890,A.Mitchell,WR,SEA,17.1,Fade,1.0,True
2025,15,DET,00-0036754,B.Wright,TE,LA,17.0,Fade,0.0,False
2025,15,MIA,00-0036212,T.Tagovailoa,QB,PIT,17.0,Fade,0.0,False
2025,15,SEA,00-0038752,J.Bobo,WR,IND,16.9,Fade,0.0,False
2025,15,PIT,00-0023459,A.Rodgers,QB,MIA,16.9,Fade,0.0,False
2025,15,ATL,00-0036970,K.Pitts,TE,TB,16.9,Fade,3.0,True
2025,15,DEN,00-0035406,L.Humphrey,WR,GB,16.9,Fade,1.0,True
2025,15,KC,00-0038492,J.Brownlee,WR,LAC,16.9,Fade,0.0,False
2025,15,LAC,00-0037617,H.Haskins,RB,KC,16.9,Fade,0.0,False
2025,15,DEN,00-0033881,E.Engram,TE,GB,16.8,Fade,0.0,False
2025,15,WAS,00-0039910,J.Daniels,QB,NYG,16.8,Fade,0.0,False
2025,15,DAL,00-0039062,J.Mingo,WR,MIN,16.8,Fade,0.0,False
2025,15,SF,00-0034867,M.Turner,WR,TEN,16.7,Fade,0.0,False
2025,15,NYJ,00-0040398,B.Cook,QB,JAX,16.7,Fade,0.0,False
2025,15,NE,00-0039305,J.Westover,TE,BUF,16.6,Fade,0.0,False
2025,15,KC,00-0033857,J.Smith-Schuster,WR,LAC,16.6,Fade,0.0,False
2025,15,PHI,00-0037741,J.Dotson,WR,LV,16.6,Fade,0.0,False
2025,15,NYJ,00-0033943,J.Reynolds,WR,JAX,16.5,Fade,0.0,False
2025,15,ARI,00-0039041,E.Higgins,TE,HOU,16.4,Fade,0.0,False
2025,15,ARI,00-0039849,M.Harrison,WR,HOU,16.4,Fade,0.0,False
2025,15,CHI,00-0040735,L.Burden,WR,CLE,16.4,Fade,0.0,False
2025,15,TB,00-0031237,T.Bridgewater,QB,ATL,16.4,Fade,0.0,False
2025,15,GB,00-0038465,M.Heath,WR,DEN,16.4,Fade,0.0,False
2025,15,CHI,00-0035208,O.Zaccheaus,WR,CLE,16.3,Fade,0.0,False
2025,15,ATL,00-0034854,K.Hodge,WR,TB,16.3,Fade,0.0,False
2025,15,BUF,00-0035140,M.Hardman,WR,NE,16.3,Fade,0.0,False
2025,15,BUF,00-0040363,K.Latu,TE,NE,16.2,Fade,0.0,False
2025,15,GB,00-0038393,D.Wicks,WR,DEN,16.2,Fade,0.0,False
2025,15,ATL,00-0036429,C.Woerner,TE,TB,16.2,Fade,0.0,False
2025,15,PIT,00-0039739,R.Wilson,WR,MIA,16.2,Fade,0.0,False
2025,15,DET,00-0035567,C.Reynolds,RB,LA,16.2,Fade,0.0,False
2025,15,IND,00-0040179,D.Giddens,RB,SEA,16.1,Fade,0.0,False
2025,15,JAX,00-0040238,L.Allen,RB,NYJ,16.1,Fade,0.0,False
2025,15,NO,00-0039376,S.Rattler,QB,CAR,16.1,Fade,0.0,False
2025,15,DAL,00-0039530,B.Spann-Ford,TE,MIN,16.0,Fade,0.0,False
2025,15,PIT,00-0037837,C.Austin,WR,MIA,16.0,Fade,0.0,False
2025,15,IND,00-0032104,A.Abdullah,RB,SEA,16.0,Fade,0.0,False
2025,15,NO,00-0037231,K.Austin,WR,CAR,16.0,Fade,0.0,False
2025,15,CHI,00-0036331,D.Duvernay,WR,CLE,16.0,Fade,0.0,False
2025,15,DEN,00-0036422,A.Trautman,TE,GB,16.0,Fade,0.0,False
2025,15,LAC,00-0040039,A.Johnson,RB,KC,15.9,Fade,0.0,False
2025,15,MIN,00-0040509,B.Yurosek,TE,DAL,15.8,Fade,0.0,False
2025,15,WAS,00-0036628,J.Bates,TE,NYG,15.8,Fade,0.0,False
2025,15,BAL,00-0033662,C.Rush,QB,CIN,15.7,Fade,0.0,False
2025,15,GB,00-0038685,C.Brooks,RB,DEN,15.6,Fade,0.0,False
2025,15,SEA,00-0037745,V.Jones,WR,IND,15.6,Fade,0.0,False
2025,15,KC,00-0033757,R.Tonyan,TE,LAC,15.6,Fade,0.0,False
2025,15,SEA,00-0037545,R.Shaheed,WR,IND,15.5,Fade,0.0,False
2025,15,NYJ,00-0039451,I.Williams,WR,JAX,15.5,Fade,0.0,False
2025,15,PIT,00-0030035,A.Thielen,WR,MIA,15.5,Fade,0.0,False
2025,15,LA,00-0026498,M.Stafford,QB,DET,15.5,Fade,0.0,False
2025,15,DEN,00-0038794,J.McLaughlin,RB,GB,15.5,Fade,0.0,False
2025,15,PIT,00-0035298,S.Miller,WR,MIA,15.5,Fade,0.0,False
2025,15,JAX,00-0036841,A.Trammell,WR,NYJ,15.4,Fade,0.0,False
2025,15,DET,00-0038911,M.Cunningham,WR,LA,15.4,Fade,0.0,False
2025,15,KC,00-0039894,X.Worthy,WR,LAC,15.3,Fade,0.0,False
2025,15,SEA,00-0037093,D.Young,WR,IND,15.3,Fade,0.0,False
2025,15,CIN,00-0036442,J.Burrow,QB,BAL,15.2,Fade,0.0,False
2025,15,DAL,00-0038738,H.Luepke,RB,MIN,15.1,Fade,0.0,False
2025,15,PHI,00-0040024,D.Cooper,WR,LV,15.1,Fade,0.0,False
2025,15,SF,00-0037834,B.Purdy,QB,TEN,15.1,Fade,0.0,False
2025,15,CLE,00-0038710,B.Whiteheart,TE,CHI,15.0,Fade,0.0,False
2025,15,DAL,00-0037563,M.Davis,RB,MIN,15.0,Fade,1.0,True
2025,15,CHI,00-0039021,R.Johnson,RB,CLE,15.0,Fade,0.0,False
2025,15,MIN,00-0040494,M.Brosmer,QB,DAL,15.0,Fade,0.0,False
2025,15,LAC,00-0040184,K.Lambert-Smith,WR,KC,15.0,Fade,1.0,True
2025,15,DET,00-0039364,S.Vaki,RB,LA,15.0,Fade,0.0,False
2025,15,WAS,00-0039686,C.Yankoff,TE,NYG,14.9,Fade,0.0,False
2025,15,JAX,00-0037004,H.Long,TE,NYJ,14.9,Fade,0.0,False
2025,15,NYJ,00-0037475,S.Smartt,TE,JAX,14.9,Fade,0.0,False
2025,15,JAX,00-0038935,B.Strange,TE,NYJ,14.8,Fade,0.0,False
2025,15,BUF,00-0036187,R.Gilliam,RB,NE,14.8,Fade,0.0,False
2025,15,KC,00-0036360,C.Edwards-Helaire,RB,LAC,14.8,Fade,0.0,False
2025,15,DAL,00-0038547,L.Schoonmaker,TE,MIN,14.7,Fade,0.0,False
2025,15,CHI,00-0034798,D.Smythe,TE,CLE,14.7,Fade,0.0,False
2025,15,DEN,00-0037085,T.Badie,RB,GB,14.7,Fade,0.0,False
2025,15,GB,00-0040667,M.Golden,WR,DEN,14.7,Fade,0.0,False
2025,15,GB,00-0037091,B.Melton,WR,DEN,14.7,Fade,0.0,False
2025,15,TB,00-0040429,J.Williams,RB,ATL,14.7,Fade,0.0,False
2025,15,PHI,00-0038496,X.Gipson,WR,LV,14.6,Fade,0.0,False
2025,15,NYJ,00-0040582,A.Smith,WR,JAX,14.6,Fade,0.0,False
2025,15,LA,00-0037557,R.Rivers,RB,DET,14.6,Fade,0.0,False
2025,15,ARI,00-0039737,T.Reiman,TE,HOU,14.5,Fade,0.0,False
2025,15,IND,00-0037120,T.Goodson,RB,SEA,14.5,Fade,0.0,False
2025,15,LV,00-0040581,D.Thornton,WR,PHI,14.4,Fade,0.0,False
2025,15,TB,00-0038458,O.Wright,RB,ATL,14.3,Fade,0.0,False
2025,15,HOU,00-0039163,C.Stroud,QB,ARI,14.3,Fade,0.0,False
2025,15,ATL,00-0036825,F.Franks,TE,TB,14.2,Fade,0.0,False
2025,15,CIN,00-0038576,C.Jones,WR,BAL,14.2,Fade,0.0,False
2025,15,ARI,00-0036332,J.Deguara,TE,HOU,14.2,Fade,0.0,False
2025,15,LAC,00-0035291,T.Williams,RB,KC,14.2,Fade,0.0,False
2025,15,LAC,00-0037012,T.Lance,QB,KC,14.2,Fade,0.0,False
2025,15,GB,00-0038128,M.Willis,QB,DEN,14.1,Fade,0.0,False
2025,15,CHI,00-0037329,B.Brown,RB,CLE,14.0,Fade,0.0,False
2025,15,MIA,00-0037013,Z.Wilson,QB,PIT,13.9,Fade,0.0,False
2025,15,MIA,00-0040234,Q.Ewers,QB,PIT,13.8,Fade,0.0,False
2025,15,GB,00-0036264,J.Love,QB,DEN,13.8,Fade,0.0,False
2025,15,LAC,00-0034367,N.Miller-Hines,RB,KC,13.8,Fade,0.0,False
2025,15,DEN,00-0035264,J.Stidham,QB,GB,13.5,Fade,0.0,False
2025,15,KC,00-0036567,E.Mitchell,RB,LAC,13.4,Fade,0.0,False
2025,15,JAX,00-0036590,Q.Morris,TE,NYJ,13.4,Fade,0.0,False
2025,15,LV,00-0034365,I.Thomas,TE,PHI,13.4,Fade,0.0,False
2025,15,HOU,00-0036898,D.Mills,QB,ARI,13.2,Fade,0.0,False
2025,15,ARI,00-0035628,D.Johnson,RB,HOU,13.1,Fade,0.0,False
2025,15,GB,00-0040009,S.Williams,WR,DEN,13.1,Fade,0.0,False
2025,15,HOU,00-0036232,H.Bryant,TE,ARI,13.0,Fade,0.0,False
2025,15,CLE,00-0040162,D.Sampson,RB,CHI,13.0,Fade,0.0,False
2025,15,KC,00-0035662,M.Brown,WR,LAC,12.7,Fade,0.0,False
2025,15,SF,00-0036972,M.Jones,QB,TEN,12.7,Fade,0.0,False
2025,15,PHI,00-0037086,G.Calcaterra,TE,LV,12.6,Fade,0.0,False
2025,15,PHI,00-0037614,J.Metchie,WR,LV,12.6,Fade,0.0,False
2025,15,CLE,00-0033885,D.Njoku,TE,CHI,12.6,Fade,0.0,False
2025,15,DAL,00-0040586,J.Blue,RB,MIN,12.5,Fade,0.0,False
2025,15,SEA,00-0034869,S.Darnold,QB,IND,12.5,Fade,0.0,False
2025,15,DEN,00-0040134,P.Bryant,WR,GB,12.4,Fade,0.0,False
2025,15,TB,00-0039050,P.Durham,TE,ATL,12.2,Fade,0.0,False
2025,15,DEN,00-0037539,L.Krull,TE,GB,12.2,Fade,0.0,False
2025,15,NE,00-0039757,T.Jennings,RB,BUF,12.0,Fade,0.0,False
2025,15,SF,00-0038643,B.Willis,TE,TEN,12.0,Fade,0.0,False
2025,15,PHI,00-0039746,W.Shipley,RB,LV,11.6,Fade,0.0,False
2025,15,IND,00-0040476,U.Bentley,RB,SEA,11.6,Fade,0.0,False
2025,15,LA,00-0031345,J.Garoppolo,QB,DET,11.5,Fade,0.0,False
2025,15,LV,00-0040488,C.Runyon,TE,PHI,11.5,Fade,0.0,False
2025,15,TB,00-0038129,C.Otton,TE,ATL,11.3,Fade,0.0,False
2025,15,JAX,00-0033246,J.Mundt,TE,NYJ,11.2,Fade,0.0,False
2025,15,KC,00-0035289,G.Minshew,QB,LAC,10.8,Fade,0.0,False
2025,15,NYJ,00-0028118,T.Taylor,QB,JAX,10.7,Fade,0.0,False
2025,15,SEA,00-0040739,E.Arroyo,TE,IND,10.7,Fade,0.0,False
2025,15,CAR,00-0027973,A.Dalton,QB,NO,10.6,Fade,0.0,False
2025,15,PHI,00-0036876,K.Granson,TE,LV,10.6,Fade,0.0,False
2025,15,JAX,00-0033319,N.Mullens,QB,NYJ,10.5,Fade,0.0,False
2025,15,PIT,00-0034272,M.Valdes-Scantling,WR,MIA,10.4,Fade,1.0,True
2025,15,NYG,00-0040432,B.Collins,WR,WAS,10.3,Fade,0.0,False
2025,15,NYJ,00-0040736,M.Taylor,TE,JAX,10.2,Fade,0.0,False
2025,15,SEA,00-0040067,J.Wright,RB,IND,10.1,Fade,0.0,False
2025,15,SF,00-0038658,A.Martinez,QB,TEN,9.9,Fade,0.0,False
2025,15,CHI,00-0038416,T.Bagent,QB,CLE,9.5,Fade,0.0,False
2025,15,LV,00-0030565,G.Smith,QB,PHI,9.4,Fade,0.0,False
2025,15,SEA,00-0040673,J.Milroe,QB,IND,9.2,Fade,0.0,False
2025,15,SEA,00-0035311,M.Gaskin,RB,IND,8.9,Fade,0.0,False
2025,15,ARI,00-0039521,X.Weaver,WR,HOU,8.6,Fade,0.0,False
2025,15,SEA,00-0035704,D.Lock,QB,IND,7.8,Fade,0.0,False
2025,15,LV,00-0035602,A.Bachman,WR,PHI,7.0,Fade,0.0,False
2025,15,IND,00-0039816,A.Gould,WR,SEA,6.1,Fade,0.0,False
2025,15,LAC,00-0038573,D.Davis,WR,KC,5.4,Fade,0.0,False
2025,15,PHI,00-0038400,T.McKee,QB,LV,5.0,Fade,0.0,False
2025,15,CHI,00-0035594,T.Homer,RB,CLE,3.1,Fade,0.0,False
2025,16,LAC,00-0040666,O.Hampton,RB,DAL,44.7,Lock,1.0,True
2025,16,SF,00-0033280,C.McCaffrey,RB,IND,42.1,Lock,2.0,True
2025,16,IND,00-0036223,J.Taylor,RB,SF,41.1,Lock,1.0,True
2025,16,MIA,00-0039040,D.Achane,RB,CIN,40.5,Lock,1.0,True
2025,16,CLE,00-0040784,Q.Judkins,RB,BUF,40.2,Lock,0.0,False
2025,16,GB,00-0035700,J.Jacobs,RB,CHI,39.8,Lock,0.0,False
2025,16,ATL,00-0038542,B.Robinson,RB,ARI,39.6,Lock,1.0,True
2025,16,MIA,00-0031610,D.Waller,TE,CIN,38.9,Lock,0.0,False
2025,16,NYJ,00-0039794,B.Allen,RB,NO,38.4,Lock,0.0,False
2025,16,DET,00-0039139,J.Gibbs,RB,PIT,38.2,Lock,1.0,True
2025,16,CLE,00-0035291,T.Williams,RB,BUF,37.9,Lock,0.0,False
2025,16,PHI,00-0034844,S.Barkley,RB,WAS,37.7,Lock,1.0,True
2025,16,DAL,00-0036997,J.Williams,RB,LAC,37.4,Lock,0.0,False
2025,16,CIN,00-0038597,C.Brown,RB,MIA,36.6,Lock,3.0,True
2025,16,NYG,00-0040715,C.Skattebo,RB,MIN,36.6,Lock,0.0,False
2025,16,CAR,00-0036139,R.Dowdle,RB,TB,36.5,Lock,0.0,False
2025,16,PIT,00-0037228,J.Warren,RB,DET,36.3,Lock,2.0,True
2025,16,TB,00-0039361,B.Irving,RB,CAR,35.2,Lock,0.0,False
2025,16,WAS,00-0038611,C.Rodriguez,RB,PHI,35.1,Lock,1.0,True
2025,16,LAC,00-0039391,K.Vidal,RB,DAL,34.9,Lock,0.0,False
2025,16,NE,00-0036875,R.Stevenson,RB,BAL,34.2,Lock,1.0,True
2025,16,GB,00-0038996,T.Kraft,TE,CHI,33.5,Lock,0.0,False
2025,16,LV,00-0040122,A.Jeanty,RB,HOU,33.5,Lock,2.0,True
2025,16,CLE,00-0040466,R.Sanders,RB,BUF,33.2,Lock,0.0,False
2025,16,NYJ,00-0038120,B.Hall,RB,NO,32.9,Lock,0.0,False
2025,16,MIA,00-0036613,J.Waddle,WR,CIN,32.8,Lock,0.0,False
2025,16,WAS,00-0040242,J.Croskey-Merritt,RB,PHI,32.6,Lock,1.0,True
2025,16,BUF,00-0037248,J.Cook,RB,CLE,32.5,Lock,2.0,True
2025,16,MIN,00-0037525,J.Mason,RB,NYG,32.3,Lock,0.0,False
2025,16,CAR,00-0036555,C.Hubbard,RB,TB,32.1,Lock,0.0,False
2025,16,KC,00-0033923,K.Hunt,RB,TEN,32.1,Lock,0.0,False
2025,16,PIT,00-0036919,K.Gainwell,RB,DET,32.0,Lock,1.0,True
2025,16,TB,00-0039855,J.McMillan,WR,CAR,31.9,Lock,0.0,False
2025,16,PIT,00-0035640,D.Metcalf,WR,DET,31.6,Lock,0.0,False
2025,16,ATL,00-0037263,T.Allgeier,RB,ARI,31.5,Lock,0.0,False
2025,16,DAL,00-0035243,M.Sanders,RB,LAC,31.5,Lock,0.0,False
2025,16,NE,00-0040734,T.Henderson,RB,BAL,31.5,Lock,0.0,False
2025,16,LAC,00-0038544,Q.Johnston,WR,DAL,31.4,Lock,1.0,True
2025,16,ARI,00-0038559,Mi.Wilson,WR,ATL,30.9,Lock,1.0,True
2025,16,ARI,00-0033553,J.Conner,RB,ATL,30.6,Lock,0.0,False
2025,16,BAL,00-0035993,T.Huntley,QB,NE,30.5,Lock,0.0,False
2025,16,MIA,00-0037252,G.Dulcich,TE,CIN,30.2,Lock,0.0,False
2025,16,LA,00-0036244,C.Parkinson,TE,SEA,30.2,Lock,0.0,False
2025,16,JAX,00-0036973,T.Etienne,RB,DEN,30.2,Lock,1.0,True
2025,16,ATL,00-0037238,D.London,WR,ARI,30.2,Lock,0.0,False
2025,16,NYG,00-0029263,R.Wilson,QB,MIN,30.1,Lock,0.0,False
2025,16,CAR,00-0039150,B.Young,QB,TB,30.1,Lock,0.0,False
2025,16,MIN,00-0033293,A.Jones,RB,NYG,30.0,Lock,0.0,False
2025,16,BAL,00-0032764,D.Henry,RB,NE,29.8,Lock,2.0,True
2025,16,PHI,00-0038555,T.Bigsby,RB,WAS,29.7,Lock,1.0,True
2025,16,NYJ,00-0036945,J.Fields,QB,NO,29.7,Lock,0.0,False
2025,16,SEA,00-0039165,Z.Charbonnet,RB,LA,29.6,Lock,1.0,True
2025,16,TB,00-0037256,R.White,RB,CAR,29.3,Lock,0.0,False
2025,16,PIT,00-0034272,M.Valdes-Scantling,WR,DET,29.1,Lock,0.0,False
2025,16,DEN,00-0036158,J.Dobbins,RB,JAX,29.1,Lock,0.0,False
2025,16,MIA,00-0040198,O.Gordon,RB,CIN,29.0,Lock,0.0,False
2025,16,GB,00-0037816,R.Doubs,WR,CHI,29.0,Lock,1.0,True
2025,16,NYJ,00-0036427,T.Johnson,WR,NO,28.9,Lean,0.0,False
2025,16,PHI,00-0036389,J.Hurts,QB,WAS,28.8,Lean,0.0,False
2025,16,LAC,00-0036755,J.Patterson,RB,DAL,28.8,Lean,0.0,False
2025,16,LAC,00-0030279,K.Allen,WR,DAL,28.8,Lean,0.0,False
2025,16,IND,00-0035021,A.Dulin,WR,SF,28.8,Lean,0.0,False
2025,16,DET,00-0036963,A.St. Brown,WR,PIT,28.7,Lean,0.0,False
2025,16,LV,00-0039338,B.Bowers,TE,HOU,28.4,Lean,1.0,True
2025,16,GB,00-0039146,J.Reed,WR,CHI,28.4,Lean,0.0,False
2025,16,NYJ,00-0039890,A.Mitchell,WR,NO,28.4,Lean,0.0,False
2025,16,LAC,00-0039915,L.McConkey,WR,DAL,28.4,Lean,1.0,True
2025,16,ARI,00-0037744,T.McBride,TE,ATL,28.3,Lean,0.0,False
2025,16,MIA,00-0039874,J.Wright,RB,CIN,28.3,Lean,1.0,True
2025,16,LAC,00-0040184,K.Lambert-Smith,WR,DAL,28.3,Lean,0.0,False
2025,16,MIA,00-0033040,T.Hill,WR,CIN,28.3,Lean,0.0,False
2025,16,TB,00-0038951,S.Tucker,RB,CAR,28.2,Lean,1.0,True
2025,16,ARI,00-0039849,M.Harrison,WR,ATL,28.2,Lean,0.0,False
2025,16,DAL,00-0038041,J.Ferguson,TE,LAC,28.0,Lean,0.0,False
2025,16,PIT,00-0036862,B.Skowronek,WR,DET,27.9,Lean,0.0,False
2025,16,DEN,00-0040730,R.Harvey,RB,JAX,27.9,Lean,1.0,True
2025,16,BAL,00-0034796,L.Jackson,QB,NE,27.9,Lean,0.0,False
2025,16,PHI,00-0034351,D.Goedert,TE,WAS,27.8,Lean,1.0,True
2025,16,ARI,00-0037157,Z.Knight,RB,ATL,27.8,Lean,0.0,False
2025,16,WAS,00-0032268,M.Mariota,QB,PHI,27.8,Lean,0.0,False
2025,16,MIA,00-0039880,M.Washington,WR,CIN,27.6,Lean,1.0,True
2025,16,WAS,00-0033699,A.Ekeler,RB,PHI,27.6,Lean,0.0,False
2025,16,MIN,00-0038994,J.Addison,WR,NYG,27.6,Lean,0.0,False
2025,16,NYG,00-0035535,D.Slayton,WR,MIN,27.6,Lean,0.0,False
2025,16,GB,00-0038797,E.Wilson,RB,CHI,27.5,Lean,0.0,False
2025,16,DET,00-0035685,D.Montgomery,RB,PIT,27.4,Lean,0.0,False
2025,16,MIA,00-0038720,J.Hill,TE,CIN,27.2,Lean,0.0,False
2025,16,ARI,00-0039921,T.Benson,RB,ATL,27.2,Lean,0.0,False
2025,16,NE,00-0033090,H.Henry,TE,BAL,27.1,Lean,1.0,True
2025,16,NYG,00-0040691,J.Dart,QB,MIN,27.1,Lean,0.0,False
2025,16,ARI,00-0035228,K.Murray,QB,ATL,27.0,Lean,0.0,False
2025,16,PHI,00-0035676,A.Brown,WR,WAS,27.0,Lean,0.0,False
2025,16,NO,00-0040743,T.Shough,QB,NYJ,27.0,Lean,0.0,False
2025,16,TB,00-0039754,D.Culp,TE,CAR,26.9,Lean,0.0,False
2025,16,LA,00-0037840,K.Williams,RB,SEA,26.8,Lean,0.0,False
2025,16,KC,00-0038519,N.Remigio,WR,TEN,26.7,Lean,0.0,False
2025,16,MIA,00-0037348,T.Conner,TE,CIN,26.7,Lean,0.0,False
2025,16,CIN,00-0038839,M.Tinsley,WR,MIA,26.7,Lean,0.0,False
2025,16,ATL,00-0036970,K.Pitts,TE,ARI,26.7,Lean,1.0,True
2025,16,LAC,00-0040189,O.Gadsden,TE,DAL,26.5,Lean,0.0,False
2025,16,TB,00-0031408,M.Evans,WR,CAR,26.5,Lean,1.0,True
2025,16,SEA,00-0038134,K.Walker,RB,LA,26.4,Lean,1.0,True
2025,16,ARI,00-0035500,G.Dortch,WR,ATL,26.4,Lean,0.0,False
2025,16,CAR,00-0036425,D.Dallas,RB,TB,26.3,Lean,0.0,False
2025,16,LAC,00-0036355,J.Herbert,QB,DAL,26.3,Lean,1.0,True
2025,16,PIT,00-0039739,R.Wilson,WR,DET,26.3,Lean,0.0,False
2025,16,DET,00-0039065,S.LaPorta,TE,PIT,26.3,Lean,0.0,False
2025,16,LV,00-0030565,G.Smith,QB,HOU,26.3,Lean,0.0,False
2025,16,PHI,00-0036912,D.Smith,WR,WAS,26.2,Lean,1.0,True
2025,16,BAL,00-0039792,D.Walker,WR,NE,26.2,Lean,0.0,False
2025,16,SF,00-0033288,G.Kittle,TE,IND,26.1,Lean,1.0,True
2025,16,LAC,00-0040727,T.Harris,WR,DAL,26.1,Lean,0.0,False
2025,16,IND,00-0038997,J.Downs,WR,SF,26.1,Lean,0.0,False
2025,16,TB,00-0040129,E.Egbuka,WR,CAR,26.0,Lean,0.0,False
2025,16,IND,00-0040128,T.Warren,TE,SF,25.8,Lean,0.0,False
2025,16,NE,00-0036328,A.Gibson,RB,BAL,25.8,Lean,0.0,False
2025,16,ARI,00-0033891,Z.Jones,WR,ATL,25.8,Lean,0.0,False
2025,16,MIN,00-0036322,J.Jefferson,WR,NYG,25.7,Lean,0.0,False
2025,16,CIN,00-0034613,T.Hudson,TE,MIA,25.7,Lean,0.0,False
2025,16,NYG,00-0035645,G.Olszewski,WR,MIN,25.6,Lean,0.0,False
2025,16,SF,00-0037112,J.Tonges,TE,IND,25.6,Lean,0.0,False
2025,16,CAR,00-0040644,T.Etienne,RB,TB,25.6,Lean,0.0,False
2025,16,TB,00-0040237,T.Johnson,WR,CAR,25.6,Lean,0.0,False
2025,16,KC,00-0035662,M.Brown,WR,TEN,25.5,Lean,0.0,False
2025,16,IND,00-0036252,M.Pittman,WR,SF,25.5,Lean,0.0,False
2025,16,LA,00-0033110,T.Higbee,TE,SEA,25.5,Lean,0.0,False
2025,16,PIT,00-0037837,C.Austin,WR,DET,25.5,Lean,0.0,False
2025,16,CLE,00-0037267,J.Ford,RB,BUF,25.4,Lean,0.0,False
2025,16,MIN,00-0037291,J.Nailor,WR,NYG,25.4,Lean,0.0,False
2025,16,PIT,00-0036894,P.Freiermuth,TE,DET,25.4,Lean,0.0,False
2025,16,TEN,00-0039648,D.Martin-Robinson,TE,KC,25.4,Lean,0.0,False
2025,16,CHI,00-0040236,K.Monangai,RB,GB,25.4,Lean,0.0,False
2025,16,HOU,00-0040583,W.Marks,RB,LV,25.3,Lean,0.0,False
2025,16,NYG,00-0039337,M.Nabers,WR,MIN,25.3,Lean,0.0,False
2025,16,PIT,00-0035298,S.Miller,WR,DET,25.2,Lean,0.0,False
2025,16,CIN,00-0033526,S.Perine,RB,MIA,25.2,Lean,1.0,True
2025,16,IND,00-0037664,A.Pierce,WR,SF,25.2,Lean,2.0,True
2025,16,CLE,00-0040704,D.Gabriel,QB,BUF,25.1,Lean,0.0,False
2025,16,TB,00-0033921,C.Godwin,WR,CAR,25.0,Fringe,0.0,False
2025,16,WAS,00-0035659,T.McLaurin,WR,PHI,25.0,Fringe,0.0,False
2025,16,HOU,00-0036554,N.Collins,WR,LV,25.0,Fringe,0.0,False
2025,16,GB,00-0038124,C.Watson,WR,CHI,25.0,Fringe,0.0,False
2025,16,KC,00-0038492,J.Brownlee,WR,TEN,24.9,Fringe,0.0,False
2025,16,CLE,00-0040663,H.Fannin,TE,BUF,24.9,Fringe,2.0,True
2025,16,SF,00-0036259,J.Jennings,WR,IND,24.8,Fringe,1.0,True
2025,16,LAC,00-0036893,N.Harris,RB,DAL,24.8,Fringe,0.0,False
2025,16,ARI,00-0036924,M.Carter,RB,ATL,24.8,Fringe,0.0,False
2025,16,NE,00-0039757,T.Jennings,RB,BAL,24.7,Fringe,0.0,False
2025,16,PIT,00-0030035,A.Thielen,WR,DET,24.7,Fringe,0.0,False
2025,16,KC,00-0033857,J.Smith-Schuster,WR,TEN,24.6,Fringe,0.0,False
2025,16,TEN,00-0040584,G.Helm,TE,KC,24.6,Fringe,0.0,False
2025,16,ARI,00-0038705,E.Demercado,RB,ATL,24.6,Fringe,0.0,False
2025,16,CLE,00-0040668,S.Sanders,QB,BUF,24.6,Fringe,0.0,False
2025,16,MIA,00-0036620,D.Eskridge,WR,CIN,24.6,Fringe,0.0,False
2025,16,CIN,00-0036900,J.Chase,WR,MIA,24.5,Fringe,0.0,False
2025,16,GB,00-0040667,M.Golden,WR,CHI,24.5,Fringe,0.0,False
2025,16,BAL,00-0034753,M.Andrews,TE,NE,24.5,Fringe,0.0,False
2025,16,CIN,00-0034829,M.Gesicki,TE,MIA,24.5,Fringe,1.0,True
2025,16,BAL,00-0039064,Z.Flowers,WR,NE,24.4,Fringe,1.0,True
2025,16,MIA,00-0034418,C.Wilson,WR,CIN,24.4,Fringe,0.0,False
2025,16,NO,00-0037545,R.Shaheed,WR,NYJ,24.4,Fringe,0.0,False
2025,16,PHI,00-0036265,A.Dillon,RB,WAS,24.4,Fringe,0.0,False
2025,16,PIT,00-0038558,D.Washington,TE,DET,24.3,Fringe,0.0,False
2025,16,NO,00-0037239,C.Olave,WR,NYJ,24.3,Fringe,2.0,True
2025,16,DAL,00-0037247,G.Pickens,WR,LAC,24.1,Fringe,1.0,True
2025,16,CIN,00-0036410,T.Higgins,WR,MIA,24.1,Fringe,1.0,True
2025,16,GB,00-0040009,S.Williams,WR,CHI,24.0,Fringe,0.0,False
2025,16,CHI,00-0036275,D.Swift,RB,GB,24.0,Fringe,0.0,False
2025,16,LV,00-0038891,S.Jackson,WR,HOU,23.9,Fringe,0.0,False
2025,16,JAX,00-0037004,H.Long,TE,DEN,23.9,Fringe,0.0,False
2025,16,DET,00-0040669,I.TeSlaa,WR,PIT,23.9,Fringe,1.0,True
2025,16,WAS,00-0039355,L.McCaffrey,WR,PHI,23.8,Fringe,0.0,False
2025,16,GB,00-0036264,J.Love,QB,CHI,23.8,Fringe,0.0,False
2025,16,WAS,00-0035719,D.Samuel,WR,PHI,23.8,Fringe,0.0,False
2025,16,TB,00-0038129,C.Otton,TE,CAR,23.8,Fringe,0.0,False
2025,16,JAX,00-0038935,B.Strange,TE,DEN,23.8,Fringe,1.0,True
2025,16,PHI,00-0037741,J.Dotson,WR,WAS,23.7,Fringe,0.0,False
2025,16,TEN,00-0035261,T.Pollard,RB,KC,23.7,Fringe,0.0,False
2025,16,DEN,00-0036959,M.Bandy,WR,JAX,23.6,Fringe,0.0,False
2025,16,CIN,00-0035100,J.Browning,QB,MIA,23.6,Fringe,0.0,False
2025,16,DET,00-0034073,R.Dwelley,TE,PIT,23.6,Fringe,0.0,False
2025,16,DEN,00-0039868,T.Franklin,WR,JAX,23.6,Fringe,0.0,False
2025,16,ATL,00-0035359,D.Sills,WR,ARI,23.6,Fringe,0.0,False
2025,16,ARI,00-0035876,A.Baccellia,WR,ATL,23.6,Fringe,0.0,False
2025,16,WAS,00-0033955,J.McNichols,RB,PHI,23.6,Fringe,0.0,False
2025,16,PHI,00-0040024,D.Cooper,WR,WAS,23.5,Fringe,0.0,False
2025,16,GB,00-0037091,B.Melton,WR,CHI,23.5,Fringe,0.0,False
2025,16,NYG,00-0038117,W.Robinson,WR,MIN,23.4,Fringe,0.0,False
2025,16,DEN,00-0039732,B.Nix,QB,JAX,23.4,Fringe,0.0,False
2025,16,KC,00-0030506,T.Kelce,TE,TEN,23.4,Fringe,0.0,False
2025,16,DAL,00-0036358,C.Lamb,WR,LAC,23.4,Fringe,0.0,False
2025,16,NO,00-0039623,M.Tipton,WR,NYJ,23.4,Fringe,0.0,False
2025,16,DET,00-0037240,J.Williams,WR,PIT,23.4,Fringe,0.0,False
2025,16,GB,00-0038128,M.Willis,QB,CHI,23.4,Fringe,0.0,False
2025,16,DAL,00-0037563,M.Davis,RB,LAC,23.3,Fringe,0.0,False
2025,16,PIT,00-0033858,J.Smith,TE,DET,23.3,Fringe,0.0,False
2025,16,WAS,00-0040317,Ja.Jones,WR,PHI,23.3,Fringe,0.0,False
2025,16,KC,00-0039894,X.Worthy,WR,TEN,23.2,Fringe,0.0,False
2025,16,DET,00-0033455,A.Firkser,TE,PIT,23.2,Fringe,0.0,False
2025,16,TEN,00-0039032,T.Spears,RB,KC,23.2,Fringe,1.0,True
2025,16,NE,00-0032392,A.Hooper,TE,BAL,23.1,Fringe,0.0,False
2025,16,TEN,00-0037809,C.Okonkwo,TE,KC,23.1,Fringe,1.0,True
2025,16,NYG,00-0031503,J.Winston,QB,MIN,23.1,Fringe,0.0,False
2025,16,ARI,00-0034487,T.Sherfield,WR,ATL,23.1,Fringe,0.0,False
2025,16,TB,00-0032385,S.Shepard,WR,CAR,23.1,Fringe,0.0,False
2025,16,HOU,00-0034386,J.Watson,WR,LV,23.1,Fringe,0.0,False
2025,16,CHI,00-0034827,D.Moore,WR,GB,23.1,Fringe,1.0,True
2025,16,HOU,00-0034419,B.Berrios,WR,LV,23.0,Fringe,0.0,False
2025,16,BAL,00-0036550,R.Bateman,WR,NE,23.0,Fringe,0.0,False
2025,16,TB,00-0038824,R.Miller,WR,CAR,23.0,Fringe,0.0,False
2025,16,ARI,00-0038640,J.Brooks,WR,ATL,23.0,Fringe,0.0,False
2025,16,NYJ,00-0037614,J.Metchie,WR,NO,23.0,Fringe,0.0,False
2025,16,KC,00-0037197,I.Pacheco,RB,TEN,23.0,Fringe,0.0,False
2025,16,JAX,00-0036971,T.Lawrence,QB,DEN,23.0,Fringe,1.0,True
2025,16,CIN,00-0035631,D.Sample,TE,MIA,22.9,Fringe,0.0,False
2025,16,NE,00-0038608,K.Boutte,WR,BAL,22.9,Fringe,0.0,False
2025,16,NO,00-0039424,D.Vele,WR,NYJ,22.9,Fringe,0.0,False
2025,16,BAL,00-0038454,K.Mitchell,RB,NE,22.8,Fringe,0.0,False
2025,16,GB,00-0038393,D.Wicks,WR,CHI,22.8,Fringe,0.0,False
2025,16,MIA,00-0039884,T.Washington,WR,CIN,22.7,Fringe,0.0,False
2025,16,SEA,00-0038543,J.Smith-Njigba,WR,LA,22.7,Fringe,1.0,True
2025,16,BUF,00-0038933,D.Kincaid,TE,CLE,22.7,Fringe,0.0,False
2025,16,SEA,00-0035891,C.White,WR,LA,22.7,Fringe,0.0,False
2025,16,CAR,00-0040124,T.McMillan,WR,TB,22.6,Fringe,1.0,True
2025,16,CLE,00-0026158,J.Flacco,QB,BUF,22.6,Fringe,0.0,False
2025,16,MIA,00-0036182,N.Westbrook-Ikhine,WR,CIN,22.6,Fringe,0.0,False
2025,16,ATL,00-0036429,C.Woerner,TE,ARI,22.5,Fringe,0.0,False
2025,16,HOU,00-0039405,J.Jordan,RB,LV,22.5,Fringe,0.0,False
2025,16,MIN,00-0038440,Z.Scott,RB,NYG,22.5,Fringe,0.0,False
2025,16,CHI,00-0039918,C.Williams,QB,GB,22.5,Fringe,0.0,False
2025,16,NYG,00-0035406,L.Humphrey,WR,MIN,22.4,Fringe,0.0,False
2025,16,TEN,00-0040705,C.Dike,WR,KC,22.4,Fringe,1.0,True
2025,16,LV,00-0038102,K.Pickett,QB,HOU,22.4,Fringe,0.0,False
2025,16,LAC,00-0037617,H.Haskins,RB,DAL,22.3,Fringe,0.0,False
2025,16,SEA,00-0037093,D.Young,WR,LA,22.3,Fringe,0.0,False
2025,16,PHI,00-0038496,X.Gipson,WR,WAS,22.3,Fringe,0.0,False
2025,16,NE,00-0038621,D.Douglas,WR,BAL,22.3,Fringe,0.0,False
2025,16,NYJ,00-0037740,G.Wilson,WR,NO,22.3,Fringe,0.0,False
2025,16,ATL,00-0036309,D.Mooney,WR,ARI,22.2,Fringe,0.0,False
2025,16,NE,00-0031588,S.Diggs,WR,BAL,22.2,Fringe,0.0,False
2025,16,LV,00-0036423,A.Okwuegbunam,TE,HOU,22.2,Fringe,0.0,False
2025,16,SF,00-0036887,L.Farrell,TE,IND,22.1,Fringe,0.0,False
2025,16,NYG,00-0036165,I.Hodgins,WR,MIN,22.1,Fringe,0.0,False
2025,16,ARI,00-0033119,J.Brissett,QB,ATL,22.1,Fringe,0.0,False
2025,16,BAL,00-0038046,C.Kolar,TE,NE,22.0,Fringe,0.0,False
2025,16,SEA,00-0040648,T.Horton,WR,LA,22.0,Fringe,0.0,False
2025,16,LAC,00-0034270,T.Conklin,TE,DAL,22.0,Fringe,0.0,False
2025,16,ATL,00-0038953,D.Drummond,WR,ARI,21.9,Fringe,0.0,False
2025,16,JAX,00-0036590,Q.Morris,TE,DEN,21.9,Fringe,0.0,False
2025,16,IND,00-0039890,A.Mitchell,WR,SF,21.9,Fringe,0.0,False
2025,16,BUF,00-0035689,D.Knox,TE,CLE,21.9,Fringe,0.0,False
2025,16,LA,00-0040737,T.Ferguson,TE,SEA,21.9,Fringe,1.0,True
2025,16,NE,00-0039851,D.Maye,QB,BAL,21.9,Fringe,0.0,False
2025,16,KC,00-0040078,B.Smith,RB,TEN,21.8,Fringe,0.0,False
2025,16,CAR,00-0040187,M.Evans,TE,TB,21.8,Fringe,0.0,False
2025,16,JAX,00-0034960,J.Meyers,WR,DEN,21.8,Fringe,0.0,False
2025,16,NO,00-0040202,D.Neal,RB,NYJ,21.8,Fringe,0.0,False
2025,16,NO,00-0034860,D.Pettis,WR,NYJ,21.8,Fringe,0.0,False
2025,16,NO,00-0039373,A.Estime,RB,NYJ,21.7,Fringe,0.0,False
2025,16,SEA,00-0033908,C.Kupp,WR,LA,21.6,Fringe,0.0,False
2025,16,WAS,00-0039912,B.Sinnott,TE,PHI,21.6,Fringe,0.0,False
2025,16,CAR,00-0039342,X.Legette,WR,TB,21.6,Fringe,0.0,False
2025,16,HOU,00-0034775,C.Kirk,WR,LV,21.5,Fringe,0.0,False
2025,16,NE,00-0035628,D.Johnson,RB,BAL,21.5,Fringe,0.0,False
2025,16,LA,00-0039074,D.Allen,TE,SEA,21.5,Fringe,0.0,False
2025,16,LV,00-0039066,M.Mayer,TE,HOU,21.5,Fringe,0.0,False
2025,16,LAC,00-0040039,A.Johnson,RB,DAL,21.3,Fringe,0.0,False
2025,16,SF,00-0033307,K.Bourne,WR,IND,21.3,Fringe,0.0,False
2025,16,DAL,00-0039530,B.Spann-Ford,TE,LAC,21.3,Fringe,0.0,False
2025,16,CIN,00-0026158,J.Flacco,QB,MIA,21.2,Fringe,0.0,False
2025,16,TB,00-0039589,K.Johnson,WR,CAR,21.2,Fringe,0.0,False
2025,16,DAL,00-0038547,L.Schoonmaker,TE,LAC,21.2,Fringe,0.0,False
2025,16,DET,00-0036754,B.Wright,TE,PIT,21.2,Fringe,0.0,False
2025,16,ATL,00-0040547,N.Carter,RB,ARI,21.2,Fringe,0.0,False
2025,16,CHI,00-0035208,O.Zaccheaus,WR,GB,21.1,Fringe,0.0,False
2025,16,BAL,00-0030564,D.Hopkins,WR,NE,21.1,Fringe,0.0,False
2025,16,CIN,00-0039631,C.Grandy,TE,MIA,21.0,Fringe,0.0,False
2025,16,BAL,00-0037838,I.Likely,TE,NE,21.0,Fringe,0.0,False
2025,16,PHI,00-0037086,G.Calcaterra,TE,WAS,20.9,Fade,0.0,False
2025,16,SEA,00-0039299,G.Holani,RB,LA,20.9,Fade,0.0,False
2025,16,LV,00-0034960,J.Meyers,WR,HOU,20.9,Fade,0.0,False
2025,16,CAR,00-0039356,J.Sanders,TE,TB,20.9,Fade,1.0,True
2025,16,IND,00-0037292,A.Ogletree,TE,SF,20.8,Fade,0.0,False
2025,16,CAR,00-0039491,J.Coker,WR,TB,20.8,Fade,0.0,False
2025,16,CHI,00-0036331,D.Duvernay,WR,GB,20.8,Fade,0.0,False
2025,16,WAS,00-0033591,N.Brown,WR,PHI,20.8,Fade,0.0,False
2025,16,BAL,00-0036630,T.Wallace,WR,NE,20.7,Fade,0.0,False
2025,16,LV,00-0038563,T.Tucker,WR,HOU,20.7,Fade,0.0,False
2025,16,JAX,00-0038606,P.Washington,WR,DEN,20.7,Fade,1.0,True
2025,16,WAS,00-0030061,Z.Ertz,TE,PHI,20.6,Fade,0.0,False
2025,16,NYG,00-0038115,D.Bellinger,TE,MIN,20.6,Fade,0.0,False
2025,16,KC,00-0033873,P.Mahomes,QB,TEN,20.6,Fade,0.0,False
2025,16,TEN,00-0040676,C.Ward,QB,KC,20.6,Fade,0.0,False
2025,16,LAC,00-0034159,W.Dissly,TE,DAL,20.6,Fade,0.0,False
2025,16,NYJ,00-0034521,A.Lazard,WR,NO,20.6,Fade,0.0,False
2025,16,NYJ,00-0039798,I.Davis,RB,NO,20.5,Fade,0.0,False
2025,16,NYG,00-0039847,T.Johnson,TE,MIN,20.5,Fade,0.0,False
2025,16,ATL,00-0037487,D.Thompkins,WR,ARI,20.5,Fade,0.0,False
2025,16,NYJ,00-0037805,J.Ruckert,TE,NO,20.4,Fade,0.0,False
2025,16,DEN,00-0034348,C.Sutton,WR,JAX,20.4,Fade,1.0,True
2025,16,MIN,00-0040154,T.Felton,WR,NYG,20.4,Fade,0.0,False
2025,16,CAR,00-0037005,T.Tremble,TE,TB,20.4,Fade,0.0,False
2025,16,IND,00-0035710,D.Jones,QB,SF,20.4,Fade,0.0,False
2025,16,LA,00-0031381,D.Adams,WR,SEA,20.4,Fade,0.0,False
2025,16,BUF,00-0040194,J.Hawes,TE,CLE,20.3,Fade,0.0,False
2025,16,JAX,00-0033246,J.Mundt,TE,DEN,20.2,Fade,0.0,False
2025,16,NYG,00-0039384,T.Tracy,RB,MIN,20.1,Fade,0.0,False
2025,16,TEN,00-0037594,J.Chestnut,RB,KC,20.1,Fade,0.0,False
2025,16,DEN,00-0038783,N.Adkins,TE,JAX,20.1,Fade,0.0,False
2025,16,DAL,00-0033077,D.Prescott,QB,LAC,20.0,Fade,0.0,False
2025,16,JAX,00-0033375,T.Patrick,WR,DEN,20.0,Fade,0.0,False
2025,16,LA,00-0039738,B.Corum,RB,SEA,19.9,Fade,1.0,True
2025,16,LA,00-0039075,P.Nacua,WR,SEA,19.9,Fade,2.0,True
2025,16,JAX,00-0036497,T.Jones,WR,DEN,19.9,Fade,0.0,False
2025,16,IND,00-0040179,D.Giddens,RB,SF,19.9,Fade,0.0,False
2025,16,DET,00-0032464,K.Raymond,WR,PIT,19.9,Fade,1.0,True
2025,16,ARI,00-0039521,X.Weaver,WR,ATL,19.8,Fade,0.0,False
2025,16,TB,00-0039050,P.Durham,TE,CAR,19.8,Fade,0.0,False
2025,16,CLE,00-0038979,C.Tillman,WR,BUF,19.8,Fade,0.0,False
2025,16,KC,00-0039067,R.Rice,WR,TEN,19.8,Fade,0.0,False
2025,16,IND,00-0032104,A.Abdullah,RB,SF,19.8,Fade,0.0,False
2025,16,NE,00-0033555,M.Hollins,WR,BAL,19.8,Fade,0.0,False
2025,16,SF,00-0032775,D.Robinson,WR,IND,19.8,Fade,1.0,True
2025,16,ARI,00-0033439,P.Brown,TE,ATL,19.7,Fade,0.0,False
2025,16,LV,00-0040729,J.Bech,WR,HOU,19.7,Fade,0.0,False
2025,16,CAR,00-0037282,J.Mitchell,TE,TB,19.7,Fade,0.0,False
2025,16,NO,00-0038397,E.Hull,RB,NYJ,19.6,Fade,0.0,False
2025,16,NO,00-0039376,S.Rattler,QB,NYJ,19.6,Fade,0.0,False
2025,16,MIN,00-0036414,C.Akers,RB,NYG,19.6,Fade,0.0,False
2025,16,PHI,00-0037614,J.Metchie,WR,WAS,19.6,Fade,0.0,False
2025,16,ATL,00-0039394,Cas.Washington,WR,ARI,19.6,Fade,0.0,False
2025,16,SF,00-0038090,S.Moore,WR,IND,19.5,Fade,0.0,False
2025,16,LAC,00-0035291,T.Williams,RB,DAL,19.5,Fade,0.0,False
2025,16,JAX,00-0038555,T.Bigsby,RB,DEN,19.4,Fade,1.0,True
2025,16,NE,00-0040131,K.Williams,WR,BAL,19.4,Fade,1.0,True
2025,16,HOU,00-0034383,D.Schultz,TE,LV,19.4,Fade,1.0,True
2025,16,ATL,00-0036825,F.Franks,TE,ARI,19.4,Fade,0.0,False
2025,16,LA,00-0036849,T.Atwell,WR,SEA,19.4,Fade,0.0,False
2025,16,CHI,00-0040126,C.Loveland,TE,GB,19.3,Fade,0.0,False
2025,16,DEN,00-0040134,P.Bryant,WR,JAX,19.3,Fade,0.0,False
2025,16,CAR,00-0038840,B.Tremayne,WR,TB,19.3,Fade,0.0,False
2025,16,MIA,00-0036212,T.Tagovailoa,QB,CIN,19.3,Fade,0.0,False
2025,16,TEN,00-0034837,C.Ridley,WR,KC,19.3,Fade,0.0,False
2025,16,CIN,00-0040208,T.Brooks,RB,MIA,19.3,Fade,0.0,False
2025,16,ATL,00-0034407,R.McCloud,WR,ARI,19.2,Fade,0.0,False
2025,16,BAL,00-0039796,R.Ali,RB,NE,19.2,Fade,0.0,False
2025,16,CLE,00-0036407,J.Jeudy,WR,BUF,19.2,Fade,0.0,False
2025,16,SF,00-0040172,J.Watkins,WR,IND,19.2,Fade,0.0,False
2025,16,PIT,00-0040142,K.Johnson,RB,DET,19.2,Fade,0.0,False
2025,16,LAC,00-0037654,T.Fisk,TE,DAL,19.1,Fade,0.0,False
2025,16,HOU,00-0037258,D.Pierce,RB,LV,19.1,Fade,0.0,False
2025,16,HOU,00-0038618,X.Hutchinson,WR,LV,19.1,Fade,0.0,False
2025,16,NYG,00-0035250,D.Singletary,RB,MIN,19.1,Fade,0.0,False
2025,16,LAC,00-0034367,N.Miller-Hines,RB,DAL,19.1,Fade,0.0,False
2025,16,WAS,00-0037524,T.Martin,WR,PHI,19.1,Fade,0.0,False
2025,16,BUF,00-0034857,J.Allen,QB,CLE,19.1,Fade,0.0,False
2025,16,DAL,00-0039062,J.Mingo,WR,LAC,19.1,Fade,0.0,False
2025,16,LA,00-0026498,M.Stafford,QB,SEA,19.0,Fade,0.0,False
2025,16,CIN,00-0038619,A.Iosivas,WR,MIA,19.0,Fade,0.0,False
2025,16,DET,00-0035544,T.Kennedy,WR,PIT,19.0,Fade,0.0,False
2025,16,PHI,00-0036876,K.Granson,TE,WAS,19.0,Fade,0.0,False
2025,16,BUF,00-0037261,K.Shakir,WR,CLE,18.9,Fade,0.0,False
2025,16,MIN,00-0035229,T.Hockenson,TE,NYG,18.9,Fade,0.0,False
2025,16,WAS,00-0032398,C.Moore,WR,PHI,18.8,Fade,0.0,False
2025,16,DAL,00-0039410,R.Flournoy,WR,LAC,18.8,Fade,1.0,True
2025,16,BAL,00-0034975,J.Hill,RB,NE,18.8,Fade,0.0,False
2025,16,HOU,00-0040130,J.Higgins,WR,LV,18.8,Fade,0.0,False
2025,16,HOU,00-0039359,C.Stover,TE,LV,18.8,Fade,0.0,False
2025,16,MIN,00-0039923,J.McCarthy,QB,NYG,18.7,Fade,1.0,True
2025,16,DEN,00-0033881,E.Engram,TE,JAX,18.7,Fade,0.0,False
2025,16,NO,00-0038551,K.Miller,RB,NYJ,18.6,Fade,0.0,False
2025,16,NYJ,00-0033943,J.Reynolds,WR,NO,18.6,Fade,0.0,False
2025,16,CIN,00-0036442,J.Burrow,QB,MIA,18.6,Fade,0.0,False
2025,16,DAL,00-0040586,J.Blue,RB,LAC,18.6,Fade,0.0,False
2025,16,GB,00-0037306,J.FitzPatrick,TE,CHI,18.6,Fade,0.0,False
2025,16,CLE,00-0040782,I.Bond,WR,BUF,18.5,Fade,0.0,False
2025,16,MIN,00-0035249,J.Oliver,TE,NYG,18.5,Fade,0.0,False
2025,16,TEN,00-0040522,X.Restrepo,WR,KC,18.5,Fade,0.0,False
2025,16,CAR,00-0040218,Ji.Horn,WR,TB,18.5,Fade,0.0,False
2025,16,ARI,00-0040556,C.Kiner,RB,ATL,18.4,Fade,0.0,False
2025,16,HOU,00-0039458,B.Bates,TE,LV,18.4,Fade,0.0,False
2025,16,NO,00-0033906,A.Kamara,RB,NYJ,18.4,Fade,0.0,False
2025,16,CAR,00-0034983,H.Renfrow,WR,TB,18.4,Fade,0.0,False
2025,16,IND,00-0037120,T.Goodson,RB,SF,18.4,Fade,0.0,False
2025,16,CIN,00-0039266,K.Milton,RB,MIA,18.3,Fade,0.0,False
2025,16,DAL,00-0038738,H.Luepke,RB,LAC,18.3,Fade,0.0,False
2025,16,NYG,00-0034407,R.McCloud,WR,MIN,18.3,Fade,0.0,False
2025,16,TEN,00-0040170,E.Ayomanor,WR,KC,18.3,Fade,0.0,False
2025,16,DEN,00-0036422,A.Trautman,TE,JAX,18.3,Fade,0.0,False
2025,16,LV,00-0032211,T.Lockett,WR,HOU,18.2,Fade,0.0,False
2025,16,HOU,00-0040138,J.Noel,WR,LV,18.2,Fade,0.0,False
2025,16,DET,00-0038896,J.Saylors,RB,PIT,18.2,Fade,0.0,False
2025,16,PHI,00-0039746,W.Shipley,RB,WAS,18.2,Fade,0.0,False
2025,16,KC,00-0036637,N.Gray,TE,TEN,18.1,Fade,0.0,False
2025,16,LV,00-0034365,I.Thomas,TE,HOU,18.1,Fade,0.0,False
2025,16,LV,00-0031687,R.Mostert,RB,HOU,18.1,Fade,0.0,False
2025,16,HOU,00-0038728,J.Wayne,WR,LV,18.1,Fade,0.0,False
2025,16,SEA,00-0039793,A.Barner,TE,LA,17.9,Fade,1.0,True
2025,16,MIN,00-0030035,A.Thielen,WR,NYG,17.9,Fade,0.0,False
2025,16,SEA,00-0033576,E.Saubert,TE,LA,17.9,Fade,0.0,False
2025,16,CLE,00-0039920,M.Corley,WR,BUF,17.9,Fade,0.0,False
2025,16,JAX,00-0039893,B.Thomas,WR,DEN,17.9,Fade,0.0,False
2025,16,DAL,00-0037801,K.Turpin,WR,LAC,17.8,Fade,0.0,False
2025,16,NYJ,00-0039451,I.Williams,WR,NO,17.8,Fade,0.0,False
2025,16,DAL,00-0037666,J.Tolbert,WR,LAC,17.8,Fade,0.0,False
2025,16,NO,00-0033357,T.Hill,TE,NYJ,17.8,Fade,0.0,False
2025,16,GB,00-0038685,C.Brooks,RB,CHI,17.7,Fade,0.0,False
2025,16,BUF,00-0036196,G.Davis,WR,CLE,17.7,Fade,0.0,False
2025,16,NO,00-0031236,B.Cooks,WR,NYJ,17.6,Fade,0.0,False
2025,16,NYG,00-0038938,J.Hyatt,WR,MIN,17.6,Fade,0.0,False
2025,16,CAR,00-0027973,A.Dalton,QB,TB,17.6,Fade,0.0,False
2025,16,IND,00-0033217,M.Alie-Cox,TE,SF,17.6,Fade,0.0,False
2025,16,ARI,00-0039041,E.Higgins,TE,ATL,17.5,Fade,0.0,False
2025,16,SEA,00-0037545,R.Shaheed,WR,LA,17.5,Fade,0.0,False
2025,16,JAX,00-0040238,L.Allen,RB,DEN,17.4,Fade,0.0,False
2025,16,NYJ,00-0028118,T.Taylor,QB,NO,17.4,Fade,0.0,False
2025,16,GB,00-0039144,L.Musgrave,TE,CHI,17.4,Fade,0.0,False
2025,16,NO,00-0036040,J.Johnson,TE,NYJ,17.4,Fade,0.0,False
2025,16,TB,00-0040429,J.Williams,RB,CAR,17.4,Fade,0.0,False
2025,16,WAS,00-0040164,J.Lane,WR,PHI,17.3,Fade,0.0,False
2025,16,WAS,00-0037742,T.Burks,WR,PHI,17.3,Fade,0.0,False
2025,16,MIN,00-0032950,C.Wentz,QB,NYG,17.3,Fade,0.0,False
2025,16,BUF,00-0035537,Ty.Johnson,RB,CLE,17.3,Fade,1.0,True
2025,16,DET,00-0039364,S.Vaki,RB,PIT,17.3,Fade,0.0,False
2025,16,JAX,00-0036626,D.Brown,WR,DEN,17.3,Fade,0.0,False
2025,16,SEA,00-0038752,J.Bobo,WR,LA,17.3,Fade,0.0,False
2025,16,SEA,00-0034869,S.Darnold,QB,LA,17.2,Fade,0.0,False
2025,16,BUF,00-0036988,J.Palmer,WR,CLE,17.1,Fade,0.0,False
2025,16,TEN,00-0036133,J.Proche,WR,KC,17.0,Fade,0.0,False
2025,16,DEN,00-0035406,L.Humphrey,WR,JAX,17.0,Fade,0.0,False
2025,16,PHI,00-0038400,T.McKee,QB,WAS,17.0,Fade,0.0,False
2025,16,TB,00-0038458,O.Wright,RB,CAR,16.9,Fade,0.0,False
2025,16,SF,00-0034272,M.Valdes-Scantling,WR,IND,16.9,Fade,0.0,False
2025,16,CLE,00-0039379,J.Thrash,WR,BUF,16.9,Fade,0.0,False
2025,16,LA,00-0038359,X.Smith,WR,SEA,16.9,Fade,0.0,False
2025,16,LAC,00-0037012,T.Lance,QB,DAL,16.8,Fade,0.0,False
2025,16,WAS,00-0039910,J.Daniels,QB,PHI,16.8,Fade,0.0,False
2025,16,HOU,00-0039603,B.Brooks,RB,LV,16.8,Fade,0.0,False
2025,16,JAX,00-0040719,B.Tuten,RB,DEN,16.8,Fade,0.0,False
2025,16,BUF,00-0039901,K.Coleman,WR,CLE,16.8,Fade,0.0,False
2025,16,PIT,00-0034771,M.Rudolph,QB,DET,16.7,Fade,0.0,False
2025,16,NO,00-0037231,K.Austin,WR,NYJ,16.7,Fade,0.0,False
2025,16,IND,00-0040206,R.Leonard,QB,SF,16.5,Fade,0.0,False
2025,16,TEN,00-0036415,V.Jefferson,WR,KC,16.5,Fade,0.0,False
2025,16,MIA,00-0037013,Z.Wilson,QB,CIN,16.5,Fade,0.0,False
2025,16,NYJ,00-0040398,B.Cook,QB,NO,16.5,Fade,0.0,False
2025,16,BAL,00-0033662,C.Rush,QB,NE,16.4,Fade,0.0,False
2025,16,KC,00-0039824,J.Wiley,TE,TEN,16.4,Fade,0.0,False
2025,16,HOU,00-0033854,D.Ogunbowale,RB,LV,16.4,Fade,0.0,False
2025,16,HOU,00-0034791,N.Chubb,RB,LV,16.3,Fade,0.0,False
2025,16,BAL,00-0037340,Z.Mitchell-Paden,TE,NE,16.3,Fade,0.0,False
2025,16,NO,00-0037340,Z.Mitchell-Paden,TE,NYJ,16.3,Fade,0.0,False
2025,16,MIA,00-0040234,Q.Ewers,QB,CIN,16.3,Fade,0.0,False
2025,16,NYJ,00-0040582,A.Smith,WR,NO,16.3,Fade,0.0,False
2025,16,CAR,00-0033589,D.Moore,WR,TB,16.1,Fade,0.0,False
2025,16,BUF,00-0039875,R.Davis,RB,CLE,16.0,Fade,0.0,False
2025,16,SEA,00-0037745,V.Jones,WR,LA,16.0,Fade,0.0,False
2025,16,CHI,00-0039919,R.Odunze,WR,GB,15.9,Fade,0.0,False
2025,16,DET,00-0033106,J.Goff,QB,PIT,15.9,Fade,0.0,False
2025,16,TB,00-0034855,B.Mayfield,QB,CAR,15.9,Fade,0.0,False
2025,16,SF,00-0037834,B.Purdy,QB,IND,15.8,Fade,0.0,False
2025,16,DEN,00-0034487,T.Sherfield,WR,JAX,15.8,Fade,0.0,False
2025,16,BUF,00-0033282,C.Samuel,WR,CLE,15.8,Fade,0.0,False
2025,16,BUF,00-0038679,T.Shavers,WR,CLE,15.7,Fade,0.0,False
2025,16,PIT,00-0023459,A.Rodgers,QB,DET,15.7,Fade,0.0,False
2025,16,DET,00-0035567,C.Reynolds,RB,PIT,15.7,Fade,0.0,False
2025,16,WAS,00-0032688,R.Chosen,WR,PHI,15.7,Fade,0.0,False
2025,16,LV,00-0040581,D.Thornton,WR,HOU,15.7,Fade,0.0,False
2025,16,WAS,00-0036628,J.Bates,TE,PHI,15.6,Fade,0.0,False
2025,16,SF,00-0037746,B.Robinson,RB,IND,15.6,Fade,0.0,False
2025,16,IND,00-0040476,U.Bentley,RB,SF,15.5,Fade,0.0,False
2025,16,CLE,00-0040259,G.Larvadain,WR,BUF,15.5,Fade,0.0,False
2025,16,DEN,00-0038794,J.McLaughlin,RB,JAX,15.4,Fade,0.0,False
2025,16,CHI,00-0036290,C.Kmet,TE,GB,15.4,Fade,0.0,False
2025,16,LA,00-0031345,J.Garoppolo,QB,SEA,15.3,Fade,0.0,False
2025,16,ARI,00-0035628,D.Johnson,RB,ATL,15.2,Fade,0.0,False
2025,16,SF,00-0038643,B.Willis,TE,IND,15.2,Fade,0.0,False
2025,16,NYG,00-0031484,C.Manhertz,TE,MIN,15.2,Fade,0.0,False
2025,16,LV,00-0038040,Z.White,RB,HOU,15.2,Fade,0.0,False
2025,16,LV,00-0035602,A.Bachman,WR,HOU,15.0,Fade,0.0,False
2025,16,DEN,00-0037085,T.Badie,RB,JAX,15.0,Fade,0.0,False
2025,16,LV,00-0039407,D.Laube,RB,HOU,14.9,Fade,0.0,False
2025,16,CLE,00-0038710,B.Whiteheart,TE,BUF,14.8,Fade,0.0,False
2025,16,SEA,00-0040739,E.Arroyo,TE,LA,14.8,Fade,0.0,False
2025,16,CHI,00-0039021,R.Johnson,RB,GB,14.8,Fade,0.0,False
2025,16,LV,00-0040488,C.Runyon,TE,HOU,14.8,Fade,0.0,False
2025,16,DEN,00-0035264,J.Stidham,QB,JAX,14.8,Fade,0.0,False
2025,16,TEN,00-0040205,K.Mullings,RB,KC,14.7,Fade,0.0,False
2025,16,JAX,00-0036841,A.Trammell,WR,DEN,14.7,Fade,0.0,False
2025,16,DEN,00-0038976,M.Mims,WR,JAX,14.7,Fade,0.0,False
2025,16,BUF,00-0040363,K.Latu,TE,CLE,14.7,Fade,0.0,False
2025,16,KC,00-0033757,R.Tonyan,TE,TEN,14.6,Fade,0.0,False
2025,16,NYJ,00-0036906,K.Herbert,RB,NO,14.5,Fade,0.0,False
2025,16,SEA,00-0040673,J.Milroe,QB,LA,14.5,Fade,0.0,False
2025,16,DEN,00-0037539,L.Krull,TE,JAX,14.5,Fade,0.0,False
2025,16,NYJ,00-0037475,S.Smartt,TE,NO,14.5,Fade,0.0,False
2025,16,TEN,00-0036176,M.Kinsey,WR,KC,14.4,Fade,0.0,False
2025,16,KC,00-0036360,C.Edwards-Helaire,RB,TEN,14.4,Fade,0.0,False
2025,16,NE,00-0039305,J.Westover,TE,BAL,14.4,Fade,0.0,False
2025,16,DET,00-0038911,M.Cunningham,WR,PIT,14.3,Fade,0.0,False
2025,16,CHI,00-0038416,T.Bagent,QB,GB,14.3,Fade,0.0,False
2025,16,ARI,00-0039737,T.Reiman,TE,ATL,14.1,Fade,0.0,False
2025,16,MIN,00-0038809,B.Sims,TE,NYG,14.0,Fade,0.0,False
2025,16,SF,00-0034867,M.Turner,WR,IND,14.0,Fade,0.0,False
2025,16,ATL,00-0039917,M.Penix,QB,ARI,13.8,Fade,0.0,False
2025,16,ARI,00-0036332,J.Deguara,TE,ATL,13.8,Fade,0.0,False
2025,16,CHI,00-0037329,B.Brown,RB,GB,13.7,Fade,0.0,False
2025,16,CLE,00-0040162,D.Sampson,RB,BUF,13.7,Fade,0.0,False
2025,16,BUF,00-0036980,E.Moore,WR,CLE,13.4,Fade,0.0,False
2025,16,TEN,00-0032211,T.Lockett,WR,KC,13.4,Fade,0.0,False
2025,16,BUF,00-0036187,R.Gilliam,RB,CLE,13.4,Fade,0.0,False
2025,16,KC,00-0038104,T.Thornton,WR,TEN,13.3,Fade,0.0,False
2025,16,IND,00-0022942,P.Rivers,QB,SF,13.3,Fade,0.0,False
2025,16,NO,00-0036741,J.Stoll,TE,NYJ,13.3,Fade,0.0,False
2025,16,NO,00-0034981,F.Moreau,TE,NYJ,13.3,Fade,0.0,False
2025,16,JAX,00-0033319,N.Mullens,QB,DEN,13.2,Fade,0.0,False
2025,16,SEA,00-0035704,D.Lock,QB,LA,13.1,Fade,0.0,False
2025,16,KC,00-0036567,E.Mitchell,RB,TEN,13.0,Fade,0.0,False
2025,16,SF,00-0036972,M.Jones,QB,IND,12.9,Fade,0.0,False
2025,16,LA,00-0039751,J.Whittington,WR,SEA,12.8,Fade,0.0,False
2025,16,DET,00-0034577,K.Allen,QB,PIT,12.7,Fade,0.0,False
2025,16,CLE,00-0033885,D.Njoku,TE,BUF,12.6,Fade,0.0,False
2025,16,SEA,00-0040058,N.Kallerup,TE,LA,12.6,Fade,0.0,False
2025,16,SEA,00-0040067,J.Wright,RB,LA,12.4,Fade,0.0,False
2025,16,HOU,00-0039163,C.Stroud,QB,LV,12.4,Fade,0.0,False
2025,16,LA,00-0037557,R.Rivers,RB,SEA,12.4,Fade,0.0,False
2025,16,LA,00-0040590,K.Mumpfield,WR,SEA,12.3,Fade,0.0,False
2025,16,HOU,00-0036232,H.Bryant,TE,LV,12.2,Fade,0.0,False
2025,16,HOU,00-0036898,D.Mills,QB,LV,11.8,Fade,0.0,False
2025,16,NE,00-0033949,J.Dobbs,QB,BAL,11.7,Fade,0.0,False
2025,16,CHI,00-0034798,D.Smythe,TE,GB,11.6,Fade,0.0,False
2025,16,SF,00-0039916,R.Pearsall,WR,IND,11.5,Fade,0.0,False
2025,16,CHI,00-0040735,L.Burden,WR,GB,11.5,Fade,0.0,False
2025,16,GB,00-0038465,M.Heath,WR,CHI,11.5,Fade,0.0,False
2025,16,BAL,00-0033376,P.Ricard,RB,NE,11.4,Fade,0.0,False
2025,16,MIN,00-0040494,M.Brosmer,QB,NYG,11.4,Fade,0.0,False
2025,16,BUF,00-0031236,B.Cooks,WR,CLE,11.2,Fade,0.0,False
2025,16,SEA,00-0035311,M.Gaskin,RB,LA,11.2,Fade,0.0,False
2025,16,ATL,00-0029604,K.Cousins,QB,ARI,11.1,Fade,1.0,True
2025,16,KC,00-0035289,G.Minshew,QB,TEN,10.7,Fade,0.0,False
2025,16,NYG,00-0040432,B.Collins,WR,MIN,10.3,Fade,0.0,False
2025,16,NYJ,00-0040736,M.Taylor,TE,NO,10.2,Fade,0.0,False
2025,16,CIN,00-0035644,N.Fant,TE,MIA,10.0,Fade,0.0,False
2025,16,SF,00-0038658,A.Martinez,QB,IND,10.0,Fade,0.0,False
2025,16,MIN,00-0040509,B.Yurosek,TE,NYG,10.0,Fade,0.0,False
2025,16,SEA,00-0038488,B.Russell,RB,LA,10.0,Fade,0.0,False
2025,16,TB,00-0031237,T.Bridgewater,QB,CAR,9.7,Fade,0.0,False
2025,16,GB,00-0038589,J.Whyle,TE,CHI,9.5,Fade,0.0,False
2025,16,TEN,00-0039650,B.Oliver,WR,KC,9.1,Fade,0.0,False
2025,16,CHI,00-0035594,T.Homer,RB,GB,8.5,Fade,0.0,False
2025,16,BUF,00-0035140,M.Hardman,WR,CLE,8.1,Fade,0.0,False
2025,16,WAS,00-0039686,C.Yankoff,TE,PHI,7.8,Fade,0.0,False
2025,16,BUF,00-0033869,M.Trubisky,QB,CLE,7.0,Fade,0.0,False
2025,16,ATL,00-0034854,K.Hodge,WR,ARI,6.0,Fade,0.0,False
2025,16,IND,00-0039816,A.Gould,WR,SF,6.0,Fade,0.0,False
2025,16,LAC,00-0038573,D.Davis,WR,DAL,5.4,Fade,0.0,False
2025,16,IND,00-0039164,A.Richardson,QB,SF,5.2,Fade,0.0,False
2025,16,CIN,00-0038576,C.Jones,WR,MIA,4.3,Fade,0.0,False
2025,17,SF,00-0033280,C.McCaffrey,RB,CHI,47.9,Lock,1.0,True
2025,17,PHI,00-0034844,S.Barkley,RB,BUF,41.2,Lock,0.0,False
2025,17,ARI,00-0037744,T.McBride,TE,CIN,40.5,Lock,1.0,True
2025,17,GB,00-0035700,J.Jacobs,RB,BAL,40.3,Lock,0.0,False
2025,17,IND,00-0036223,J.Taylor,RB,JAX,39.8,Lock,1.0,True
2025,17,LV,00-0040122,A.Jeanty,RB,NYG,39.6,Lock,0.0,False
2025,17,MIA,00-0039040,D.Achane,RB,TB,38.8,Lock,0.0,False
2025,17,WAS,00-0040242,J.Croskey-Merritt,RB,DAL,38.8,Lock,2.0,True
2025,17,BUF,00-0037248,J.Cook,RB,PHI,38.4,Lock,0.0,False
2025,17,CIN,00-0038597,C.Brown,RB,ARI,38.2,Lock,2.0,True
2025,17,NYJ,00-0039794,B.Allen,RB,NE,38.0,Lock,0.0,False
2025,17,ARI,00-0033553,J.Conner,RB,CIN,37.7,Lock,0.0,False
2025,17,DAL,00-0036997,J.Williams,RB,WAS,37.3,Lock,1.0,True
2025,17,NYJ,00-0036945,J.Fields,QB,NE,37.2,Lock,0.0,False
2025,17,WAS,00-0038611,C.Rodriguez,RB,DAL,36.2,Lock,0.0,False
2025,17,ATL,00-0038542,B.Robinson,RB,LA,36.1,Lock,2.0,True
2025,17,NYG,00-0040715,C.Skattebo,RB,LV,35.6,Lock,0.0,False
2025,17,ARI,00-0037157,Z.Knight,RB,CIN,35.6,Lock,0.0,False
2025,17,TB,00-0039361,B.Irving,RB,MIA,35.0,Lock,0.0,False
2025,17,LAC,00-0040666,O.Hampton,RB,HOU,34.7,Lock,1.0,True
2025,17,ARI,00-0039921,T.Benson,RB,CIN,34.3,Lock,0.0,False
2025,17,WAS,00-0035659,T.McLaurin,WR,DAL,33.8,Lock,0.0,False
2025,17,WAS,00-0039355,L.McCaffrey,WR,DAL,33.6,Lock,0.0,False
2025,17,SEA,00-0039165,Z.Charbonnet,RB,CAR,33.5,Lock,2.0,True
2025,17,WAS,00-0035719,D.Samuel,WR,DAL,33.3,Lock,0.0,False
2025,17,WAS,00-0040317,Ja.Jones,WR,DAL,33.1,Lock,0.0,False
2025,17,CHI,00-0036275,D.Swift,RB,SF,33.0,Lock,2.0,True
2025,17,DAL,00-0035243,M.Sanders,RB,WAS,32.9,Lock,0.0,False
2025,17,ARI,00-0040556,C.Kiner,RB,CIN,32.7,Lock,0.0,False
2025,17,CLE,00-0040466,R.Sanders,RB,PIT,32.4,Lock,0.0,False
2025,17,NYJ,00-0038120,B.Hall,RB,NE,32.3,Lock,1.0,True
2025,17,GB,00-0038996,T.Kraft,TE,BAL,32.2,Lock,0.0,False
2025,17,DET,00-0039139,J.Gibbs,RB,MIN,32.2,Lock,0.0,False
2025,17,CLE,00-0040784,Q.Judkins,RB,PIT,32.2,Lock,0.0,False
2025,17,PHI,00-0036389,J.Hurts,QB,BUF,32.2,Lock,0.0,False
2025,17,LA,00-0037840,K.Williams,RB,ATL,32.0,Lock,0.0,False
2025,17,ARI,00-0038559,Mi.Wilson,WR,CIN,32.0,Lock,1.0,True
2025,17,PHI,00-0038555,T.Bigsby,RB,BUF,31.9,Lock,0.0,False
2025,17,NYJ,00-0036427,T.Johnson,WR,NE,31.8,Lock,0.0,False
2025,17,MIA,00-0031610,D.Waller,TE,TB,31.7,Lock,0.0,False
2025,17,MIN,00-0033293,A.Jones,RB,DET,31.6,Lock,1.0,True
2025,17,BAL,00-0032764,D.Henry,RB,GB,31.4,Lock,4.0,True
2025,17,ARI,00-0036924,M.Carter,RB,CIN,31.3,Lock,0.0,False
2025,17,MIA,00-0039874,J.Wright,RB,TB,31.2,Lock,0.0,False
2025,17,HOU,00-0040583,W.Marks,RB,LAC,31.1,Lock,0.0,False
2025,17,DAL,00-0037247,G.Pickens,WR,WAS,31.0,Lock,0.0,False
2025,17,ARI,00-0038705,E.Demercado,RB,CIN,30.9,Lock,0.0,False
2025,17,WAS,00-0033699,A.Ekeler,RB,DAL,30.8,Lock,0.0,False
2025,17,MIN,00-0038994,J.Addison,WR,DET,30.7,Lock,1.0,True
2025,17,WAS,00-0033591,N.Brown,WR,DAL,30.7,Lock,0.0,False
2025,17,TB,00-0038951,S.Tucker,RB,MIA,30.6,Lock,0.0,False
2025,17,DAL,00-0036358,C.Lamb,WR,WAS,30.5,Lock,0.0,False
2025,17,NYJ,00-0039890,A.Mitchell,WR,NE,30.5,Lock,0.0,False
2025,17,TB,00-0037256,R.White,RB,MIA,30.3,Lock,0.0,False
2025,17,SEA,00-0038134,K.Walker,RB,CAR,30.2,Lock,0.0,False
2025,17,PIT,00-0037228,J.Warren,RB,CLE,30.2,Lock,0.0,False
2025,17,CHI,00-0040236,K.Monangai,RB,SF,30.2,Lock,0.0,False
2025,17,SF,00-0036259,J.Jennings,WR,CHI,30.1,Lean,1.0,True
2025,17,MIN,00-0036322,J.Jefferson,WR,DET,30.0,Lean,0.0,False
2025,17,CHI,00-0040277,J.Walker,WR,SF,29.6,Lean,0.0,False
2025,17,ARI,00-0035500,G.Dortch,WR,CIN,29.5,Lean,0.0,False
2025,17,ARI,00-0033439,P.Brown,TE,CIN,29.5,Lean,0.0,False
2025,17,CAR,00-0039150,B.Young,QB,SEA,29.4,Lean,1.0,True
2025,17,WAS,00-0030061,Z.Ertz,TE,DAL,29.1,Lean,0.0,False
2025,17,WAS,00-0037524,T.Martin,WR,DAL,29.0,Lean,0.0,False
2025,17,ARI,00-0033891,Z.Jones,WR,CIN,28.9,Lean,0.0,False
2025,17,LV,00-0038891,S.Jackson,WR,NYG,28.9,Lean,0.0,False
2025,17,MIN,00-0037291,J.Nailor,WR,DET,28.8,Lean,0.0,False
2025,17,BUF,00-0034857,J.Allen,QB,PHI,28.8,Lean,2.0,True
2025,17,WAS,00-0032398,C.Moore,WR,DAL,28.8,Lean,0.0,False
2025,17,DAL,00-0038041,J.Ferguson,TE,WAS,28.6,Lean,1.0,True
2025,17,KC,00-0033923,K.Hunt,RB,DEN,28.6,Lean,0.0,False
2025,17,NE,00-0036875,R.Stevenson,RB,NYJ,28.6,Lean,2.0,True
2025,17,DET,00-0036963,A.St. Brown,WR,MIN,28.5,Lean,0.0,False
2025,17,NO,00-0037545,R.Shaheed,WR,TEN,28.5,Lean,0.0,False
2025,17,ARI,00-0039041,E.Higgins,TE,CIN,28.4,Lean,0.0,False
2025,17,LA,00-0039075,P.Nacua,WR,ATL,28.3,Lean,1.0,True
2025,17,LAC,00-0036355,J.Herbert,QB,HOU,28.2,Lean,0.0,False
2025,17,CIN,00-0036410,T.Higgins,WR,ARI,28.1,Lean,0.0,False
2025,17,KC,00-0037197,I.Pacheco,RB,DEN,28.1,Lean,0.0,False
2025,17,KC,00-0039067,R.Rice,WR,DEN,28.1,Lean,0.0,False
2025,17,NO,00-0039623,M.Tipton,WR,TEN,28.0,Lean,0.0,False
2025,17,CAR,00-0036139,R.Dowdle,RB,SEA,27.8,Lean,0.0,False
2025,17,ATL,00-0037263,T.Allgeier,RB,LA,27.7,Lean,0.0,False
2025,17,CLE,00-0035291,T.Williams,RB,PIT,27.6,Lean,0.0,False
2025,17,MIA,00-0040198,O.Gordon,RB,TB,27.6,Lean,0.0,False
2025,17,NO,00-0039424,D.Vele,WR,TEN,27.6,Lean,0.0,False
2025,17,WAS,00-0037742,T.Burks,WR,DAL,27.5,Lean,0.0,False
2025,17,PHI,00-0036265,A.Dillon,RB,BUF,27.4,Lean,0.0,False
2025,17,LA,00-0036849,T.Atwell,WR,ATL,27.4,Lean,0.0,False
2025,17,ARI,00-0039849,M.Harrison,WR,CIN,27.3,Lean,0.0,False
2025,17,DEN,00-0036158,J.Dobbins,RB,KC,27.2,Lean,0.0,False
2025,17,NYJ,00-0037614,J.Metchie,WR,NE,27.2,Lean,0.0,False
2025,17,CIN,00-0036900,J.Chase,WR,ARI,27.1,Lean,2.0,True
2025,17,WAS,00-0040164,J.Lane,WR,DAL,27.1,Lean,0.0,False
2025,17,CIN,00-0038839,M.Tinsley,WR,ARI,27.1,Lean,0.0,False
2025,17,JAX,00-0038935,B.Strange,TE,IND,27.1,Lean,0.0,False
2025,17,NE,00-0040734,T.Henderson,RB,NYJ,26.9,Lean,0.0,False
2025,17,WAS,00-0033955,J.McNichols,RB,DAL,26.9,Lean,0.0,False
2025,17,ARI,00-0035228,K.Murray,QB,CIN,26.8,Lean,0.0,False
2025,17,ARI,00-0035876,A.Baccellia,WR,CIN,26.7,Lean,0.0,False
2025,17,JAX,00-0036973,T.Etienne,RB,IND,26.6,Lean,0.0,False
2025,17,NO,00-0037231,K.Austin,WR,TEN,26.6,Lean,1.0,True
2025,17,WAS,00-0039912,B.Sinnott,TE,DAL,26.6,Lean,0.0,False
2025,17,SEA,00-0039793,A.Barner,TE,CAR,26.5,Lean,1.0,True
2025,17,JAX,00-0034960,J.Meyers,WR,IND,26.4,Lean,0.0,False
2025,17,DET,00-0040669,I.TeSlaa,WR,MIN,26.4,Lean,1.0,True
2025,17,NYJ,00-0037740,G.Wilson,WR,NE,26.3,Lean,0.0,False
2025,17,MIA,00-0036613,J.Waddle,WR,TB,26.2,Lean,0.0,False
2025,17,PIT,00-0036919,K.Gainwell,RB,CLE,26.2,Lean,0.0,False
2025,17,IND,00-0040128,T.Warren,TE,JAX,26.2,Lean,0.0,False
2025,17,BAL,00-0039792,D.Walker,WR,GB,26.1,Lean,0.0,False
2025,17,LA,00-0038359,X.Smith,WR,ATL,26.1,Lean,0.0,False
2025,17,ARI,00-0034487,T.Sherfield,WR,CIN,26.1,Lean,0.0,False
2025,17,TB,00-0039754,D.Culp,TE,MIA,26.1,Lean,0.0,False
2025,17,NO,00-0037239,C.Olave,WR,TEN,26.1,Lean,1.0,True
2025,17,LV,00-0034960,J.Meyers,WR,NYG,26.0,Lean,0.0,False
2025,17,NYJ,00-0028118,T.Taylor,QB,NE,26.0,Lean,0.0,False
2025,17,ARI,00-0038640,J.Brooks,WR,CIN,26.0,Lean,0.0,False
2025,17,CAR,00-0040187,M.Evans,TE,SEA,26.0,Lean,0.0,False
2025,17,SF,00-0033307,K.Bourne,WR,CHI,25.9,Lean,0.0,False
2025,17,LV,00-0039338,B.Bowers,TE,NYG,25.8,Lean,0.0,False
2025,17,NYJ,00-0037755,J.Woods,TE,NE,25.8,Lean,0.0,False
2025,17,ARI,00-0039521,X.Weaver,WR,CIN,25.8,Lean,0.0,False
2025,17,BUF,00-0035537,Ty.Johnson,RB,PHI,25.7,Lean,0.0,False
2025,17,CHI,00-0040735,L.Burden,WR,SF,25.7,Lean,1.0,True
2025,17,LV,00-0038563,T.Tucker,WR,NYG,25.6,Lean,0.0,False
2025,17,SEA,00-0033576,E.Saubert,TE,CAR,25.6,Lean,0.0,False
2025,17,ATL,00-0037238,D.London,WR,LA,25.6,Lean,0.0,False
2025,17,SEA,00-0039299,G.Holani,RB,CAR,25.6,Lean,0.0,False
2025,17,SF,00-0038090,S.Moore,WR,CHI,25.5,Lean,0.0,False
2025,17,DET,00-0037240,J.Williams,WR,MIN,25.5,Lean,0.0,False
2025,17,WAS,00-0032688,R.Chosen,WR,DAL,25.5,Lean,0.0,False
2025,17,MIN,00-0035249,J.Oliver,TE,DET,25.4,Lean,0.0,False
2025,17,JAX,00-0037004,H.Long,TE,IND,25.4,Lean,0.0,False
2025,17,BAL,00-0039064,Z.Flowers,WR,GB,25.4,Lean,1.0,True
2025,17,JAX,00-0038606,P.Washington,WR,IND,25.3,Lean,0.0,False
2025,17,NYG,00-0029263,R.Wilson,QB,LV,25.3,Lean,0.0,False
2025,17,CAR,00-0039356,J.Sanders,TE,SEA,25.3,Lean,0.0,False
2025,17,KC,00-0030506,T.Kelce,TE,DEN,25.2,Lean,0.0,False
2025,17,CHI,00-0036331,D.Duvernay,WR,SF,25.2,Lean,0.0,False
2025,17,NYG,00-0035535,D.Slayton,WR,LV,25.1,Lean,0.0,False
2025,17,CIN,00-0033526,S.Perine,RB,ARI,25.1,Lean,1.0,True
2025,17,LA,00-0039738,B.Corum,RB,ATL,25.0,Fringe,0.0,False
2025,17,MIA,00-0037252,G.Dulcich,TE,TB,25.0,Fringe,1.0,True
2025,17,SF,00-0032775,D.Robinson,WR,CHI,25.0,Fringe,0.0,False
2025,17,CIN,00-0034829,M.Gesicki,TE,ARI,24.9,Fringe,0.0,False
2025,17,CIN,00-0034613,T.Hudson,TE,ARI,24.9,Fringe,0.0,False
2025,17,SEA,00-0038543,J.Smith-Njigba,WR,CAR,24.8,Fringe,0.0,False
2025,17,GB,00-0038797,E.Wilson,RB,BAL,24.8,Fringe,0.0,False
2025,17,HOU,00-0034383,D.Schultz,TE,LAC,24.7,Fringe,0.0,False
2025,17,PHI,00-0034351,D.Goedert,TE,BUF,24.7,Fringe,1.0,True
2025,17,CAR,00-0036555,C.Hubbard,RB,SEA,24.6,Fringe,0.0,False
2025,17,NYJ,00-0034521,A.Lazard,WR,NE,24.6,Fringe,0.0,False
2025,17,CLE,00-0040663,H.Fannin,TE,PIT,24.5,Fringe,1.0,True
2025,17,SF,00-0037834,B.Purdy,QB,CHI,24.4,Fringe,2.0,True
2025,17,TEN,00-0039032,T.Spears,RB,NO,24.4,Fringe,0.0,False
2025,17,DAL,00-0037801,K.Turpin,WR,WAS,24.4,Fringe,1.0,True
2025,17,DAL,00-0037666,J.Tolbert,WR,WAS,24.3,Fringe,0.0,False
2025,17,LA,00-0036244,C.Parkinson,TE,ATL,24.3,Fringe,0.0,False
2025,17,JAX,00-0036497,T.Jones,WR,IND,24.2,Fringe,0.0,False
2025,17,CAR,00-0037005,T.Tremble,TE,SEA,24.1,Fringe,0.0,False
2025,17,NYG,00-0035645,G.Olszewski,WR,LV,24.1,Fringe,0.0,False
2025,17,SF,00-0040172,J.Watkins,WR,CHI,24.1,Fringe,0.0,False
2025,17,ARI,00-0039737,T.Reiman,TE,CIN,24.0,Fringe,0.0,False
2025,17,NE,00-0039851,D.Maye,QB,NYJ,24.0,Fringe,0.0,False
2025,17,NO,00-0040743,T.Shough,QB,TEN,24.0,Fringe,0.0,False
2025,17,CHI,00-0039918,C.Williams,QB,SF,24.0,Fringe,0.0,False
2025,17,SEA,00-0035891,C.White,WR,CAR,23.9,Fringe,0.0,False
2025,17,CAR,00-0037282,J.Mitchell,TE,SEA,23.8,Fringe,0.0,False
2025,17,IND,00-0035710,D.Jones,QB,JAX,23.8,Fringe,0.0,False
2025,17,IND,00-0035021,A.Dulin,WR,JAX,23.7,Fringe,0.0,False
2025,17,CHI,00-0034827,D.Moore,WR,SF,23.7,Fringe,0.0,False
2025,17,DAL,00-0037563,M.Davis,RB,WAS,23.6,Fringe,0.0,False
2025,17,MIN,00-0040154,T.Felton,WR,DET,23.6,Fringe,0.0,False
2025,17,SEA,00-0037093,D.Young,WR,CAR,23.5,Fringe,0.0,False
2025,17,LAC,00-0039391,K.Vidal,RB,HOU,23.5,Fringe,0.0,False
2025,17,HOU,00-0037258,D.Pierce,RB,LAC,23.5,Fringe,0.0,False
2025,17,NYG,00-0039337,M.Nabers,WR,LV,23.5,Fringe,0.0,False
2025,17,TEN,00-0035261,T.Pollard,RB,NO,23.5,Fringe,0.0,False
2025,17,JAX,00-0033375,T.Patrick,WR,IND,23.4,Fringe,0.0,False
2025,17,SF,00-0037746,B.Robinson,RB,CHI,23.4,Fringe,0.0,False
2025,17,SEA,00-0033908,C.Kupp,WR,CAR,23.3,Fringe,0.0,False
2025,17,SEA,00-0040648,T.Horton,WR,CAR,23.3,Fringe,0.0,False
2025,17,SEA,00-0040739,E.Arroyo,TE,CAR,23.3,Fringe,0.0,False
2025,17,LAC,00-0038544,Q.Johnston,WR,HOU,23.2,Fringe,0.0,False
2025,17,WAS,00-0036628,J.Bates,TE,DAL,23.2,Fringe,0.0,False
2025,17,ARI,00-0036332,J.Deguara,TE,CIN,23.1,Fringe,0.0,False
2025,17,HOU,00-0039163,C.Stroud,QB,LAC,23.1,Fringe,0.0,False
2025,17,NYJ,00-0039451,I.Williams,WR,NE,23.1,Fringe,0.0,False
2025,17,CHI,00-0040126,C.Loveland,TE,SF,23.1,Fringe,1.0,True
2025,17,TB,00-0038129,C.Otton,TE,MIA,23.1,Fringe,0.0,False
2025,17,CIN,00-0035631,D.Sample,TE,ARI,23.1,Fringe,0.0,False
2025,17,LA,00-0031381,D.Adams,WR,ATL,23.1,Fringe,0.0,False
2025,17,DEN,00-0034348,C.Sutton,WR,KC,23.0,Fringe,0.0,False
2025,17,DAL,00-0039062,J.Mingo,WR,WAS,23.0,Fringe,0.0,False
2025,17,LV,00-0032211,T.Lockett,WR,NYG,22.9,Fringe,1.0,True
2025,17,JAX,00-0036590,Q.Morris,TE,IND,22.9,Fringe,0.0,False
2025,17,NYJ,00-0037805,J.Ruckert,TE,NE,22.9,Fringe,0.0,False
2025,17,KC,00-0033873,P.Mahomes,QB,DEN,22.9,Fringe,0.0,False
2025,17,DEN,00-0036959,M.Bandy,WR,KC,22.7,Fringe,0.0,False
2025,17,ATL,00-0035359,D.Sills,WR,LA,22.7,Fringe,0.0,False
2025,17,DEN,00-0040730,R.Harvey,RB,KC,22.7,Fringe,1.0,True
2025,17,NYJ,00-0033943,J.Reynolds,WR,NE,22.7,Fringe,0.0,False
2025,17,SF,00-0039916,R.Pearsall,WR,CHI,22.6,Fringe,0.0,False
2025,17,DAL,00-0039410,R.Flournoy,WR,WAS,22.6,Fringe,0.0,False
2025,17,NO,00-0040202,D.Neal,RB,TEN,22.6,Fringe,0.0,False
2025,17,HOU,00-0036554,N.Collins,WR,LAC,22.6,Fringe,0.0,False
2025,17,TB,00-0034855,B.Mayfield,QB,MIA,22.6,Fringe,0.0,False
2025,17,TB,00-0040129,E.Egbuka,WR,MIA,22.6,Fringe,0.0,False
2025,17,BUF,00-0039875,R.Davis,RB,PHI,22.5,Fringe,0.0,False
2025,17,MIA,00-0039880,M.Washington,WR,TB,22.5,Fringe,0.0,False
2025,17,NO,00-0033357,T.Hill,TE,TEN,22.5,Fringe,0.0,False
2025,17,TEN,00-0040705,C.Dike,WR,NO,22.5,Fringe,0.0,False
2025,17,DAL,00-0038738,H.Luepke,RB,WAS,22.5,Fringe,0.0,False
2025,17,HOU,00-0039458,B.Bates,TE,LAC,22.5,Fringe,0.0,False
2025,17,DAL,00-0039530,B.Spann-Ford,TE,WAS,22.4,Fringe,0.0,False
2025,17,NO,00-0036040,J.Johnson,TE,TEN,22.4,Fringe,0.0,False
2025,17,DAL,00-0033077,D.Prescott,QB,WAS,22.3,Fringe,0.0,False
2025,17,MIA,00-0033040,T.Hill,WR,TB,22.3,Fringe,0.0,False
2025,17,DAL,00-0038547,L.Schoonmaker,TE,WAS,22.3,Fringe,0.0,False
2025,17,ARI,00-0035628,D.Johnson,RB,CIN,22.2,Fringe,0.0,False
2025,17,CHI,00-0035208,O.Zaccheaus,WR,SF,22.2,Fringe,0.0,False
2025,17,TB,00-0039855,J.McMillan,WR,MIA,22.2,Fringe,0.0,False
2025,17,SF,00-0033288,G.Kittle,TE,CHI,22.2,Fringe,0.0,False
2025,17,DEN,00-0039868,T.Franklin,WR,KC,22.2,Fringe,0.0,False
2025,17,WAS,00-0039686,C.Yankoff,TE,DAL,22.2,Fringe,0.0,False
2025,17,NE,00-0031588,S.Diggs,WR,NYJ,22.2,Fringe,1.0,True
2025,17,ATL,00-0039917,M.Penix,QB,LA,22.2,Fringe,0.0,False
2025,17,HOU,00-0039359,C.Stover,TE,LAC,22.1,Fringe,0.0,False
2025,17,PHI,00-0036912,D.Smith,WR,BUF,22.1,Fringe,0.0,False
2025,17,NYG,00-0038115,D.Bellinger,TE,LV,22.1,Fringe,0.0,False
2025,17,PHI,00-0035676,A.Brown,WR,BUF,22.1,Fringe,0.0,False
2025,17,MIA,00-0038720,J.Hill,TE,TB,22.1,Fringe,0.0,False
2025,17,DET,00-0032464,K.Raymond,WR,MIN,22.0,Fringe,0.0,False
2025,17,BAL,00-0035993,T.Huntley,QB,GB,22.0,Fringe,0.0,False
2025,17,MIA,00-0036212,T.Tagovailoa,QB,TB,22.0,Fringe,0.0,False
2025,17,JAX,00-0039893,B.Thomas,WR,IND,22.0,Fringe,0.0,False
2025,17,CIN,00-0038619,A.Iosivas,WR,ARI,21.9,Fringe,0.0,False
2025,17,TB,00-0031408,M.Evans,WR,MIA,21.9,Fringe,1.0,True
2025,17,SF,00-0034272,M.Valdes-Scantling,WR,CHI,21.9,Fringe,0.0,False
2025,17,BAL,00-0038454,K.Mitchell,RB,GB,21.9,Fringe,0.0,False
2025,17,NO,00-0034860,D.Pettis,WR,TEN,21.8,Fringe,0.0,False
2025,17,MIA,00-0037348,T.Conner,TE,TB,21.8,Fringe,0.0,False
2025,17,ARI,00-0033119,J.Brissett,QB,CIN,21.8,Fringe,0.0,False
2025,17,PIT,00-0038558,D.Washington,TE,CLE,21.8,Fringe,0.0,False
2025,17,MIN,00-0030035,A.Thielen,WR,DET,21.8,Fringe,0.0,False
2025,17,ATL,00-0038953,D.Drummond,WR,LA,21.7,Fringe,0.0,False
2025,17,JAX,00-0033246,J.Mundt,TE,IND,21.7,Fringe,0.0,False
2025,17,ATL,00-0036309,D.Mooney,WR,LA,21.7,Fringe,0.0,False
2025,17,NO,00-0031236,B.Cooks,WR,TEN,21.7,Fringe,0.0,False
2025,17,PIT,00-0036894,P.Freiermuth,TE,CLE,21.6,Fringe,0.0,False
2025,17,IND,00-0037664,A.Pierce,WR,JAX,21.6,Fringe,0.0,False
2025,17,JAX,00-0040719,B.Tuten,RB,IND,21.6,Fringe,0.0,False
2025,17,JAX,00-0036626,D.Brown,WR,IND,21.6,Fringe,0.0,False
2025,17,ATL,00-0036970,K.Pitts,TE,LA,21.6,Fringe,0.0,False
2025,17,NYJ,00-0040398,B.Cook,QB,NE,21.5,Fringe,0.0,False
2025,17,NYG,00-0039384,T.Tracy,RB,LV,21.5,Fringe,0.0,False
2025,17,MIN,00-0038809,B.Sims,TE,DET,21.5,Fringe,0.0,False
2025,17,LV,00-0040729,J.Bech,WR,NYG,21.4,Fringe,0.0,False
2025,17,SF,00-0036972,M.Jones,QB,CHI,21.4,Fringe,0.0,False
2025,17,TEN,00-0040584,G.Helm,TE,NO,21.4,Fringe,0.0,False
2025,17,HOU,00-0034419,B.Berrios,WR,LAC,21.4,Fringe,0.0,False
2025,17,SF,00-0037112,J.Tonges,TE,CHI,21.4,Fringe,1.0,True
2025,17,DAL,00-0039398,J.Milton,QB,WAS,21.3,Fringe,0.0,False
2025,17,NYG,00-0038117,W.Robinson,WR,LV,21.2,Fringe,0.0,False
2025,17,PHI,00-0039746,W.Shipley,RB,BUF,21.2,Fringe,0.0,False
2025,17,TB,00-0033921,C.Godwin,WR,MIA,21.2,Fringe,1.0,True
2025,17,HOU,00-0034791,N.Chubb,RB,LAC,21.2,Fringe,0.0,False
2025,17,HOU,00-0039603,B.Brooks,RB,LAC,21.2,Fringe,0.0,False
2025,17,TB,00-0040237,T.Johnson,WR,MIA,21.2,Fringe,0.0,False
2025,17,CHI,00-0039021,R.Johnson,RB,SF,21.1,Fringe,0.0,False
2025,17,GB,00-0037816,R.Doubs,WR,BAL,21.1,Fringe,0.0,False
2025,17,NE,00-0036328,A.Gibson,RB,NYJ,21.1,Fringe,0.0,False
2025,17,SEA,00-0040058,N.Kallerup,TE,CAR,21.1,Fringe,0.0,False
2025,17,LV,00-0030565,G.Smith,QB,NYG,21.0,Fringe,0.0,False
2025,17,LA,00-0033110,T.Higbee,TE,ATL,21.0,Fringe,0.0,False
2025,17,LAC,00-0036755,J.Patterson,RB,HOU,21.0,Fringe,0.0,False
2025,17,LA,00-0039751,J.Whittington,WR,ATL,21.0,Fringe,0.0,False
2025,17,NYJ,00-0039798,I.Davis,RB,NE,20.9,Fringe,0.0,False
2025,17,ARI,00-0034928,S.Sims,WR,CIN,20.9,Fringe,0.0,False
2025,17,NYG,00-0040691,J.Dart,QB,LV,20.9,Fringe,2.0,True
2025,17,BAL,00-0030564,D.Hopkins,WR,GB,20.8,Fade,0.0,False
2025,17,KC,00-0038104,T.Thornton,WR,DEN,20.8,Fade,0.0,False
2025,17,TB,00-0032385,S.Shepard,WR,MIA,20.8,Fade,0.0,False
2025,17,LV,00-0040581,D.Thornton,WR,NYG,20.8,Fade,0.0,False
2025,17,TEN,00-0040676,C.Ward,QB,NO,20.8,Fade,0.0,False
2025,17,HOU,00-0039405,J.Jordan,RB,LAC,20.8,Fade,0.0,False
2025,17,BAL,00-0036550,R.Bateman,WR,GB,20.8,Fade,0.0,False
2025,17,NE,00-0039757,T.Jennings,RB,NYJ,20.7,Fade,0.0,False
2025,17,NYG,00-0036165,I.Hodgins,WR,LV,20.7,Fade,0.0,False
2025,17,NE,00-0033090,H.Henry,TE,NYJ,20.7,Fade,1.0,True
2025,17,IND,00-0038997,J.Downs,WR,JAX,20.6,Fade,0.0,False
2025,17,NYG,00-0035406,L.Humphrey,WR,LV,20.6,Fade,0.0,False
2025,17,LA,00-0040590,K.Mumpfield,WR,ATL,20.6,Fade,0.0,False
2025,17,LV,00-0031687,R.Mostert,RB,NYG,20.6,Fade,0.0,False
2025,17,NYJ,00-0037475,S.Smartt,TE,NE,20.6,Fade,0.0,False
2025,17,CLE,00-0040162,D.Sampson,RB,PIT,20.5,Fade,0.0,False
2025,17,MIN,00-0038440,Z.Scott,RB,DET,20.5,Fade,0.0,False
2025,17,BAL,00-0036630,T.Wallace,WR,GB,20.5,Fade,0.0,False
2025,17,PHI,00-0038400,T.McKee,QB,BUF,20.4,Fade,0.0,False
2025,17,BUF,00-0036187,R.Gilliam,RB,PHI,20.4,Fade,0.0,False
2025,17,PIT,00-0033858,J.Smith,TE,CLE,20.4,Fade,0.0,False
2025,17,TEN,00-0039648,D.Martin-Robinson,TE,NO,20.4,Fade,0.0,False
2025,17,SF,00-0036887,L.Farrell,TE,CHI,20.4,Fade,0.0,False
2025,17,DEN,00-0033881,E.Engram,TE,KC,20.4,Fade,0.0,False
2025,17,LV,00-0038040,Z.White,RB,NYG,20.3,Fade,0.0,False
2025,17,CLE,00-0038979,C.Tillman,WR,PIT,20.3,Fade,0.0,False
2025,17,GB,00-0039146,J.Reed,WR,BAL,20.3,Fade,0.0,False
2025,17,ATL,00-0037487,D.Thompkins,WR,LA,20.3,Fade,0.0,False
2025,17,KC,00-0036637,N.Gray,TE,DEN,20.2,Fade,0.0,False
2025,17,NYJ,00-0040582,A.Smith,WR,NE,20.2,Fade,0.0,False
2025,17,DET,00-0039065,S.LaPorta,TE,MIN,20.2,Fade,0.0,False
2025,17,NE,00-0040131,K.Williams,WR,NYJ,20.1,Fade,0.0,False
2025,17,NO,00-0039373,A.Estime,RB,TEN,20.1,Fade,1.0,True
2025,17,LAC,00-0040189,O.Gadsden,TE,HOU,20.1,Fade,1.0,True
2025,17,CLE,00-0039458,B.Bates,TE,PIT,20.1,Fade,0.0,False
2025,17,CHI,00-0037329,B.Brown,RB,SF,20.0,Fade,0.0,False
2025,17,KC,00-0035662,M.Brown,WR,DEN,20.0,Fade,0.0,False
2025,17,IND,00-0036252,M.Pittman,WR,JAX,20.0,Fade,0.0,False
2025,17,LV,00-0039407,D.Laube,RB,NYG,20.0,Fade,0.0,False
2025,17,MIA,00-0040234,Q.Ewers,QB,TB,20.0,Fade,0.0,False
2025,17,HOU,00-0033854,D.Ogunbowale,RB,LAC,20.0,Fade,0.0,False
2025,17,DAL,00-0040586,J.Blue,RB,WAS,20.0,Fade,0.0,False
2025,17,PIT,00-0035640,D.Metcalf,WR,CLE,19.9,Fade,0.0,False
2025,17,IND,00-0040206,R.Leonard,QB,JAX,19.9,Fade,0.0,False
2025,17,BUF,00-0037261,K.Shakir,WR,PHI,19.9,Fade,0.0,False
2025,17,JAX,00-0036971,T.Lawrence,QB,IND,19.8,Fade,2.0,True
2025,17,LV,00-0035602,A.Bachman,WR,NYG,19.8,Fade,0.0,False
2025,17,CIN,00-0035644,N.Fant,TE,ARI,19.8,Fade,0.0,False
2025,17,CLE,00-0036407,J.Jeudy,WR,PIT,19.8,Fade,0.0,False
2025,17,ATL,00-0029604,K.Cousins,QB,LA,19.8,Fade,0.0,False
2025,17,NE,00-0038621,D.Douglas,WR,NYJ,19.7,Fade,0.0,False
2025,17,TB,00-0038824,R.Miller,WR,MIA,19.7,Fade,0.0,False
2025,17,DEN,00-0036422,A.Trautman,TE,KC,19.7,Fade,0.0,False
2025,17,IND,00-0033217,M.Alie-Cox,TE,JAX,19.6,Fade,1.0,True
2025,17,KC,00-0038492,J.Brownlee,WR,DEN,19.6,Fade,0.0,False
2025,17,LV,00-0036423,A.Okwuegbunam,TE,NYG,19.5,Fade,0.0,False
2025,17,KC,00-0038519,N.Remigio,WR,DEN,19.5,Fade,0.0,False
2025,17,KC,00-0040078,B.Smith,RB,DEN,19.5,Fade,1.0,True
2025,17,TEN,00-0037809,C.Okonkwo,TE,NO,19.5,Fade,1.0,True
2025,17,ATL,00-0039394,Cas.Washington,WR,LA,19.4,Fade,0.0,False
2025,17,CHI,00-0036290,C.Kmet,TE,SF,19.4,Fade,0.0,False
2025,17,NO,00-0038551,K.Miller,RB,TEN,19.4,Fade,0.0,False
2025,17,DET,00-0035685,D.Montgomery,RB,MIN,19.3,Fade,0.0,False
2025,17,CLE,00-0037267,J.Ford,RB,PIT,19.3,Fade,0.0,False
2025,17,MIA,00-0037013,Z.Wilson,QB,TB,19.2,Fade,0.0,False
2025,17,HOU,00-0034775,C.Kirk,WR,LAC,19.2,Fade,0.0,False
2025,17,CLE,00-0039920,M.Corley,WR,PIT,19.2,Fade,0.0,False
2025,17,GB,00-0038124,C.Watson,WR,BAL,19.2,Fade,1.0,True
2025,17,TEN,00-0034837,C.Ridley,WR,NO,19.1,Fade,0.0,False
2025,17,CLE,00-0040782,I.Bond,WR,PIT,19.1,Fade,0.0,False
2025,17,CLE,00-0040668,S.Sanders,QB,PIT,19.1,Fade,0.0,False
2025,17,BUF,00-0036196,G.Davis,WR,PHI,19.1,Fade,0.0,False
2025,17,JAX,00-0036841,A.Trammell,WR,IND,19.1,Fade,0.0,False
2025,17,ATL,00-0034407,R.McCloud,WR,LA,19.1,Fade,0.0,False
2025,17,TB,00-0039050,P.Durham,TE,MIA,19.0,Fade,0.0,False
2025,17,BAL,00-0034753,M.Andrews,TE,GB,19.0,Fade,0.0,False
2025,17,SF,00-0034867,M.Turner,WR,CHI,19.0,Fade,0.0,False
2025,17,SF,00-0038658,A.Martinez,QB,CHI,19.0,Fade,0.0,False
2025,17,HOU,00-0036898,D.Mills,QB,LAC,18.9,Fade,0.0,False
2025,17,CAR,00-0027973,A.Dalton,QB,SEA,18.9,Fade,0.0,False
2025,17,DET,00-0033455,A.Firkser,TE,MIN,18.9,Fade,0.0,False
2025,17,SEA,00-0037545,R.Shaheed,WR,CAR,18.8,Fade,0.0,False
2025,17,NO,00-0038397,E.Hull,RB,TEN,18.8,Fade,0.0,False
2025,17,KC,00-0033857,J.Smith-Schuster,WR,DEN,18.8,Fade,0.0,False
2025,17,TEN,00-0037594,J.Chestnut,RB,NO,18.7,Fade,0.0,False
2025,17,PHI,00-0040024,D.Cooper,WR,BUF,18.7,Fade,0.0,False
2025,17,LA,00-0026498,M.Stafford,QB,ATL,18.6,Fade,0.0,False
2025,17,MIN,00-0032950,C.Wentz,QB,DET,18.6,Fade,0.0,False
2025,17,LAC,00-0037012,T.Lance,QB,HOU,18.6,Fade,0.0,False
2025,17,CIN,00-0040208,T.Brooks,RB,ARI,18.6,Fade,0.0,False
2025,17,KC,00-0039824,J.Wiley,TE,DEN,18.5,Fade,0.0,False
2025,17,SEA,00-0038752,J.Bobo,WR,CAR,18.5,Fade,0.0,False
2025,17,NYG,00-0031503,J.Winston,QB,LV,18.5,Fade,0.0,False
2025,17,CAR,00-0039491,J.Coker,WR,SEA,18.5,Fade,0.0,False
2025,17,PHI,00-0037741,J.Dotson,WR,BUF,18.4,Fade,0.0,False
2025,17,BAL,00-0034975,J.Hill,RB,GB,18.4,Fade,0.0,False
2025,17,MIA,00-0034418,C.Wilson,WR,TB,18.4,Fade,0.0,False
2025,17,NO,00-0033906,A.Kamara,RB,TEN,18.4,Fade,0.0,False
2025,17,NO,00-0039376,S.Rattler,QB,TEN,18.4,Fade,0.0,False
2025,17,CAR,00-0039342,X.Legette,WR,SEA,18.4,Fade,0.0,False
2025,17,IND,00-0040179,D.Giddens,RB,JAX,18.3,Fade,0.0,False
2025,17,NYG,00-0035250,D.Singletary,RB,LV,18.3,Fade,1.0,True
2025,17,MIA,00-0040311,T.Wease,WR,TB,18.2,Fade,1.0,True
2025,17,BUF,00-0039901,K.Coleman,WR,PHI,18.2,Fade,0.0,False
2025,17,TEN,00-0040522,X.Restrepo,WR,NO,18.2,Fade,0.0,False
2025,17,NO,00-0034981,F.Moreau,TE,TEN,18.2,Fade,0.0,False
2025,17,GB,00-0038465,M.Heath,WR,BAL,18.2,Fade,0.0,False
2025,17,TB,00-0040429,J.Williams,RB,MIA,18.1,Fade,0.0,False
2025,17,TEN,00-0040170,E.Ayomanor,WR,NO,18.1,Fade,1.0,True
2025,17,MIN,00-0037525,J.Mason,RB,DET,18.1,Fade,0.0,False
2025,17,GB,00-0038685,C.Brooks,RB,BAL,18.1,Fade,0.0,False
2025,17,DET,00-0035544,T.Kennedy,WR,MIN,18.0,Fade,0.0,False
2025,17,DET,00-0034073,R.Dwelley,TE,MIN,18.0,Fade,0.0,False
2025,17,CAR,00-0040124,T.McMillan,WR,SEA,18.0,Fade,0.0,False
2025,17,ATL,00-0040547,N.Carter,RB,LA,17.9,Fade,0.0,False
2025,17,BUF,00-0038933,D.Kincaid,TE,PHI,17.9,Fade,0.0,False
2025,17,KC,00-0039894,X.Worthy,WR,DEN,17.9,Fade,0.0,False
2025,17,NO,00-0036741,J.Stoll,TE,TEN,17.9,Fade,0.0,False
2025,17,IND,00-0032104,A.Abdullah,RB,JAX,17.9,Fade,0.0,False
2025,17,TEN,00-0036415,V.Jefferson,WR,NO,17.9,Fade,0.0,False
2025,17,MIN,00-0036414,C.Akers,RB,DET,17.9,Fade,0.0,False
2025,17,TB,00-0039589,K.Johnson,WR,MIA,17.9,Fade,0.0,False
2025,17,GB,00-0038393,D.Wicks,WR,BAL,17.8,Fade,0.0,False
2025,17,LV,00-0039066,M.Mayer,TE,NYG,17.8,Fade,0.0,False
2025,17,CIN,00-0039266,K.Milton,RB,ARI,17.8,Fade,0.0,False
2025,17,LA,00-0040737,T.Ferguson,TE,ATL,17.8,Fade,1.0,True
2025,17,BUF,00-0036988,J.Palmer,WR,PHI,17.8,Fade,0.0,False
2025,17,CLE,00-0039379,J.Thrash,WR,PIT,17.7,Fade,0.0,False
2025,17,TB,00-0038458,O.Wright,RB,MIA,17.7,Fade,0.0,False
2025,17,MIN,00-0040509,B.Yurosek,TE,DET,17.6,Fade,0.0,False
2025,17,BUF,00-0035689,D.Knox,TE,PHI,17.6,Fade,0.0,False
2025,17,CAR,00-0036425,D.Dallas,RB,SEA,17.5,Fade,0.0,False
2025,17,LAC,00-0030279,K.Allen,WR,HOU,17.5,Fade,0.0,False
2025,17,PHI,00-0038496,X.Gipson,WR,BUF,17.5,Fade,0.0,False
2025,17,PHI,00-0037086,G.Calcaterra,TE,BUF,17.4,Fade,0.0,False
2025,17,ATL,00-0034854,K.Hodge,WR,LA,17.3,Fade,0.0,False
2025,17,HOU,00-0034386,J.Watson,WR,LAC,17.2,Fade,0.0,False
2025,17,HOU,00-0038618,X.Hutchinson,WR,LAC,17.2,Fade,0.0,False
2025,17,CLE,00-0040704,D.Gabriel,QB,PIT,17.2,Fade,0.0,False
2025,17,SEA,00-0037745,V.Jones,WR,CAR,17.2,Fade,0.0,False
2025,17,BAL,00-0038046,C.Kolar,TE,GB,17.2,Fade,0.0,False
2025,17,LAC,00-0039915,L.McConkey,WR,HOU,17.2,Fade,0.0,False
2025,17,BAL,00-0039796,R.Ali,RB,GB,17.2,Fade,0.0,False
2025,17,LA,00-0039074,D.Allen,TE,ATL,17.1,Fade,0.0,False
2025,17,BUF,00-0040194,J.Hawes,TE,PHI,17.1,Fade,0.0,False
2025,17,LA,00-0037557,R.Rivers,RB,ATL,17.1,Fade,0.0,False
2025,17,SEA,00-0040067,J.Wright,RB,CAR,17.0,Fade,0.0,False
2025,17,BUF,00-0033869,M.Trubisky,QB,PHI,17.0,Fade,0.0,False
2025,17,HOU,00-0040130,J.Higgins,WR,LAC,17.0,Fade,1.0,True
2025,17,CAR,00-0040644,T.Etienne,RB,SEA,16.9,Fade,0.0,False
2025,17,BUF,00-0033282,C.Samuel,WR,PHI,16.9,Fade,0.0,False
2025,17,WAS,00-0039910,J.Daniels,QB,DAL,16.8,Fade,0.0,False
2025,17,PIT,00-0036862,B.Skowronek,WR,CLE,16.8,Fade,0.0,False
2025,17,NE,00-0035628,D.Johnson,RB,NYJ,16.8,Fade,0.0,False
2025,17,CHI,00-0039919,R.Odunze,WR,SF,16.8,Fade,0.0,False
2025,17,GB,00-0037306,J.FitzPatrick,TE,BAL,16.8,Fade,0.0,False
2025,17,CIN,00-0035100,J.Browning,QB,ARI,16.8,Fade,0.0,False
2025,17,WAS,00-0026300,J.Johnson,QB,DAL,16.8,Fade,0.0,False
2025,17,IND,00-0039890,A.Mitchell,WR,JAX,16.8,Fade,0.0,False
2025,17,CLE,00-0026158,J.Flacco,QB,PIT,16.7,Fade,0.0,False
2025,17,CAR,00-0038840,B.Tremayne,WR,SEA,16.7,Fade,0.0,False
2025,17,HOU,00-0040138,J.Noel,WR,LAC,16.7,Fade,1.0,True
2025,17,BUF,00-0038679,T.Shavers,WR,PHI,16.7,Fade,0.0,False
2025,17,KC,00-0033757,R.Tonyan,TE,DEN,16.7,Fade,0.0,False
2025,17,TEN,00-0036133,J.Proche,WR,NO,16.7,Fade,0.0,False
2025,17,MIA,00-0039884,T.Washington,WR,TB,16.7,Fade,0.0,False
2025,17,NYG,00-0031484,C.Manhertz,TE,LV,16.7,Fade,0.0,False
2025,17,DET,00-0033106,J.Goff,QB,MIN,16.6,Fade,0.0,False
2025,17,NE,00-0032392,A.Hooper,TE,NYJ,16.6,Fade,1.0,True
2025,17,HOU,00-0038728,J.Wayne,WR,LAC,16.6,Fade,0.0,False
2025,17,IND,00-0022942,P.Rivers,QB,JAX,16.6,Fade,0.0,False
2025,17,MIA,00-0036182,N.Westbrook-Ikhine,WR,TB,16.6,Fade,0.0,False
2025,17,GB,00-0040667,M.Golden,WR,BAL,16.6,Fade,0.0,False
2025,17,BAL,00-0037838,I.Likely,TE,GB,16.5,Fade,0.0,False
2025,17,GB,00-0038589,J.Whyle,TE,BAL,16.5,Fade,0.0,False
2025,17,NYG,00-0034407,R.McCloud,WR,LV,16.4,Fade,0.0,False
2025,17,TB,00-0031237,T.Bridgewater,QB,MIA,16.4,Fade,0.0,False
2025,17,DEN,00-0037539,L.Krull,TE,KC,16.4,Fade,0.0,False
2025,17,CLE,00-0040259,G.Larvadain,WR,PIT,16.4,Fade,0.0,False
2025,17,GB,00-0039144,L.Musgrave,TE,BAL,16.4,Fade,0.0,False
2025,17,CLE,00-0038710,B.Whiteheart,TE,PIT,16.3,Fade,0.0,False
2025,17,LV,00-0038102,K.Pickett,QB,NYG,16.2,Fade,0.0,False
2025,17,HOU,00-0036232,H.Bryant,TE,LAC,16.2,Fade,0.0,False
2025,17,CHI,00-0038416,T.Bagent,QB,SF,16.2,Fade,0.0,False
2025,17,PIT,00-0035298,S.Miller,WR,CLE,16.1,Fade,0.0,False
2025,17,LAC,00-0040184,K.Lambert-Smith,WR,HOU,16.1,Fade,0.0,False
2025,17,ATL,00-0036429,C.Woerner,TE,LA,16.1,Fade,0.0,False
2025,17,DET,00-0038911,M.Cunningham,WR,MIN,16.1,Fade,0.0,False
2025,17,JAX,00-0038555,T.Bigsby,RB,IND,16.0,Fade,0.0,False
2025,17,LAC,00-0036893,N.Harris,RB,HOU,16.0,Fade,0.0,False
2025,17,LAC,00-0034270,T.Conklin,TE,HOU,16.0,Fade,0.0,False
2025,17,CAR,00-0040218,Ji.Horn,WR,SEA,15.9,Fade,0.0,False
2025,17,DET,00-0036534,S.Zylstra,TE,MIN,15.9,Fade,0.0,False
2025,17,SEA,00-0035311,M.Gaskin,RB,CAR,15.9,Fade,0.0,False
2025,17,PIT,00-0030035,A.Thielen,WR,CLE,15.8,Fade,0.0,False
2025,17,NYG,00-0038938,J.Hyatt,WR,LV,15.7,Fade,0.0,False
2025,17,KC,00-0037324,C.Oladokun,QB,DEN,15.7,Fade,0.0,False
2025,17,CAR,00-0034983,H.Renfrow,WR,SEA,15.6,Fade,0.0,False
2025,17,BAL,00-0034796,L.Jackson,QB,GB,15.6,Fade,0.0,False
2025,17,PHI,00-0036876,K.Granson,TE,BUF,15.5,Fade,0.0,False
2025,17,LA,00-0031345,J.Garoppolo,QB,ATL,15.5,Fade,0.0,False
2025,17,LV,00-0034365,I.Thomas,TE,NYG,15.4,Fade,0.0,False
2025,17,CIN,00-0040534,K.Williams,WR,ARI,15.3,Fade,0.0,False
2025,17,LAC,00-0037617,H.Haskins,RB,HOU,15.3,Fade,0.0,False
2025,17,PIT,00-0039739,R.Wilson,WR,CLE,15.2,Fade,0.0,False
2025,17,DEN,00-0035406,L.Humphrey,WR,KC,15.1,Fade,0.0,False
2025,17,LAC,00-0034159,W.Dissly,TE,HOU,15.0,Fade,0.0,False
2025,17,LAC,00-0040727,T.Harris,WR,HOU,14.9,Fade,0.0,False
2025,17,DET,00-0036754,B.Wright,TE,MIN,14.9,Fade,0.0,False
2025,17,CHI,00-0035594,T.Homer,RB,SF,14.8,Fade,0.0,False
2025,17,DEN,00-0039732,B.Nix,QB,KC,14.8,Fade,1.0,True
2025,17,PHI,00-0037614,J.Metchie,WR,BUF,14.8,Fade,0.0,False
2025,17,DEN,00-0034487,T.Sherfield,WR,KC,14.8,Fade,0.0,False
2025,17,SEA,00-0038488,B.Russell,RB,CAR,14.7,Fade,0.0,False
2025,17,CHI,00-0034798,D.Smythe,TE,SF,14.5,Fade,0.0,False
2025,17,CIN,00-0026158,J.Flacco,QB,ARI,14.5,Fade,0.0,False
2025,17,DEN,00-0040134,P.Bryant,WR,KC,14.4,Fade,0.0,False
2025,17,BUF,00-0036980,E.Moore,WR,PHI,14.4,Fade,0.0,False
2025,17,NE,00-0038608,K.Boutte,WR,NYJ,14.4,Fade,0.0,False
2025,17,GB,00-0040009,S.Williams,WR,BAL,14.3,Fade,0.0,False
2025,17,PIT,00-0034272,M.Valdes-Scantling,WR,CLE,14.3,Fade,0.0,False
2025,17,IND,00-0037120,T.Goodson,RB,JAX,14.2,Fade,0.0,False
2025,17,JAX,00-0040238,L.Allen,RB,IND,14.1,Fade,0.0,False
2025,17,TEN,00-0036176,M.Kinsey,WR,NO,14.1,Fade,0.0,False
2025,17,GB,00-0037091,B.Melton,WR,BAL,14.1,Fade,0.0,False
2025,17,NYJ,00-0036906,K.Herbert,RB,NE,14.1,Fade,0.0,False
2025,17,CAR,00-0033589,D.Moore,WR,SEA,14.0,Fade,0.0,False
2025,17,NYG,00-0039847,T.Johnson,TE,LV,13.9,Fade,0.0,False
2025,17,MIN,00-0035229,T.Hockenson,TE,DET,13.8,Fade,0.0,False
2025,17,IND,00-0040476,U.Bentley,RB,JAX,13.8,Fade,0.0,False
2025,17,KC,00-0035289,G.Minshew,QB,DEN,13.7,Fade,0.0,False
2025,17,DEN,00-0038976,M.Mims,WR,KC,13.7,Fade,0.0,False
2025,17,DEN,00-0038794,J.McLaughlin,RB,KC,13.6,Fade,0.0,False
2025,17,DET,00-0034577,K.Allen,QB,MIN,13.6,Fade,0.0,False
2025,17,KC,00-0036360,C.Edwards-Helaire,RB,DEN,13.4,Fade,0.0,False
2025,17,ATL,00-0036825,F.Franks,TE,LA,13.3,Fade,0.0,False
2025,17,TEN,00-0040205,K.Mullings,RB,NO,13.1,Fade,0.0,False
2025,17,LAC,00-0037654,T.Fisk,TE,HOU,13.1,Fade,0.0,False
2025,17,TEN,00-0032211,T.Lockett,WR,NO,13.1,Fade,1.0,True
2025,17,PIT,00-0040142,K.Johnson,RB,CLE,13.1,Fade,0.0,False
2025,17,SF,00-0038643,B.Willis,TE,CHI,13.0,Fade,0.0,False
2025,17,NO,00-0037340,Z.Mitchell-Paden,TE,TEN,12.7,Fade,0.0,False
2025,17,SEA,00-0034869,S.Darnold,QB,CAR,12.7,Fade,0.0,False
2025,17,NE,00-0033949,J.Dobbs,QB,NYJ,12.6,Fade,0.0,False
2025,17,MIN,00-0040494,M.Brosmer,QB,DET,12.6,Fade,0.0,False
2025,17,DEN,00-0037085,T.Badie,RB,KC,12.6,Fade,0.0,False
2025,17,CLE,00-0033885,D.Njoku,TE,PIT,12.6,Fade,0.0,False
2025,17,LAC,00-0040039,A.Johnson,RB,HOU,12.5,Fade,0.0,False
2025,17,WAS,00-0032268,M.Mariota,QB,DAL,12.5,Fade,0.0,False
2025,17,IND,00-0037292,A.Ogletree,TE,JAX,12.3,Fade,0.0,False
2025,17,GB,00-0038128,M.Willis,QB,BAL,12.2,Fade,2.0,True
2025,17,DET,00-0038896,J.Saylors,RB,MIN,12.2,Fade,0.0,False
2025,17,BAL,00-0033662,C.Rush,QB,GB,12.2,Fade,0.0,False
2025,17,LV,00-0040488,C.Runyon,TE,NYG,12.1,Fade,0.0,False
2025,17,KC,00-0036567,E.Mitchell,RB,DEN,12.1,Fade,0.0,False
2025,17,BUF,00-0031236,B.Cooks,WR,PHI,11.9,Fade,0.0,False
2025,17,MIN,00-0039923,J.McCarthy,QB,DET,11.8,Fade,0.0,False
2025,17,CIN,00-0036442,J.Burrow,QB,ARI,11.8,Fade,0.0,False
2025,17,BUF,00-0040363,K.Latu,TE,PHI,11.5,Fade,0.0,False
2025,17,DET,00-0039364,S.Vaki,RB,MIN,11.3,Fade,0.0,False
2025,17,IND,00-0040352,C.Owen,WR,JAX,11.3,Fade,0.0,False
2025,17,NE,00-0033555,M.Hollins,WR,NYJ,10.9,Fade,0.0,False
2025,17,MIA,00-0036620,D.Eskridge,WR,TB,10.9,Fade,0.0,False
2025,17,LAC,00-0035291,T.Williams,RB,HOU,10.7,Fade,0.0,False
2025,17,BAL,00-0033376,P.Ricard,RB,GB,10.6,Fade,0.0,False
2025,17,BUF,00-0035140,M.Hardman,WR,PHI,10.4,Fade,0.0,False
2025,17,NYG,00-0040432,B.Collins,WR,LV,10.3,Fade,0.0,False
2025,17,JAX,00-0033319,N.Mullens,QB,IND,10.3,Fade,0.0,False
2025,17,LAC,00-0034367,N.Miller-Hines,RB,HOU,10.3,Fade,0.0,False
2025,17,NYJ,00-0040736,M.Taylor,TE,NE,10.2,Fade,0.0,False
2025,17,DEN,00-0038783,N.Adkins,TE,KC,10.1,Fade,0.0,False
2025,17,SEA,00-0040673,J.Milroe,QB,CAR,10.1,Fade,0.0,False
2025,17,PIT,00-0034771,M.Rudolph,QB,CLE,9.9,Fade,0.0,False
2025,17,DET,00-0035567,C.Reynolds,RB,MIN,9.7,Fade,0.0,False
2025,17,PIT,00-0037837,C.Austin,WR,CLE,9.5,Fade,0.0,False
2025,17,PIT,00-0023459,A.Rodgers,QB,CLE,9.4,Fade,0.0,False
2025,17,BAL,00-0037340,Z.Mitchell-Paden,TE,GB,9.1,Fade,0.0,False
2025,17,TEN,00-0039650,B.Oliver,WR,NO,9.1,Fade,0.0,False
2025,17,SEA,00-0035704,D.Lock,QB,CAR,8.8,Fade,0.0,False
2025,17,GB,00-0036264,J.Love,QB,BAL,8.4,Fade,0.0,False
2025,17,NE,00-0039305,J.Westover,TE,NYJ,7.2,Fade,0.0,False
2025,17,DEN,00-0035264,J.Stidham,QB,KC,6.7,Fade,0.0,False
2025,17,CIN,00-0039631,C.Grandy,TE,ARI,6.4,Fade,0.0,False
2025,17,IND,00-0039816,A.Gould,WR,JAX,6.1,Fade,0.0,False
2025,17,LAC,00-0038573,D.Davis,WR,HOU,5.4,Fade,0.0,False
2025,17,IND,00-0039164,A.Richardson,QB,JAX,5.2,Fade,0.0,False
2025,17,CIN,00-0038576,C.Jones,WR,ARI,4.3,Fade,0.0,False
2025,18,NYG,00-0040715,C.Skattebo,RB,DAL,45.7,Lock,0.0,False
2025,18,NYJ,00-0039794,B.Allen,RB,BUF,44.0,Lock,0.0,False
2025,18,IND,00-0036223,J.Taylor,RB,HOU,41.0,Lock,0.0,False
2025,18,CLE,00-0040784,Q.Judkins,RB,CIN,40.8,Lock,0.0,False
2025,18,DET,00-0039139,J.Gibbs,RB,CHI,40.3,Lock,1.0,True
2025,18,SF,00-0033280,C.McCaffrey,RB,SEA,40.2,Lock,0.0,False
2025,18,NYJ,00-0036945,J.Fields,QB,BUF,40.0,Lock,0.0,False
2025,18,NYJ,00-0036842,K.Nwangwu,RB,BUF,37.6,Lock,0.0,False
2025,18,WAS,00-0040242,J.Croskey-Merritt,RB,PHI,37.4,Lock,0.0,False
2025,18,PHI,00-0034844,S.Barkley,RB,WAS,37.2,Lock,0.0,False
2025,18,WAS,00-0038611,C.Rodriguez,RB,PHI,36.3,Lock,1.0,True
2025,18,ATL,00-0038542,B.Robinson,RB,NO,36.2,Lock,0.0,False
2025,18,DAL,00-0035243,M.Sanders,RB,NYG,35.6,Lock,0.0,False
2025,18,CAR,00-0036139,R.Dowdle,RB,TB,35.5,Lock,0.0,False
2025,18,GB,00-0035700,J.Jacobs,RB,MIN,35.3,Lock,0.0,False
2025,18,BAL,00-0032764,D.Henry,RB,PIT,35.2,Lock,0.0,False
2025,18,SEA,00-0039165,Z.Charbonnet,RB,SF,35.1,Lock,1.0,True
2025,18,ARI,00-0037744,T.McBride,TE,LA,35.1,Lock,0.0,False
2025,18,CLE,00-0040466,R.Sanders,RB,CIN,35.0,Lock,0.0,False
2025,18,CLE,00-0040162,D.Sampson,RB,CIN,34.6,Lock,0.0,False
2025,18,NYG,00-0039384,T.Tracy,RB,DAL,34.4,Lock,1.0,True
2025,18,PIT,00-0037228,J.Warren,RB,BAL,34.2,Lock,0.0,False
2025,18,TB,00-0039361,B.Irving,RB,CAR,34.2,Lock,0.0,False
2025,18,CAR,00-0036555,C.Hubbard,RB,TB,33.8,Lock,0.0,False
2025,18,CIN,00-0038597,C.Brown,RB,CLE,33.7,Lock,1.0,True
2025,18,ARI,00-0033553,J.Conner,RB,LA,33.6,Lock,0.0,False
2025,18,GB,00-0038996,T.Kraft,TE,MIN,33.5,Lock,0.0,False
2025,18,LV,00-0040122,A.Jeanty,RB,KC,33.4,Lock,0.0,False
2025,18,LV,00-0039338,B.Bowers,TE,KC,33.0,Lock,0.0,False
2025,18,DET,00-0036963,A.St. Brown,WR,CHI,32.6,Lock,0.0,False
2025,18,NYG,00-0029263,R.Wilson,QB,DAL,32.6,Lock,0.0,False
2025,18,CLE,00-0035291,T.Williams,RB,CIN,32.3,Lock,0.0,False
2025,18,DET,00-0040669,I.TeSlaa,WR,CHI,32.2,Lock,0.0,False
2025,18,NYG,00-0035535,D.Slayton,WR,DAL,32.1,Lock,0.0,False
2025,18,MIA,00-0031610,D.Waller,TE,NE,32.1,Lock,0.0,False
2025,18,BUF,00-0037248,J.Cook,RB,NYJ,31.9,Lock,0.0,False
2025,18,ARI,00-0037157,Z.Knight,RB,LA,31.7,Lock,0.0,False
2025,18,DET,00-0035685,D.Montgomery,RB,CHI,31.6,Lock,0.0,False
2025,18,LA,00-0037840,K.Williams,RB,ARI,31.5,Lock,0.0,False
2025,18,NYG,00-0035645,G.Olszewski,WR,DAL,31.5,Lock,0.0,False
2025,18,NYG,00-0039337,M.Nabers,WR,DAL,31.1,Lock,0.0,False
2025,18,DAL,00-0037247,G.Pickens,WR,NYG,30.7,Lock,0.0,False
2025,18,LA,00-0031381,D.Adams,WR,ARI,30.6,Lock,0.0,False
2025,18,NO,00-0039623,M.Tipton,WR,ATL,30.5,Lock,0.0,False
2025,18,JAX,00-0036973,T.Etienne,RB,TEN,30.5,Lock,0.0,False
2025,18,CHI,00-0036275,D.Swift,RB,DET,30.4,Lock,0.0,False
2025,18,NE,00-0036875,R.Stevenson,RB,MIA,30.4,Lock,3.0,True
2025,18,NO,00-0040743,T.Shough,QB,ATL,30.4,Lock,1.0,True
2025,18,MIA,00-0037252,G.Dulcich,TE,NE,30.3,Lock,0.0,False
2025,18,KC,00-0039067,R.Rice,WR,LV,30.2,Lock,0.0,False
2025,18,ARI,00-0039921,T.Benson,RB,LA,30.2,Lock,0.0,False
2025,18,DET,00-0037240,J.Williams,WR,CHI,30.1,Lock,0.0,False
2025,18,PIT,00-0036919,K.Gainwell,RB,BAL,30.1,Lock,1.0,True
2025,18,NE,00-0040734,T.Henderson,RB,MIA,29.9,Lock,2.0,True
2025,18,DAL,00-0036358,C.Lamb,WR,NYG,29.7,Lock,0.0,False
2025,18,CHI,00-0040236,K.Monangai,RB,DET,29.7,Lock,0.0,False
2025,18,TB,00-0038951,S.Tucker,RB,CAR,29.5,Lock,0.0,False
2025,18,SEA,00-0038134,K.Walker,RB,SF,29.5,Lock,0.0,False
2025,18,CLE,00-0039458,B.Bates,TE,CIN,29.2,Lean,0.0,False
2025,18,LA,00-0036244,C.Parkinson,TE,ARI,29.1,Lean,2.0,True
2025,18,CHI,00-0040277,J.Walker,WR,DET,29.1,Lean,1.0,True
2025,18,TB,00-0037256,R.White,RB,CAR,28.7,Lean,0.0,False
2025,18,NYG,00-0035250,D.Singletary,RB,DAL,28.7,Lean,1.0,True
2025,18,SEA,00-0038543,J.Smith-Njigba,WR,SF,28.5,Lean,0.0,False
2025,18,ARI,00-0035228,K.Murray,QB,LA,28.4,Lean,0.0,False
2025,18,NYG,00-0040691,J.Dart,QB,DAL,28.3,Lean,0.0,False
2025,18,NO,00-0037231,K.Austin,WR,ATL,28.3,Lean,0.0,False
2025,18,SEA,00-0035891,C.White,WR,SF,28.2,Lean,0.0,False
2025,18,PHI,00-0036389,J.Hurts,QB,WAS,28.1,Lean,0.0,False
2025,18,PHI,00-0038555,T.Bigsby,RB,WAS,28.1,Lean,1.0,True
2025,18,NYG,00-0035406,L.Humphrey,WR,DAL,28.1,Lean,0.0,False
2025,18,CLE,00-0038979,C.Tillman,WR,CIN,28.0,Lean,0.0,False
2025,18,MIA,00-0040311,T.Wease,WR,NE,28.0,Lean,0.0,False
2025,18,JAX,00-0038606,P.Washington,WR,TEN,27.9,Lean,1.0,True
2025,18,GB,00-0038124,C.Watson,WR,MIN,27.8,Lean,0.0,False
2025,18,DAL,00-0039410,R.Flournoy,WR,NYG,27.7,Lean,0.0,False
2025,18,NYG,00-0036165,I.Hodgins,WR,DAL,27.7,Lean,0.0,False
2025,18,TEN,00-0039032,T.Spears,RB,JAX,27.7,Lean,0.0,False
2025,18,CLE,00-0037267,J.Ford,RB,CIN,27.7,Lean,0.0,False
2025,18,NO,00-0037545,R.Shaheed,WR,ATL,27.7,Lean,0.0,False
2025,18,SEA,00-0040648,T.Horton,WR,SF,27.6,Lean,0.0,False
2025,18,GB,00-0037816,R.Doubs,WR,MIN,27.6,Lean,0.0,False
2025,18,PIT,00-0035640,D.Metcalf,WR,BAL,27.5,Lean,0.0,False
2025,18,PIT,00-0034272,M.Valdes-Scantling,WR,BAL,27.4,Lean,0.0,False
2025,18,ARI,00-0038559,Mi.Wilson,WR,LA,27.4,Lean,1.0,True
2025,18,NE,00-0040563,E.Chism,WR,MIA,27.4,Lean,0.0,False
2025,18,JAX,00-0034960,J.Meyers,WR,TEN,27.3,Lean,0.0,False
2025,18,NE,00-0033090,H.Henry,TE,MIA,27.1,Lean,0.0,False
2025,18,CHI,00-0039919,R.Odunze,WR,DET,27.1,Lean,0.0,False
2025,18,CHI,00-0040126,C.Loveland,TE,DET,27.1,Lean,1.0,True
2025,18,CLE,00-0036407,J.Jeudy,WR,CIN,27.1,Lean,0.0,False
2025,18,NYG,00-0040432,B.Collins,WR,DAL,27.0,Lean,0.0,False
2025,18,SEA,00-0033908,C.Kupp,WR,SF,27.0,Lean,0.0,False
2025,18,CAR,00-0039150,B.Young,QB,TB,27.0,Lean,0.0,False
2025,18,TB,00-0039754,D.Culp,TE,CAR,27.0,Lean,0.0,False
2025,18,LAC,00-0040189,O.Gadsden,TE,DEN,26.9,Lean,0.0,False
2025,18,CHI,00-0034827,D.Moore,WR,DET,26.8,Lean,0.0,False
2025,18,NO,00-0039424,D.Vele,WR,ATL,26.8,Lean,0.0,False
2025,18,DET,00-0032464,K.Raymond,WR,CHI,26.8,Lean,0.0,False
2025,18,DEN,00-0036158,J.Dobbins,RB,LAC,26.7,Lean,0.0,False
2025,18,JAX,00-0040719,B.Tuten,RB,TEN,26.7,Lean,1.0,True
2025,18,NYG,00-0031503,J.Winston,QB,DAL,26.7,Lean,0.0,False
2025,18,ARI,00-0036924,M.Carter,RB,LA,26.6,Lean,0.0,False
2025,18,SF,00-0037112,J.Tonges,TE,SEA,26.6,Lean,0.0,False
2025,18,NYG,00-0038115,D.Bellinger,TE,DAL,26.6,Lean,1.0,True
2025,18,CLE,00-0040782,I.Bond,WR,CIN,26.5,Lean,0.0,False
2025,18,PHI,00-0035676,A.Brown,WR,WAS,26.5,Lean,0.0,False
2025,18,IND,00-0035710,D.Jones,QB,HOU,26.4,Lean,0.0,False
2025,18,SEA,00-0037093,D.Young,WR,SF,26.4,Lean,0.0,False
2025,18,LV,00-0036423,A.Okwuegbunam,TE,KC,26.3,Lean,0.0,False
2025,18,CLE,00-0039920,M.Corley,WR,CIN,26.3,Lean,0.0,False
2025,18,NYJ,00-0036427,T.Johnson,WR,BUF,26.3,Lean,0.0,False
2025,18,GB,00-0039146,J.Reed,WR,MIN,26.2,Lean,0.0,False
2025,18,TEN,00-0035261,T.Pollard,RB,JAX,26.2,Lean,0.0,False
2025,18,TEN,00-0040676,C.Ward,QB,JAX,26.1,Lean,1.0,True
2025,18,CAR,00-0036425,D.Dallas,RB,TB,26.1,Lean,0.0,False
2025,18,SF,00-0033288,G.Kittle,TE,SEA,26.1,Lean,0.0,False
2025,18,DET,00-0035544,T.Kennedy,WR,CHI,26.0,Lean,0.0,False
2025,18,JAX,00-0033375,T.Patrick,WR,TEN,26.0,Lean,0.0,False
2025,18,MIA,00-0036613,J.Waddle,WR,NE,26.0,Lean,0.0,False
2025,18,CHI,00-0040735,L.Burden,WR,DET,26.0,Lean,0.0,False
2025,18,ARI,00-0038705,E.Demercado,RB,LA,26.0,Lean,0.0,False
2025,18,CHI,00-0035208,O.Zaccheaus,WR,DET,25.9,Lean,0.0,False
2025,18,ARI,00-0040556,C.Kiner,RB,LA,25.9,Lean,0.0,False
2025,18,ARI,00-0033891,Z.Jones,WR,LA,25.9,Lean,0.0,False
2025,18,ARI,00-0039849,M.Harrison,WR,LA,25.9,Lean,0.0,False
2025,18,DAL,00-0036997,J.Williams,RB,NYG,25.9,Lean,0.0,False
2025,18,ARI,00-0035500,G.Dortch,WR,LA,25.8,Lean,0.0,False
2025,18,JAX,00-0036497,T.Jones,WR,TEN,25.8,Lean,0.0,False
2025,18,PHI,00-0036912,D.Smith,WR,WAS,25.7,Lean,0.0,False
2025,18,LAC,00-0038544,Q.Johnston,WR,DEN,25.7,Lean,0.0,False
2025,18,MIA,00-0039880,M.Washington,WR,NE,25.7,Lean,1.0,True
2025,18,LAC,00-0040666,O.Hampton,RB,DEN,25.6,Lean,0.0,False
2025,18,NE,00-0039851,D.Maye,QB,MIA,25.6,Lean,0.0,False
2025,18,KC,00-0037197,I.Pacheco,RB,LV,25.6,Lean,0.0,False
2025,18,MIA,00-0033040,T.Hill,WR,NE,25.6,Lean,0.0,False
2025,18,DAL,00-0037801,K.Turpin,WR,NYG,25.5,Lean,0.0,False
2025,18,NO,00-0040202,D.Neal,RB,ATL,25.5,Lean,0.0,False
2025,18,SEA,00-0039299,G.Holani,RB,SF,25.5,Lean,0.0,False
2025,18,BUF,00-0034857,J.Allen,QB,NYJ,25.4,Lean,0.0,False
2025,18,CAR,00-0040644,T.Etienne,RB,TB,25.4,Lean,0.0,False
2025,18,ATL,00-0037263,T.Allgeier,RB,NO,25.2,Lean,0.0,False
2025,18,LV,00-0039066,M.Mayer,TE,KC,25.2,Lean,0.0,False
2025,18,WAS,00-0033699,A.Ekeler,RB,PHI,25.2,Lean,0.0,False
2025,18,SF,00-0036887,L.Farrell,TE,SEA,25.2,Lean,0.0,False
2025,18,CLE,00-0039379,J.Thrash,WR,CIN,25.2,Lean,0.0,False
2025,18,LAC,00-0039391,K.Vidal,RB,DEN,24.8,Fringe,0.0,False
2025,18,MIA,00-0039874,J.Wright,RB,NE,24.8,Fringe,0.0,False
2025,18,MIN,00-0033293,A.Jones,RB,GB,24.8,Fringe,0.0,False
2025,18,DAL,00-0038738,H.Luepke,RB,NYG,24.8,Fringe,0.0,False
2025,18,GB,00-0038465,M.Heath,WR,MIN,24.8,Fringe,0.0,False
2025,18,CLE,00-0040704,D.Gabriel,QB,CIN,24.8,Fringe,0.0,False
2025,18,BAL,00-0034753,M.Andrews,TE,PIT,24.7,Fringe,0.0,False
2025,18,ARI,00-0039521,X.Weaver,WR,LA,24.6,Fringe,0.0,False
2025,18,JAX,00-0038935,B.Strange,TE,TEN,24.5,Fringe,1.0,True
2025,18,NYJ,00-0039890,A.Mitchell,WR,BUF,24.5,Fringe,0.0,False
2025,18,DAL,00-0037666,J.Tolbert,WR,NYG,24.4,Fringe,0.0,False
2025,18,MIA,00-0039040,D.Achane,RB,NE,24.4,Fringe,0.0,False
2025,18,LA,00-0039075,P.Nacua,WR,ARI,24.4,Fringe,1.0,True
2025,18,NO,00-0039373,A.Estime,RB,ATL,24.3,Fringe,0.0,False
2025,18,GB,00-0038128,M.Willis,QB,MIN,24.3,Fringe,0.0,False
2025,18,SF,00-0037834,B.Purdy,QB,SEA,24.2,Fringe,0.0,False
2025,18,PHI,00-0036265,A.Dillon,RB,WAS,24.2,Fringe,0.0,False
2025,18,LAC,00-0036355,J.Herbert,QB,DEN,24.1,Fringe,0.0,False
2025,18,NYJ,00-0028118,T.Taylor,QB,BUF,24.1,Fringe,0.0,False
2025,18,NYG,00-0034407,R.McCloud,WR,DAL,24.0,Fringe,0.0,False
2025,18,TB,00-0038129,C.Otton,TE,CAR,24.0,Fringe,1.0,True
2025,18,MIA,00-0037348,T.Conner,TE,NE,23.9,Fringe,0.0,False
2025,18,CLE,00-0040259,G.Larvadain,WR,CIN,23.9,Fringe,0.0,False
2025,18,MIA,00-0038720,J.Hill,TE,NE,23.9,Fringe,0.0,False
2025,18,CIN,00-0036410,T.Higgins,WR,CLE,23.9,Fringe,1.0,True
2025,18,CLE,00-0040668,S.Sanders,QB,CIN,23.9,Fringe,0.0,False
2025,18,DET,00-0039065,S.LaPorta,TE,CHI,23.8,Fringe,0.0,False
2025,18,BAL,00-0038454,K.Mitchell,RB,PIT,23.8,Fringe,0.0,False
2025,18,HOU,00-0034386,J.Watson,WR,IND,23.8,Fringe,0.0,False
2025,18,HOU,00-0040583,W.Marks,RB,IND,23.8,Fringe,0.0,False
2025,18,PIT,00-0036862,B.Skowronek,WR,BAL,23.6,Fringe,0.0,False
2025,18,BAL,00-0039792,D.Walker,WR,PIT,23.4,Fringe,1.0,True
2025,18,DET,00-0034073,R.Dwelley,TE,CHI,23.4,Fringe,0.0,False
2025,18,MIN,00-0038994,J.Addison,WR,GB,23.4,Fringe,0.0,False
2025,18,KC,00-0033923,K.Hunt,RB,LV,23.4,Fringe,0.0,False
2025,18,NO,00-0034860,D.Pettis,WR,ATL,23.4,Fringe,0.0,False
2025,18,TEN,00-0039648,D.Martin-Robinson,TE,JAX,23.4,Fringe,0.0,False
2025,18,LA,00-0033110,T.Higbee,TE,ARI,23.4,Fringe,1.0,True
2025,18,IND,00-0035021,A.Dulin,WR,HOU,23.3,Fringe,0.0,False
2025,18,ARI,00-0035876,A.Baccellia,WR,LA,23.3,Fringe,0.0,False
2025,18,ARI,00-0033119,J.Brissett,QB,LA,23.3,Fringe,0.0,False
2025,18,JAX,00-0039893,B.Thomas,WR,TEN,23.3,Fringe,0.0,False
2025,18,NE,00-0032392,A.Hooper,TE,MIA,23.3,Fringe,0.0,False
2025,18,BAL,00-0039064,Z.Flowers,WR,PIT,23.3,Fringe,2.0,True
2025,18,MIN,00-0036322,J.Jefferson,WR,GB,23.3,Fringe,0.0,False
2025,18,JAX,00-0036626,D.Brown,WR,TEN,23.2,Fringe,0.0,False
2025,18,BUF,00-0037261,K.Shakir,WR,NYJ,23.2,Fringe,0.0,False
2025,18,MIA,00-0040198,O.Gordon,RB,NE,23.2,Fringe,0.0,False
2025,18,TEN,00-0037809,C.Okonkwo,TE,JAX,23.1,Fringe,0.0,False
2025,18,NYJ,00-0040398,B.Cook,QB,BUF,23.1,Fringe,0.0,False
2025,18,KC,00-0038519,N.Remigio,WR,LV,23.1,Fringe,0.0,False
2025,18,HOU,00-0034383,D.Schultz,TE,IND,23.1,Fringe,0.0,False
2025,18,NE,00-0038608,K.Boutte,WR,MIA,23.1,Fringe,0.0,False
2025,18,CLE,00-0037015,S.Cannella,TE,CIN,23.0,Fringe,0.0,False
2025,18,CHI,00-0036331,D.Duvernay,WR,DET,23.0,Fringe,0.0,False
2025,18,DET,00-0033106,J.Goff,QB,CHI,23.0,Fringe,0.0,False
2025,18,NE,00-0036328,A.Gibson,RB,MIA,23.0,Fringe,0.0,False
2025,18,PHI,00-0037741,J.Dotson,WR,WAS,22.9,Fringe,0.0,False
2025,18,PIT,00-0030035,A.Thielen,WR,BAL,22.9,Fringe,0.0,False
2025,18,SEA,00-0037545,R.Shaheed,WR,SF,22.9,Fringe,0.0,False
2025,18,GB,00-0040667,M.Golden,WR,MIN,22.9,Fringe,0.0,False
2025,18,SEA,00-0038752,J.Bobo,WR,SF,22.8,Fringe,0.0,False
2025,18,NE,00-0039757,T.Jennings,RB,MIA,22.7,Fringe,0.0,False
2025,18,LA,00-0039738,B.Corum,RB,ARI,22.7,Fringe,0.0,False
2025,18,IND,00-0040206,R.Leonard,QB,HOU,22.7,Fringe,1.0,True
2025,18,NYJ,00-0038120,B.Hall,RB,BUF,22.7,Fringe,0.0,False
2025,18,IND,00-0040128,T.Warren,TE,HOU,22.7,Fringe,0.0,False
2025,18,TEN,00-0040705,C.Dike,WR,JAX,22.7,Fringe,0.0,False
2025,18,ARI,00-0034487,T.Sherfield,WR,LA,22.7,Fringe,0.0,False
2025,18,DAL,00-0040586,J.Blue,RB,NYG,22.7,Fringe,1.0,True
2025,18,GB,00-0037091,B.Melton,WR,MIN,22.6,Fringe,0.0,False
2025,18,NYJ,00-0036906,K.Herbert,RB,BUF,22.6,Fringe,0.0,False
2025,18,HOU,00-0036554,N.Collins,WR,IND,22.6,Fringe,0.0,False
2025,18,JAX,00-0037004,H.Long,TE,TEN,22.6,Fringe,0.0,False
2025,18,BAL,00-0037838,I.Likely,TE,PIT,22.6,Fringe,0.0,False
2025,18,BUF,00-0036196,G.Davis,WR,NYJ,22.5,Fringe,1.0,True
2025,18,CIN,00-0034829,M.Gesicki,TE,CLE,22.5,Fringe,0.0,False
2025,18,CIN,00-0034613,T.Hudson,TE,CLE,22.5,Fringe,0.0,False
2025,18,LA,00-0036849,T.Atwell,WR,ARI,22.5,Fringe,0.0,False
2025,18,BAL,00-0038046,C.Kolar,TE,PIT,22.5,Fringe,0.0,False
2025,18,KC,00-0038104,T.Thornton,WR,LV,22.5,Fringe,0.0,False
2025,18,LA,00-0039074,D.Allen,TE,ARI,22.4,Fringe,0.0,False
2025,18,MIA,00-0034418,C.Wilson,WR,NE,22.3,Fringe,0.0,False
2025,18,LAC,00-0034270,T.Conklin,TE,DEN,22.3,Fringe,0.0,False
2025,18,CLE,00-0026158,J.Flacco,QB,CIN,22.3,Fringe,0.0,False
2025,18,PHI,00-0040024,D.Cooper,WR,WAS,22.3,Fringe,0.0,False
2025,18,DAL,00-0038041,J.Ferguson,TE,NYG,22.2,Fringe,0.0,False
2025,18,ARI,00-0038640,J.Brooks,WR,LA,22.2,Fringe,0.0,False
2025,18,LV,00-0034365,I.Thomas,TE,KC,22.2,Fringe,0.0,False
2025,18,BAL,00-0034796,L.Jackson,QB,PIT,22.1,Fringe,0.0,False
2025,18,CIN,00-0038839,M.Tinsley,WR,CLE,22.1,Fringe,0.0,False
2025,18,DET,00-0038896,J.Saylors,RB,CHI,22.1,Fringe,0.0,False
2025,18,LA,00-0038359,X.Smith,WR,ARI,22.1,Fringe,0.0,False
2025,18,HOU,00-0039359,C.Stover,TE,IND,22.1,Fringe,0.0,False
2025,18,SEA,00-0039793,A.Barner,TE,SF,22.1,Fringe,0.0,False
2025,18,LAC,00-0034159,W.Dissly,TE,DEN,22.1,Fringe,0.0,False
2025,18,HOU,00-0040138,J.Noel,WR,IND,22.0,Fringe,0.0,False
2025,18,DAL,00-0039062,J.Mingo,WR,NYG,22.0,Fringe,0.0,False
2025,18,CHI,00-0039918,C.Williams,QB,DET,22.0,Fringe,0.0,False
2025,18,WAS,00-0039355,L.McCaffrey,WR,PHI,22.0,Fringe,0.0,False
2025,18,PIT,00-0039739,R.Wilson,WR,BAL,22.0,Fringe,0.0,False
2025,18,MIN,00-0037525,J.Mason,RB,GB,21.9,Fringe,0.0,False
2025,18,TB,00-0033921,C.Godwin,WR,CAR,21.9,Fringe,0.0,False
2025,18,MIA,00-0036212,T.Tagovailoa,QB,NE,21.9,Fringe,0.0,False
2025,18,MIA,00-0036620,D.Eskridge,WR,NE,21.9,Fringe,0.0,False
2025,18,NYG,00-0031484,C.Manhertz,TE,DAL,21.8,Fringe,0.0,False
2025,18,WAS,00-0035719,D.Samuel,WR,PHI,21.8,Fringe,0.0,False
2025,18,CLE,00-0038710,B.Whiteheart,TE,CIN,21.8,Fringe,0.0,False
2025,18,CHI,00-0036290,C.Kmet,TE,DET,21.8,Fringe,0.0,False
2025,18,NO,00-0037340,Z.Mitchell-Paden,TE,ATL,21.8,Fringe,0.0,False
2025,18,PHI,00-0038496,X.Gipson,WR,WAS,21.8,Fringe,0.0,False
2025,18,DEN,00-0034348,C.Sutton,WR,LAC,21.8,Fringe,0.0,False
2025,18,SF,00-0036259,J.Jennings,WR,SEA,21.7,Fringe,0.0,False
2025,18,CIN,00-0036900,J.Chase,WR,CLE,21.7,Fringe,1.0,True
2025,18,NE,00-0031588,S.Diggs,WR,MIA,21.7,Fringe,0.0,False
2025,18,TB,00-0031408,M.Evans,WR,CAR,21.7,Fringe,0.0,False
2025,18,HOU,00-0034419,B.Berrios,WR,IND,21.7,Fringe,0.0,False
2025,18,NO,00-0036040,J.Johnson,TE,ATL,21.7,Fringe,0.0,False
2025,18,BUF,00-0039901,K.Coleman,WR,NYJ,21.6,Fringe,0.0,False
2025,18,SEA,00-0037745,V.Jones,WR,SF,21.6,Fringe,0.0,False
2025,18,NYJ,00-0037614,J.Metchie,WR,BUF,21.6,Fringe,0.0,False
2025,18,WAS,00-0040317,Ja.Jones,WR,PHI,21.5,Fringe,0.0,False
2025,18,WAS,00-0035659,T.McLaurin,WR,PHI,21.5,Fringe,0.0,False
2025,18,TB,00-0040129,E.Egbuka,WR,CAR,21.5,Fringe,0.0,False
2025,18,NO,00-0039376,S.Rattler,QB,ATL,21.5,Fringe,0.0,False
2025,18,PHI,00-0037086,G.Calcaterra,TE,WAS,21.5,Fringe,1.0,True
2025,18,NO,00-0038551,K.Miller,RB,ATL,21.4,Fringe,0.0,False
2025,18,CAR,00-0039356,J.Sanders,TE,TB,21.4,Fringe,0.0,False
2025,18,ARI,00-0033439,P.Brown,TE,LA,21.4,Fringe,0.0,False
2025,18,NYJ,00-0037740,G.Wilson,WR,BUF,21.4,Fringe,0.0,False
2025,18,WAS,00-0033955,J.McNichols,RB,PHI,21.4,Fringe,0.0,False
2025,18,CAR,00-0040124,T.McMillan,WR,TB,21.4,Fringe,0.0,False
2025,18,DET,00-0038911,M.Cunningham,WR,CHI,21.3,Fringe,0.0,False
2025,18,KC,00-0038492,J.Brownlee,WR,LV,21.3,Fringe,0.0,False
2025,18,TEN,00-0040170,E.Ayomanor,WR,JAX,21.3,Fringe,0.0,False
2025,18,BUF,00-0035537,Ty.Johnson,RB,NYJ,21.3,Fringe,2.0,True
2025,18,TB,00-0039855,J.McMillan,WR,CAR,21.3,Fringe,0.0,False
2025,18,PIT,00-0036894,P.Freiermuth,TE,BAL,21.3,Fringe,0.0,False
2025,18,KC,00-0035662,M.Brown,WR,LV,21.3,Fringe,0.0,False
2025,18,HOU,00-0039458,B.Bates,TE,IND,21.2,Fringe,0.0,False
2025,18,DET,00-0039364,S.Vaki,RB,CHI,21.2,Fringe,0.0,False
2025,18,MIA,00-0040234,Q.Ewers,QB,NE,21.2,Fringe,0.0,False
2025,18,CAR,00-0039342,X.Legette,WR,TB,21.2,Fringe,0.0,False
2025,18,NO,00-0033357,T.Hill,TE,ATL,21.1,Fade,0.0,False
2025,18,KC,00-0030506,T.Kelce,TE,LV,21.1,Fade,0.0,False
2025,18,PIT,00-0038558,D.Washington,TE,BAL,21.1,Fade,0.0,False
2025,18,TEN,00-0037594,J.Chestnut,RB,JAX,21.0,Fade,0.0,False
2025,18,PIT,00-0037837,C.Austin,WR,BAL,21.0,Fade,1.0,True
2025,18,ATL,00-0037238,D.London,WR,NO,21.0,Fade,1.0,True
2025,18,MIN,00-0037291,J.Nailor,WR,GB,21.0,Fade,0.0,False
2025,18,CAR,00-0040187,M.Evans,TE,TB,21.0,Fade,0.0,False
2025,18,CIN,00-0035644,N.Fant,TE,CLE,20.9,Fade,0.0,False
2025,18,NO,00-0031236,B.Cooks,WR,ATL,20.9,Fade,0.0,False
2025,18,DET,00-0035956,G.Ricci,TE,CHI,20.9,Fade,0.0,False
2025,18,GB,00-0038797,E.Wilson,RB,MIN,20.9,Fade,0.0,False
2025,18,DET,00-0033455,A.Firkser,TE,CHI,20.8,Fade,0.0,False
2025,18,DEN,00-0040730,R.Harvey,RB,LAC,20.8,Fade,0.0,False
2025,18,JAX,00-0036841,A.Trammell,WR,TEN,20.7,Fade,0.0,False
2025,18,JAX,00-0036971,T.Lawrence,QB,TEN,20.7,Fade,0.0,False
2025,18,NE,00-0038621,D.Douglas,WR,MIA,20.7,Fade,0.0,False
2025,18,BUF,00-0036988,J.Palmer,WR,NYJ,20.6,Fade,0.0,False
2025,18,CIN,00-0035631,D.Sample,TE,CLE,20.5,Fade,0.0,False
2025,18,BUF,00-0038679,T.Shavers,WR,NYJ,20.5,Fade,0.0,False
2025,18,CAR,00-0039491,J.Coker,WR,TB,20.5,Fade,1.0,True
2025,18,TEN,00-0034837,C.Ridley,WR,JAX,20.5,Fade,0.0,False
2025,18,PIT,00-0035298,S.Miller,WR,BAL,20.4,Fade,0.0,False
2025,18,DET,00-0034577,K.Allen,QB,CHI,20.4,Fade,0.0,False
2025,18,IND,00-0037664,A.Pierce,WR,HOU,20.4,Fade,2.0,True
2025,18,BAL,00-0034975,J.Hill,RB,PIT,20.4,Fade,0.0,False
2025,18,TB,00-0040237,T.Johnson,WR,CAR,20.3,Fade,0.0,False
2025,18,TB,00-0032385,S.Shepard,WR,CAR,20.3,Fade,0.0,False
2025,18,MIN,00-0039923,J.McCarthy,QB,GB,20.3,Fade,0.0,False
2025,18,KC,00-0033857,J.Smith-Schuster,WR,LV,20.2,Fade,0.0,False
2025,18,LAC,00-0030279,K.Allen,WR,DEN,20.1,Fade,0.0,False
2025,18,NO,00-0038397,E.Hull,RB,ATL,20.1,Fade,0.0,False
2025,18,DAL,00-0033077,D.Prescott,QB,NYG,20.1,Fade,0.0,False
2025,18,BAL,00-0037340,Z.Mitchell-Paden,TE,PIT,20.0,Fade,0.0,False
2025,18,SF,00-0036972,M.Jones,QB,SEA,20.0,Fade,0.0,False
2025,18,BUF,00-0033282,C.Samuel,WR,NYJ,20.0,Fade,0.0,False
2025,18,CAR,00-0037005,T.Tremble,TE,TB,20.0,Fade,1.0,True
2025,18,ARI,00-0039041,E.Higgins,TE,LA,20.0,Fade,0.0,False
2025,18,MIA,00-0039884,T.Washington,WR,NE,20.0,Fade,0.0,False
2025,18,LAC,00-0039915,L.McConkey,WR,DEN,20.0,Fade,0.0,False
2025,18,IND,00-0038997,J.Downs,WR,HOU,20.0,Fade,0.0,False
2025,18,TB,00-0039050,P.Durham,TE,CAR,20.0,Fade,0.0,False
2025,18,JAX,00-0036590,Q.Morris,TE,TEN,20.0,Fade,1.0,True
2025,18,BAL,00-0035993,T.Huntley,QB,PIT,19.9,Fade,0.0,False
2025,18,TEN,00-0036176,M.Kinsey,WR,JAX,19.9,Fade,0.0,False
2025,18,LAC,00-0036755,J.Patterson,RB,DEN,19.9,Fade,0.0,False
2025,18,DEN,00-0039868,T.Franklin,WR,LAC,19.9,Fade,0.0,False
2025,18,CAR,00-0037282,J.Mitchell,TE,TB,19.9,Fade,0.0,False
2025,18,MIA,00-0036182,N.Westbrook-Ikhine,WR,NE,19.8,Fade,0.0,False
2025,18,LV,00-0034960,J.Meyers,WR,KC,19.7,Fade,0.0,False
2025,18,TEN,00-0040522,X.Restrepo,WR,JAX,19.7,Fade,0.0,False
2025,18,IND,00-0036252,M.Pittman,WR,HOU,19.7,Fade,0.0,False
2025,18,CHI,00-0039021,R.Johnson,RB,DET,19.7,Fade,0.0,False
2025,18,JAX,00-0038555,T.Bigsby,RB,TEN,19.7,Fade,1.0,True
2025,18,DET,00-0035567,C.Reynolds,RB,CHI,19.6,Fade,0.0,False
2025,18,BUF,00-0031236,B.Cooks,WR,NYJ,19.6,Fade,0.0,False
2025,18,NYJ,00-0034521,A.Lazard,WR,BUF,19.6,Fade,0.0,False
2025,18,PIT,00-0033858,J.Smith,TE,BAL,19.6,Fade,0.0,False
2025,18,ATL,00-0038953,D.Drummond,WR,NO,19.5,Fade,0.0,False
2025,18,CIN,00-0033526,S.Perine,RB,CLE,19.5,Fade,0.0,False
2025,18,DET,00-0036534,S.Zylstra,TE,CHI,19.5,Fade,0.0,False
2025,18,LAC,00-0037654,T.Fisk,TE,DEN,19.5,Fade,0.0,False
2025,18,GB,00-0036264,J.Love,QB,MIN,19.4,Fade,0.0,False
2025,18,ATL,00-0036970,K.Pitts,TE,NO,19.4,Fade,0.0,False
2025,18,LV,00-0038563,T.Tucker,WR,KC,19.4,Fade,0.0,False
2025,18,CAR,00-0040218,Ji.Horn,WR,TB,19.4,Fade,0.0,False
2025,18,DAL,00-0039398,J.Milton,QB,NYG,19.3,Fade,0.0,False
2025,18,IND,00-0037292,A.Ogletree,TE,HOU,19.3,Fade,0.0,False
2025,18,WAS,00-0030061,Z.Ertz,TE,PHI,19.3,Fade,0.0,False
2025,18,WAS,00-0033591,N.Brown,WR,PHI,19.2,Fade,0.0,False
2025,18,MIA,00-0037013,Z.Wilson,QB,NE,19.1,Fade,0.0,False
2025,18,NYG,00-0038938,J.Hyatt,WR,DAL,19.1,Fade,0.0,False
2025,18,PHI,00-0037614,J.Metchie,WR,WAS,19.1,Fade,0.0,False
2025,18,TB,00-0038824,R.Miller,WR,CAR,19.1,Fade,0.0,False
2025,18,LA,00-0037557,R.Rivers,RB,ARI,19.0,Fade,0.0,False
2025,18,PHI,00-0036876,K.Granson,TE,WAS,18.9,Fade,0.0,False
2025,18,LV,00-0040488,C.Runyon,TE,KC,18.9,Fade,0.0,False
2025,18,IND,00-0022942,P.Rivers,QB,HOU,18.8,Fade,0.0,False
2025,18,ATL,00-0035359,D.Sills,WR,NO,18.7,Fade,0.0,False
2025,18,WAS,00-0026300,J.Johnson,QB,PHI,18.7,Fade,1.0,True
2025,18,JAX,00-0033246,J.Mundt,TE,TEN,18.7,Fade,0.0,False
2025,18,NE,00-0033555,M.Hollins,WR,MIA,18.7,Fade,0.0,False
2025,18,CAR,00-0038840,B.Tremayne,WR,TB,18.6,Fade,0.0,False
2025,18,CHI,00-0037329,B.Brown,RB,DET,18.6,Fade,0.0,False
2025,18,DET,00-0036754,B.Wright,TE,CHI,18.5,Fade,0.0,False
2025,18,NO,00-0033906,A.Kamara,RB,ATL,18.5,Fade,0.0,False
2025,18,SEA,00-0040739,E.Arroyo,TE,SF,18.5,Fade,0.0,False
2025,18,LV,00-0040729,J.Bech,WR,KC,18.5,Fade,0.0,False
2025,18,KC,00-0033873,P.Mahomes,QB,LV,18.4,Fade,0.0,False
2025,18,BAL,00-0039796,R.Ali,RB,PIT,18.3,Fade,0.0,False
2025,18,LV,00-0038891,S.Jackson,WR,KC,18.3,Fade,0.0,False
2025,18,PIT,00-0040142,K.Johnson,RB,BAL,18.3,Fade,0.0,False
2025,18,LA,00-0040590,K.Mumpfield,WR,ARI,18.2,Fade,0.0,False
2025,18,SEA,00-0033576,E.Saubert,TE,SF,18.2,Fade,0.0,False
2025,18,NE,00-0040131,K.Williams,WR,MIA,18.2,Fade,0.0,False
2025,18,MIN,00-0032950,C.Wentz,QB,GB,18.1,Fade,0.0,False
2025,18,ARI,00-0035628,D.Johnson,RB,LA,18.1,Fade,0.0,False
2025,18,BAL,00-0030564,D.Hopkins,WR,PIT,18.1,Fade,0.0,False
2025,18,HOU,00-0034775,C.Kirk,WR,IND,18.0,Fade,0.0,False
2025,18,GB,00-0037306,J.FitzPatrick,TE,MIN,18.0,Fade,0.0,False
2025,18,CHI,00-0034798,D.Smythe,TE,DET,18.0,Fade,0.0,False
2025,18,CAR,00-0034983,H.Renfrow,WR,TB,17.9,Fade,0.0,False
2025,18,NYJ,00-0039451,I.Williams,WR,BUF,17.9,Fade,0.0,False
2025,18,SF,00-0037746,B.Robinson,RB,SEA,17.9,Fade,0.0,False
2025,18,BAL,00-0036630,T.Wallace,WR,PIT,17.9,Fade,0.0,False
2025,18,PHI,00-0039746,W.Shipley,RB,WAS,17.8,Fade,0.0,False
2025,18,JAX,00-0036425,D.Dallas,RB,TEN,17.8,Fade,0.0,False
2025,18,NO,00-0037239,C.Olave,WR,ATL,17.8,Fade,0.0,False
2025,18,HOU,00-0040130,J.Higgins,WR,IND,17.8,Fade,1.0,True
2025,18,GB,00-0038589,J.Whyle,TE,MIN,17.7,Fade,0.0,False
2025,18,NYJ,00-0033943,J.Reynolds,WR,BUF,17.7,Fade,0.0,False
2025,18,JAX,00-0040238,L.Allen,RB,TEN,17.7,Fade,0.0,False
2025,18,BUF,00-0039875,R.Davis,RB,NYJ,17.6,Fade,1.0,True
2025,18,LAC,00-0040184,K.Lambert-Smith,WR,DEN,17.6,Fade,0.0,False
2025,18,GB,00-0039144,L.Musgrave,TE,MIN,17.6,Fade,0.0,False
2025,18,LAC,00-0040727,T.Harris,WR,DEN,17.6,Fade,0.0,False
2025,18,DEN,00-0040134,P.Bryant,WR,LAC,17.6,Fade,0.0,False
2025,18,SF,00-0033307,K.Bourne,WR,SEA,17.6,Fade,0.0,False
2025,18,DEN,00-0033881,E.Engram,TE,LAC,17.5,Fade,0.0,False
2025,18,IND,00-0033217,M.Alie-Cox,TE,HOU,17.5,Fade,0.0,False
2025,18,SF,00-0038643,B.Willis,TE,SEA,17.5,Fade,0.0,False
2025,18,HOU,00-0037258,D.Pierce,RB,IND,17.5,Fade,0.0,False
2025,18,BUF,00-0036980,E.Moore,WR,NYJ,17.5,Fade,0.0,False
2025,18,SF,00-0038658,A.Martinez,QB,SEA,17.5,Fade,0.0,False
2025,18,NYJ,00-0037805,J.Ruckert,TE,BUF,17.5,Fade,0.0,False
2025,18,BUF,00-0038933,D.Kincaid,TE,NYJ,17.5,Fade,0.0,False
2025,18,NE,00-0035628,D.Johnson,RB,MIA,17.4,Fade,0.0,False
2025,18,BUF,00-0035689,D.Knox,TE,NYJ,17.4,Fade,1.0,True
2025,18,WAS,00-0037524,T.Martin,WR,PHI,17.4,Fade,0.0,False
2025,18,HOU,00-0038618,X.Hutchinson,WR,IND,17.4,Fade,0.0,False
2025,18,NO,00-0034981,F.Moreau,TE,ATL,17.4,Fade,0.0,False
2025,18,TB,00-0040429,J.Williams,RB,CAR,17.2,Fade,0.0,False
2025,18,TB,00-0039589,K.Johnson,WR,CAR,17.2,Fade,0.0,False
2025,18,ARI,00-0034928,S.Sims,WR,LA,17.2,Fade,0.0,False
2025,18,LV,00-0032211,T.Lockett,WR,KC,17.2,Fade,0.0,False
2025,18,WAS,00-0032398,C.Moore,WR,PHI,17.2,Fade,0.0,False
2025,18,DEN,00-0039732,B.Nix,QB,LAC,17.2,Fade,0.0,False
2025,18,SF,00-0038090,S.Moore,WR,SEA,17.1,Fade,0.0,False
2025,18,NO,00-0036741,J.Stoll,TE,ATL,17.1,Fade,0.0,False
2025,18,LA,00-0039751,J.Whittington,WR,ARI,17.0,Fade,0.0,False
2025,18,SEA,00-0040067,J.Wright,RB,SF,17.0,Fade,0.0,False
2025,18,DEN,00-0038783,N.Adkins,TE,LAC,17.0,Fade,0.0,False
2025,18,HOU,00-0038728,J.Wayne,WR,IND,16.9,Fade,0.0,False
2025,18,PHI,00-0038400,T.McKee,QB,WAS,16.9,Fade,0.0,False
2025,18,TB,00-0038458,O.Wright,RB,CAR,16.8,Fade,0.0,False
2025,18,SF,00-0032775,D.Robinson,WR,SEA,16.8,Fade,0.0,False
2025,18,DEN,00-0036422,A.Trautman,TE,LAC,16.8,Fade,0.0,False
2025,18,WAS,00-0039910,J.Daniels,QB,PHI,16.8,Fade,0.0,False
2025,18,LAC,00-0036893,N.Harris,RB,DEN,16.7,Fade,0.0,False
2025,18,DEN,00-0036959,M.Bandy,WR,LAC,16.7,Fade,0.0,False
2025,18,ATL,00-0037487,D.Thompkins,WR,NO,16.6,Fade,0.0,False
2025,18,TB,00-0034855,B.Mayfield,QB,CAR,16.6,Fade,0.0,False
2025,18,WAS,00-0037742,T.Burks,WR,PHI,16.6,Fade,0.0,False
2025,18,BAL,00-0036550,R.Bateman,WR,PIT,16.5,Fade,0.0,False
2025,18,IND,00-0039890,A.Mitchell,WR,HOU,16.5,Fade,0.0,False
2025,18,CAR,00-0027973,A.Dalton,QB,TB,16.5,Fade,0.0,False
2025,18,IND,00-0040179,D.Giddens,RB,HOU,16.4,Fade,0.0,False
2025,18,CIN,00-0038619,A.Iosivas,WR,CLE,16.4,Fade,0.0,False
2025,18,SEA,00-0040058,N.Kallerup,TE,SF,16.4,Fade,0.0,False
2025,18,NO,00-0040244,M.Matavao,TE,ATL,16.3,Fade,0.0,False
2025,18,BUF,00-0040194,J.Hawes,TE,NYJ,16.3,Fade,0.0,False
2025,18,SF,00-0039916,R.Pearsall,WR,SEA,16.3,Fade,0.0,False
2025,18,PHI,00-0034351,D.Goedert,TE,WAS,16.2,Fade,0.0,False
2025,18,DAL,00-0039530,B.Spann-Ford,TE,NYG,16.2,Fade,0.0,False
2025,18,MIN,00-0040154,T.Felton,WR,GB,16.2,Fade,0.0,False
2025,18,KC,00-0040078,B.Smith,RB,LV,16.2,Fade,0.0,False
2025,18,LV,00-0031687,R.Mostert,RB,KC,16.1,Fade,0.0,False
2025,18,ATL,00-0036309,D.Mooney,WR,NO,16.1,Fade,0.0,False
2025,18,ATL,00-0036429,C.Woerner,TE,NO,16.1,Fade,0.0,False
2025,18,TEN,00-0040205,K.Mullings,RB,JAX,16.0,Fade,0.0,False
2025,18,IND,00-0032104,A.Abdullah,RB,HOU,15.9,Fade,0.0,False
2025,18,KC,00-0036637,N.Gray,TE,LV,15.9,Fade,0.0,False
2025,18,TEN,00-0036133,J.Proche,WR,JAX,15.9,Fade,0.0,False
2025,18,SF,00-0040172,J.Watkins,WR,SEA,15.8,Fade,0.0,False
2025,18,SEA,00-0035311,M.Gaskin,RB,SF,15.8,Fade,0.0,False
2025,18,BUF,00-0036187,R.Gilliam,RB,NYJ,15.8,Fade,0.0,False
2025,18,SEA,00-0034869,S.Darnold,QB,SF,15.8,Fade,0.0,False
2025,18,ARI,00-0039737,T.Reiman,TE,LA,15.8,Fade,0.0,False
2025,18,WAS,00-0039912,B.Sinnott,TE,PHI,15.8,Fade,0.0,False
2025,18,ATL,00-0039394,Cas.Washington,WR,NO,15.7,Fade,0.0,False
2025,18,ATL,00-0039917,M.Penix,QB,NO,15.7,Fade,0.0,False
2025,18,CAR,00-0033589,D.Moore,WR,TB,15.7,Fade,0.0,False
2025,18,CIN,00-0035100,J.Browning,QB,CLE,15.6,Fade,0.0,False
2025,18,GB,00-0038685,C.Brooks,RB,MIN,15.6,Fade,0.0,False
2025,18,HOU,00-0039163,C.Stroud,QB,IND,15.5,Fade,1.0,True
2025,18,WAS,00-0040164,J.Lane,WR,PHI,15.5,Fade,0.0,False
2025,18,ATL,00-0034407,R.McCloud,WR,NO,15.4,Fade,0.0,False
2025,18,DAL,00-0038547,L.Schoonmaker,TE,NYG,15.4,Fade,0.0,False
2025,18,TEN,00-0039650,B.Oliver,WR,JAX,15.4,Fade,0.0,False
2025,18,GB,00-0038582,C.Tune,QB,MIN,15.3,Fade,0.0,False
2025,18,CLE,00-0040663,H.Fannin,TE,CIN,15.3,Fade,0.0,False
2025,18,NYJ,00-0037475,S.Smartt,TE,BUF,15.3,Fade,0.0,False
2025,18,HOU,00-0039603,B.Brooks,RB,IND,15.3,Fade,0.0,False
2025,18,NYJ,00-0040582,A.Smith,WR,BUF,15.3,Fade,0.0,False
2025,18,ATL,00-0040547,N.Carter,RB,NO,15.1,Fade,0.0,False
2025,18,HOU,00-0036232,H.Bryant,TE,IND,15.0,Fade,0.0,False
2025,18,HOU,00-0034791,N.Chubb,RB,IND,15.0,Fade,0.0,False
2025,18,LV,00-0040581,D.Thornton,WR,KC,15.0,Fade,0.0,False
2025,18,LAC,00-0037012,T.Lance,QB,DEN,14.9,Fade,0.0,False
2025,18,ARI,00-0036332,J.Deguara,TE,LA,14.9,Fade,1.0,True
2025,18,MIN,00-0035249,J.Oliver,TE,GB,14.9,Fade,0.0,False
2025,18,KC,00-0037324,C.Oladokun,QB,LV,14.8,Fade,0.0,False
2025,18,IND,00-0037120,T.Goodson,RB,HOU,14.7,Fade,0.0,False
2025,18,SEA,00-0038488,B.Russell,RB,SF,14.6,Fade,0.0,False
2025,18,MIN,00-0030035,A.Thielen,WR,GB,14.5,Fade,0.0,False
2025,18,TEN,00-0032211,T.Lockett,WR,JAX,14.5,Fade,0.0,False
2025,18,CHI,00-0038416,T.Bagent,QB,DET,14.5,Fade,0.0,False
2025,18,NE,00-0033949,J.Dobbs,QB,MIA,14.3,Fade,0.0,False
2025,18,CIN,00-0039631,C.Grandy,TE,CLE,14.3,Fade,0.0,False
2025,18,KC,00-0039824,J.Wiley,TE,LV,14.3,Fade,0.0,False
2025,18,LAC,00-0037617,H.Haskins,RB,DEN,14.2,Fade,0.0,False
2025,18,LV,00-0038040,Z.White,RB,KC,14.2,Fade,0.0,False
2025,18,HOU,00-0033854,D.Ogunbowale,RB,IND,14.2,Fade,0.0,False
2025,18,LV,00-0039407,D.Laube,RB,KC,14.0,Fade,0.0,False
2025,18,IND,00-0038394,W.Mallory,TE,HOU,13.9,Fade,0.0,False
2025,18,MIN,00-0035229,T.Hockenson,TE,GB,13.9,Fade,0.0,False
2025,18,NYG,00-0039847,T.Johnson,TE,DAL,13.9,Fade,0.0,False
2025,18,WAS,00-0032688,R.Chosen,WR,PHI,13.9,Fade,0.0,False
2025,18,PIT,00-0034771,M.Rudolph,QB,BAL,13.8,Fade,0.0,False
2025,18,MIN,00-0040494,M.Brosmer,QB,GB,13.7,Fade,0.0,False
2025,18,ATL,00-0034854,K.Hodge,WR,NO,13.6,Fade,0.0,False
2025,18,LV,00-0035602,A.Bachman,WR,KC,13.5,Fade,0.0,False
2025,18,PIT,00-0023459,A.Rodgers,QB,BAL,13.5,Fade,0.0,False
2025,18,SF,00-0034272,M.Valdes-Scantling,WR,SEA,13.5,Fade,0.0,False
2025,18,BUF,00-0035140,M.Hardman,WR,NYJ,13.5,Fade,0.0,False
2025,18,WAS,00-0036628,J.Bates,TE,PHI,13.4,Fade,1.0,True
2025,18,LA,00-0040737,T.Ferguson,TE,ARI,13.4,Fade,0.0,False
2025,18,CHI,00-0035594,T.Homer,RB,DET,13.4,Fade,0.0,False
2025,18,DEN,00-0037539,L.Krull,TE,LAC,13.4,Fade,0.0,False
2025,18,ATL,00-0036825,F.Franks,TE,NO,13.4,Fade,0.0,False
2025,18,DEN,00-0038794,J.McLaughlin,RB,LAC,13.3,Fade,0.0,False
2025,18,LAC,00-0040039,A.Johnson,RB,DEN,13.2,Fade,0.0,False
2025,18,HOU,00-0039405,J.Jordan,RB,IND,13.1,Fade,0.0,False
2025,18,ATL,00-0029604,K.Cousins,QB,NO,13.1,Fade,0.0,False
2025,18,NYG,00-0038117,W.Robinson,WR,DAL,13.1,Fade,0.0,False
2025,18,CIN,00-0040208,T.Brooks,RB,CLE,13.0,Fade,0.0,False
2025,18,DEN,00-0034487,T.Sherfield,WR,LAC,13.0,Fade,0.0,False
2025,18,DEN,00-0035406,L.Humphrey,WR,LAC,12.9,Fade,0.0,False
2025,18,SEA,00-0040673,J.Milroe,QB,SF,12.9,Fade,0.0,False
2025,18,IND,00-0039816,A.Gould,WR,HOU,12.8,Fade,0.0,False
2025,18,LAC,00-0038573,D.Davis,WR,DEN,12.8,Fade,0.0,False
2025,18,BAL,00-0033376,P.Ricard,RB,PIT,12.7,Fade,0.0,False
2025,18,CLE,00-0033885,D.Njoku,TE,CIN,12.7,Fade,0.0,False
2025,18,KC,00-0033757,R.Tonyan,TE,LV,12.5,Fade,0.0,False
2025,18,WAS,00-0039686,C.Yankoff,TE,PHI,12.5,Fade,0.0,False
2025,18,WAS,00-0032268,M.Mariota,QB,PHI,12.5,Fade,0.0,False
2025,18,GB,00-0038393,D.Wicks,WR,MIN,12.5,Fade,0.0,False
2025,18,CIN,00-0026158,J.Flacco,QB,CLE,12.4,Fade,0.0,False
2025,18,LV,00-0038102,K.Pickett,QB,KC,12.4,Fade,0.0,False
2025,18,BUF,00-0033869,M.Trubisky,QB,NYJ,12.4,Fade,0.0,False
2025,18,HOU,00-0036898,D.Mills,QB,IND,12.4,Fade,0.0,False
2025,18,TEN,00-0040584,G.Helm,TE,JAX,12.4,Fade,0.0,False
2025,18,NYJ,00-0039798,I.Davis,RB,BUF,12.3,Fade,0.0,False
2025,18,DEN,00-0037085,T.Badie,RB,LAC,12.3,Fade,0.0,False
2025,18,NE,00-0039305,J.Westover,TE,MIA,12.0,Fade,0.0,False
2025,18,DEN,00-0038976,M.Mims,WR,LAC,11.9,Fade,0.0,False
2025,18,CIN,00-0039266,K.Milton,RB,CLE,11.9,Fade,0.0,False
2025,18,IND,00-0040476,U.Bentley,RB,HOU,11.9,Fade,0.0,False
2025,18,SEA,00-0035704,D.Lock,QB,SF,11.6,Fade,0.0,False
2025,18,MIN,00-0038440,Z.Scott,RB,GB,11.6,Fade,0.0,False
2025,18,LAC,00-0035291,T.Williams,RB,DEN,11.5,Fade,0.0,False
2025,18,BAL,00-0033662,C.Rush,QB,PIT,11.4,Fade,0.0,False
2025,18,KC,00-0039894,X.Worthy,WR,LV,11.4,Fade,0.0,False
2025,18,DAL,00-0037563,M.Davis,RB,NYG,11.4,Fade,0.0,False
2025,18,CIN,00-0040534,K.Williams,WR,CLE,11.3,Fade,0.0,False
2025,18,LAC,00-0034367,N.Miller-Hines,RB,DEN,11.0,Fade,0.0,False
2025,18,IND,00-0040352,C.Owen,WR,HOU,11.0,Fade,0.0,False
2025,18,TEN,00-0036415,V.Jefferson,WR,JAX,11.0,Fade,0.0,False
2025,18,CIN,00-0036442,J.Burrow,QB,CLE,10.7,Fade,0.0,False
2025,18,TB,00-0031237,T.Bridgewater,QB,CAR,10.7,Fade,0.0,False
2025,18,BUF,00-0040363,K.Latu,TE,NYJ,10.6,Fade,0.0,False
2025,18,SF,00-0034867,M.Turner,WR,SEA,10.6,Fade,0.0,False
2025,18,JAX,00-0033319,N.Mullens,QB,TEN,10.4,Fade,0.0,False
2025,18,LV,00-0030565,G.Smith,QB,KC,10.3,Fade,0.0,False
2025,18,NYJ,00-0040736,M.Taylor,TE,BUF,10.2,Fade,0.0,False
2025,18,LA,00-0026498,M.Stafford,QB,ARI,9.9,Fade,0.0,False
2025,18,MIN,00-0038809,B.Sims,TE,GB,9.8,Fade,0.0,False
2025,18,KC,00-0036360,C.Edwards-Helaire,RB,LV,9.8,Fade,0.0,False
2025,18,NYJ,00-0037755,J.Woods,TE,BUF,9.3,Fade,0.0,False
2025,18,GB,00-0040009,S.Williams,WR,MIN,9.3,Fade,0.0,False
2025,18,MIN,00-0037276,T.Chandler,RB,GB,9.2,Fade,0.0,False
2025,18,MIN,00-0036414,C.Akers,RB,GB,9.0,Fade,0.0,False
2025,18,KC,00-0036567,E.Mitchell,RB,LV,8.5,Fade,0.0,False
2025,18,DEN,00-0035264,J.Stidham,QB,LAC,8.4,Fade,0.0,False
2025,18,KC,00-0035289,G.Minshew,QB,LV,8.0,Fade,0.0,False
2025,18,MIN,00-0040509,B.Yurosek,TE,GB,7.7,Fade,0.0,False
2025,18,LA,00-0031345,J.Garoppolo,QB,ARI,6.8,Fade,0.0,False
2025,18,IND,00-0039164,A.Richardson,QB,HOU,5.2,Fade,0.0,False
2025,18,CIN,00-0038576,C.Jones,WR,CLE,4.3,Fade,0.0,False
